close,epoch,high,low,open
1081.34,1769611500,1082.53,1079.77,1081.29
1085.21,1769611800,1086.93,1080.82,1081.78
1084.58,1769612100,1087.49,1083.71,1085.03
1084.29,1769612400,1086.5,1082.07,1084.84
1084.57,1769612700,1089.03,1084.57,1084.71
1079.09,1769613000,1085.08,1076.43,1084.91
1080.71,1769613300,1082.45,1079.12,1079.28
1079.51,1769613600,1083.01,1078.43,1080.58
1077.39,1769613900,1080.51,1077.05,1079.74
1077.57,1769614200,1078.74,1074.94,1077.5
1077.52,1769614500,1079.38,1076.33,1077.82
1081.28,1769614800,1081.68,1077.37,1077.97
1082.68,1769615100,1085.3,1077.77,1081.05
1087.76,1769615400,1087.76,1079.8,1082.78
1087.32,1769615700,1089.56,1085.82,1088.16
1086.55,1769616000,1091.1,1086.55,1087.78
1087.54,1769616300,1088.32,1083.94,1086.76
1087.53,1769616600,1089.2,1086.17,1087.69
1090.48,1769616900,1090.78,1085.28,1087.32
1088.97,1769617200,1092.14,1087.98,1090.18
1089.23,1769617500,1089.23,1084.02,1088.91
1085.03,1769617800,1090.35,1083.68,1088.72
1089.49,1769618100,1092.25,1084.52,1084.83
1088.33,1769618400,1090.31,1085.62,1089.59
1089.91,1769618700,1089.98,1086.29,1088.6
1092.6,1769619000,1093.36,1089.32,1089.65
1090.44,1769619300,1092.84,1090.0,1092.84
1090.08,1769619600,1092.02,1089.21,1090.64
1088.05,1769619900,1091.19,1087.97,1090.11
1089.74,1769620200,1090.11,1087.37,1088.26
1083.98,1769620500,1089.83,1083.49,1089.83
1075.72,1769620800,1083.79,1074.74,1083.39
1076.2,1769621100,1079.36,1074.8,1075.15
1076.16,1769621400,1076.86,1073.91,1076.6
1076.41,1769621700,1079.22,1074.83,1075.98
1073.1,1769622000,1076.98,1072.28,1076.46
1069.68,1769622300,1073.38,1069.51,1073.06
1069.89,1769622600,1071.39,1068.02,1070.15
1074.58,1769622900,1074.87,1068.21,1069.75
1080.67,1769623200,1081.61,1074.09,1074.57
1082.25,1769623500,1082.79,1077.39,1080.58
1083.16,1769623800,1086.3,1082.14,1082.27
1085.05,1769624100,1086.12,1081.36,1083.4
1084.37,1769624400,1085.98,1082.23,1084.9
1086.19,1769624700,1086.34,1083.6,1084.35
1090.46,1769625000,1091.26,1085.43,1086.25
1091.51,1769625300,1093.79,1090.28,1090.57
1086.86,1769625600,1091.73,1086.25,1091.73
1082.41,1769625900,1087.63,1081.98,1086.83
1082.26,1769626200,1085.19,1080.9,1082.21
1082.59,1769626500,1087.35,1081.84,1082.54
1084.87,1769626800,1084.87,1078.71,1082.7
1086.17,1769627100,1089.32,1084.65,1085.07
1087.28,1769627400,1087.68,1083.56,1085.75
1092.01,1769627700,1092.61,1086.62,1087.37
1090.32,1769628000,1092.1,1088.79,1092.1
1091.59,1769628300,1093.23,1087.57,1089.97
1089.14,1769628600,1094.43,1088.63,1091.66
1091.62,1769628900,1093.13,1086.65,1089.06
1091.56,1769629200,1093.44,1090.46,1091.46
1091.3,1769629500,1094.33,1085.62,1090.94
1091.17,1769629800,1093.31,1089.96,1091.06
1085.4,1769630100,1091.28,1084.26,1091.1
1085.28,1769630400,1087.15,1081.9,1085.13
1087.79,1769630700,1088.05,1083.66,1085.01
1084.32,1769631000,1088.45,1084.2,1087.61
1090.21,1769631300,1091.61,1084.16,1084.47
1091.82,1769631600,1091.82,1087.65,1089.79
1083.81,1769631900,1092.08,1083.45,1091.68
1087.99,1769632200,1088.94,1083.78,1083.78
1092.45,1769632500,1093.55,1087.3,1087.64
1092.88,1769632800,1093.25,1089.59,1092.91
1088.57,1769633100,1093.48,1088.14,1092.56
1088.95,1769633400,1091.45,1086.07,1089.06
1079.42,1769633700,1089.31,1079.19,1088.99
1075.18,1769634000,1079.83,1072.94,1079.04
1076.12,1769634300,1076.12,1072.23,1075.43
1079.17,1769634600,1079.52,1075.4,1076.26
1080.85,1769634900,1083.97,1077.96,1079.24
1079.57,1769635200,1080.78,1078.16,1080.59
1080.33,1769635500,1082.78,1078.98,1079.57
1075.41,1769635800,1079.77,1074.4,1079.77
1078.48,1769636100,1081.0,1074.99,1075.09
1078.66,1769636400,1079.32,1076.74,1078.2
1073.79,1769636700,1078.32,1073.25,1078.32
1074.65,1769637000,1076.29,1072.87,1073.8
1074.29,1769637300,1074.97,1071.79,1074.8
1078.22,1769637600,1078.72,1073.63,1074.21
1075.62,1769637900,1078.98,1074.66,1078.51
1081.0,1769638200,1081.98,1075.77,1075.81
1082.33,1769638500,1083.0,1080.63,1081.1
1078.5,1769638800,1083.67,1078.13,1081.77
1083.87,1769639100,1083.87,1078.34,1078.78
1086.38,1769639400,1087.96,1083.1,1084.07
1084.5,1769639700,1088.0,1083.74,1086.62
1089.79,1769640000,1089.79,1084.41,1084.69
1089.51,1769640300,1090.52,1087.18,1090.52
1088.91,1769640600,1090.91,1086.21,1089.7
1090.96,1769640900,1091.0,1088.21,1089.27
1092.24,1769641200,1093.13,1088.46,1090.69
1095.44,1769641500,1095.44,1091.47,1092.68
1092.54,1769641800,1096.41,1090.31,1095.83
1098.4,1769642100,1099.46,1091.87,1092.84
1096.33,1769642400,1101.08,1095.05,1098.07
1096.28,1769642700,1097.39,1094.68,1096.44
1093.63,1769643000,1097.14,1092.84,1096.18
1093.7,1769643300,1096.62,1090.92,1093.84
1093.64,1769643600,1096.85,1093.1,1093.25
1096.86,1769643900,1096.86,1092.61,1093.29
1094.31,1769644200,1096.71,1092.52,1096.71
1093.54,1769644500,1096.64,1089.92,1094.43
1090.95,1769644800,1095.88,1090.51,1093.66
1094.07,1769645100,1094.39,1090.84,1090.92
1095.43,1769645400,1095.43,1091.41,1093.97
1092.08,1769645700,1097.68,1092.08,1095.73
1094.46,1769646000,1094.56,1088.99,1092.42
1085.85,1769646300,1094.1,1085.11,1094.1
1088.9,1769646600,1089.05,1083.5,1086.35
1092.06,1769646900,1092.94,1088.65,1089.06
1092.95,1769647200,1095.51,1090.72,1091.61
1091.48,1769647500,1094.84,1091.03,1092.61
1089.65,1769647800,1091.97,1085.26,1091.67
1093.7,1769648100,1096.47,1089.03,1089.36
1090.24,1769648400,1094.0,1089.46,1094.0
1089.13,1769648700,1091.74,1087.75,1090.18
1090.34,1769649000,1093.44,1089.16,1089.47
1087.02,1769649300,1090.3,1086.07,1090.25
1090.19,1769649600,1090.39,1085.97,1086.84
1092.95,1769649900,1094.4,1088.94,1090.19
1094.91,1769650200,1095.33,1089.09,1092.84
1095.71,1769650500,1099.08,1093.55,1095.31
1098.16,1769650800,1098.29,1095.28,1095.83
1101.18,1769651100,1102.34,1098.22,1098.52
1094.71,1769651400,1100.86,1094.31,1100.86
1094.76,1769651700,1095.58,1093.07,1094.98
1092.26,1769652000,1097.21,1091.57,1094.48
1092.49,1769652300,1094.25,1091.51,1092.41
1088.39,1769652600,1094.56,1087.03,1092.4
1085.51,1769652900,1089.51,1084.82,1088.61
1084.88,1769653200,1087.16,1083.65,1085.61
1086.71,1769653500,1088.02,1083.46,1084.42
1084.61,1769653800,1087.66,1083.39,1085.86
1083.68,1769654100,1085.32,1083.04,1084.51
1081.6,1769654400,1084.73,1079.49,1083.53
1079.67,1769654700,1082.92,1079.67,1082.28
1074.22,1769655000,1080.89,1073.28,1079.9
1072.94,1769655300,1076.92,1072.94,1074.01
1075.47,1769655600,1075.47,1072.66,1073.01
1075.28,1769655900,1076.09,1073.71,1075.53
1074.85,1769656200,1075.34,1072.77,1074.7
1083.06,1769656500,1083.51,1074.18,1074.6
1086.28,1769656800,1086.6,1082.39,1082.73
1086.53,1769657100,1086.83,1081.98,1086.09
1082.33,1769657400,1087.4,1081.83,1087.18
1088.67,1769657700,1090.35,1081.96,1081.96
1085.59,1769658000,1089.33,1084.91,1088.35
1087.07,1769658300,1087.17,1083.68,1085.02
1092.57,1769658600,1093.02,1087.32,1087.32
1089.14,1769658900,1094.21,1088.8,1092.84
1082.34,1769659200,1090.77,1082.34,1088.8
1079.35,1769659500,1083.34,1078.66,1082.14
1078.99,1769659800,1079.71,1077.03,1079.24
1079.85,1769660100,1079.85,1072.99,1079.2
1083.61,1769660400,1084.91,1080.05,1080.05
1086.78,1769660700,1087.84,1083.03,1083.51
1086.92,1769661000,1090.11,1085.95,1087.12
1088.77,1769661300,1089.13,1085.8,1087.09
1091.09,1769661600,1092.15,1088.72,1089.22
1089.96,1769661900,1091.35,1089.05,1091.13
1087.72,1769662200,1092.41,1087.54,1089.7
1085.66,1769662500,1088.26,1083.22,1087.97
1087.92,1769662800,1088.96,1084.74,1086.13
1087.18,1769663100,1090.66,1086.3,1088.05
1085.06,1769663400,1089.06,1084.57,1087.35
1088.2,1769663700,1091.23,1085.09,1085.2
1093.17,1769664000,1094.91,1087.43,1088.12
1088.5,1769664300,1092.87,1087.28,1092.78
1084.6,1769664600,1089.98,1082.57,1088.39
1089.2,1769664900,1089.34,1084.27,1084.57
1082.74,1769665200,1089.76,1082.74,1088.63
1073.93,1769665500,1083.4,1072.62,1082.73
1078.54,1769665800,1079.11,1073.83,1073.83
1081.24,1769666100,1082.32,1075.95,1078.73
1082.12,1769666400,1084.77,1078.28,1081.08
1082.44,1769666700,1087.02,1081.02,1082.45
1087.67,1769667000,1087.67,1081.82,1082.45
1083.74,1769667300,1088.54,1082.63,1087.91
1084.04,1769667600,1086.28,1082.2,1083.67
1083.59,1769667900,1085.29,1082.13,1084.23
1077.8,1769668200,1084.19,1077.1,1083.54
1077.33,1769668500,1078.46,1075.34,1077.92
1081.86,1769668800,1082.68,1076.15,1077.27
1082.31,1769669100,1083.94,1081.39,1081.8
1082.55,1769669400,1084.33,1080.82,1082.56
1088.39,1769669700,1088.52,1081.77,1082.09
1082.33,1769670000,1089.7,1081.33,1088.73
1085.43,1769670300,1085.43,1081.72,1082.22
1081.14,1769670600,1088.46,1080.08,1085.73
1080.82,1769670900,1083.47,1079.63,1081.24
1078.11,1769671200,1081.41,1077.23,1081.09
1078.41,1769671500,1081.25,1077.49,1078.52
1076.51,1769671800,1080.47,1076.35,1078.61
1078.97,1769672100,1079.9,1075.96,1076.69
1076.56,1769672400,1080.43,1073.81,1078.93
1073.44,1769672700,1077.25,1071.55,1076.44
1071.88,1769673000,1074.3,1070.83,1073.11
1074.9,1769673300,1075.62,1070.97,1071.77
1078.58,1769673600,1078.8,1072.94,1075.22
1075.6,1769673900,1079.32,1075.5,1078.68
1077.5,1769674200,1077.89,1073.87,1075.5
1080.6,1769674500,1081.07,1076.82,1077.76
1077.61,1769674800,1080.63,1075.54,1080.37
1079.24,1769675100,1079.24,1074.44,1077.79
1082.86,1769675400,1084.89,1078.72,1079.15
1082.18,1769675700,1084.15,1080.65,1083.01
1079.52,1769676000,1083.52,1079.08,1081.82
1079.71,1769676300,1079.71,1076.4,1079.49
1081.82,1769676600,1082.69,1079.03,1079.15
1082.62,1769676900,1084.94,1081.2,1082.09
1081.88,1769677200,1083.68,1079.63,1082.07
1080.92,1769677500,1085.68,1080.27,1081.89
1086.31,1769677800,1088.02,1081.3,1081.3
1081.39,1769678100,1085.99,1079.72,1085.99
1083.79,1769678400,1085.77,1081.38,1081.61
1084.02,1769678700,1085.09,1081.64,1084.16
1078.45,1769679000,1084.06,1076.41,1083.9
1087.24,1769679300,1087.24,1078.58,1078.58
1084.52,1769679600,1088.29,1084.26,1087.08
1089.29,1769679900,1091.23,1084.47,1084.98
1086.74,1769680200,1091.08,1086.12,1089.66
1088.81,1769680500,1088.92,1083.6,1086.82
1090.26,1769680800,1091.72,1087.17,1088.69
1085.58,1769681100,1091.83,1085.58,1089.98
1087.53,1769681400,1087.61,1082.61,1085.82
1086.9,1769681700,1087.97,1083.77,1087.88
1082.73,1769682000,1088.78,1082.53,1086.97
1081.17,1769682300,1082.92,1078.57,1082.71
1080.2,1769682600,1083.17,1078.83,1080.98
1085.78,1769682900,1086.25,1079.64,1079.8
1086.35,1769683200,1087.47,1084.2,1086.24
1083.9,1769683500,1087.3,1081.83,1086.59
1081.04,1769683800,1084.54,1080.47,1084.03
1080.98,1769684100,1083.95,1080.59,1080.74
1076.11,1769684400,1081.32,1074.9,1080.81
1074.39,1769684700,1077.14,1073.73,1076.28
1079.42,1769685000,1079.69,1071.72,1074.36
1083.44,1769685300,1083.75,1077.88,1079.14
1084.86,1769685600,1084.87,1081.18,1083.86
1088.88,1769685900,1089.73,1083.09,1084.54
1085.68,1769686200,1091.04,1085.48,1088.57
1083.03,1769686500,1087.08,1081.89,1085.71
1076.04,1769686800,1082.87,1075.96,1082.73
1078.53,1769687100,1078.75,1074.08,1075.89
1076.07,1769687400,1078.79,1074.98,1078.48
1084.17,1769687700,1084.17,1074.09,1075.95
1086.52,1769688000,1087.61,1081.78,1084.35
1087.23,1769688300,1088.29,1083.72,1086.85
1082.19,1769688600,1087.06,1081.27,1086.87
1086.92,1769688900,1088.86,1082.03,1082.63
1089.73,1769689200,1089.76,1084.97,1087.24
1085.56,1769689500,1091.69,1084.59,1089.42
1082.32,1769689800,1085.3,1081.02,1084.98
1091.06,1769690100,1091.82,1082.02,1082.62
1093.67,1769690400,1098.36,1089.45,1090.94
1091.57,1769690700,1094.76,1090.72,1093.86
1091.07,1769691000,1093.87,1090.4,1091.9
1091.83,1769691300,1092.73,1090.08,1090.86
1090.35,1769691600,1093.86,1090.2,1091.9
1090.67,1769691900,1091.19,1088.22,1089.81
1093.58,1769692200,1095.61,1090.27,1090.48
1092.99,1769692500,1094.32,1090.05,1093.71
1088.41,1769692800,1094.63,1087.69,1092.72
1094.8,1769693100,1095.0,1087.14,1088.6
1089.36,1769693400,1096.0,1088.6,1094.79
1089.86,1769693700,1091.68,1088.41,1089.13
1088.85,1769694000,1092.51,1088.51,1089.84
1083.01,1769694300,1089.46,1081.48,1088.74
1082.58,1769694600,1084.72,1081.35,1083.31
1090.73,1769694900,1090.88,1081.56,1082.12
1087.51,1769695200,1091.46,1086.24,1090.8
1086.07,1769695500,1088.94,1084.85,1087.73
1087.55,1769695800,1089.41,1085.76,1085.76
1088.19,1769696100,1090.75,1086.4,1088.22
1086.67,1769696400,1088.44,1085.72,1088.2
1077.78,1769696700,1086.85,1077.78,1086.6
1080.88,1769697000,1082.03,1077.19,1077.42
1081.02,1769697300,1082.34,1080.08,1080.49
1081.83,1769697600,1082.97,1076.29,1080.6
1078.42,1769697900,1082.75,1077.86,1081.7
1079.28,1769698200,1080.97,1078.09,1078.09
1081.23,1769698500,1084.79,1078.43,1078.95
1084.37,1769698800,1084.43,1079.53,1081.0
1092.0,1769699100,1092.0,1083.34,1084.28
1095.68,1769699400,1096.41,1092.27,1092.38
1095.28,1769699700,1097.46,1094.27,1095.84
1097.83,1769700000,1097.89,1094.71,1095.9
1097.78,1769700300,1099.99,1096.64,1097.92
1101.51,1769700600,1101.51,1096.05,1098.1
1097.61,1769700900,1103.85,1096.9,1101.25
1096.69,1769701200,1099.73,1094.25,1098.23
1101.08,1769701500,1102.65,1095.18,1096.24
1101.6,1769701800,1103.46,1099.01,1101.04
1101.29,1769702100,1102.48,1099.36,1101.78
1102.07,1769702400,1102.87,1097.65,1101.54
1100.04,1769702700,1102.88,1099.87,1102.1
1104.67,1769703000,1104.86,1099.39,1100.17
1103.16,1769703300,1105.08,1101.44,1104.19
1103.29,1769703600,1103.91,1100.76,1103.61
1106.79,1769703900,1106.91,1102.86,1103.4
1109.89,1769704200,1112.17,1106.75,1106.75
1110.76,1769704500,1112.19,1108.45,1110.38
1110.16,1769704800,1110.93,1107.26,1110.56
1114.0,1769705100,1115.26,1107.69,1109.84
1116.78,1769705400,1116.86,1113.49,1113.87
1119.1,1769705700,1119.73,1116.45,1116.93
1117.21,1769706000,1119.37,1113.07,1119.33
1118.48,1769706300,1122.29,1116.19,1117.31
1118.33,1769706600,1122.65,1117.18,1118.6
1117.6,1769706900,1120.48,1116.45,1118.4
1111.89,1769707200,1117.86,1108.9,1117.86
1110.24,1769707500,1114.29,1110.1,1111.83
1108.27,1769707800,1110.84,1107.2,1109.6
1105.06,1769708100,1109.75,1102.89,1108.55
1107.53,1769708400,1107.75,1104.68,1105.17
1112.83,1769708700,1113.14,1105.49,1107.61
1116.38,1769709000,1116.71,1111.72,1112.99
1115.4,1769709300,1117.79,1114.32,1116.45
1113.08,1769709600,1116.49,1112.15,1115.12
1113.39,1769709900,1115.86,1112.6,1112.75
1114.74,1769710200,1115.12,1110.03,1113.01
1118.73,1769710500,1120.34,1114.5,1114.5
1121.13,1769710800,1123.48,1118.46,1118.51
1130.21,1769711100,1130.21,1120.79,1121.28
1128.3,1769711400,1130.99,1127.19,1130.15
1126.55,1769711700,1129.33,1125.3,1128.22
1129.44,1769712000,1129.64,1122.69,1126.59
1124.32,1769712300,1130.7,1122.18,1129.43
1118.51,1769712600,1124.59,1115.47,1124.26
1116.68,1769712900,1119.87,1116.32,1118.82
1115.9,1769713200,1119.99,1115.5,1117.26
1109.73,1769713500,1116.33,1109.27,1116.15
1105.93,1769713800,1109.99,1105.25,1109.99
1103.74,1769714100,1106.11,1103.58,1105.74
1103.39,1769714400,1106.42,1102.55,1103.97
1099.98,1769714700,1103.32,1099.98,1103.32
1103.99,1769715000,1104.27,1098.81,1100.24
1105.55,1769715300,1106.9,1103.81,1103.81
1107.76,1769715600,1109.02,1105.68,1105.82
1108.85,1769715900,1112.67,1107.97,1107.97
1108.94,1769716200,1111.51,1107.07,1109.18
1108.54,1769716500,1112.21,1108.12,1109.66
1104.53,1769716800,1108.69,1104.38,1108.66
1103.63,1769717100,1104.16,1099.54,1104.16
1100.31,1769717400,1107.06,1100.31,1103.6
1100.15,1769717700,1102.86,1100.08,1100.12
1105.35,1769718000,1105.35,1099.52,1100.5
1106.73,1769718300,1108.39,1105.1,1105.45
1102.76,1769718600,1107.64,1102.24,1107.01
1104.01,1769718900,1105.84,1100.65,1102.34
1102.8,1769719200,1107.24,1101.34,1104.18
1106.29,1769719500,1107.15,1101.76,1102.44
1108.56,1769719800,1109.33,1104.76,1106.61
1111.63,1769720100,1113.27,1107.18,1108.15
1114.41,1769720400,1115.05,1111.53,1111.54
1114.45,1769720700,1116.66,1113.29,1114.16
1109.63,1769721000,1115.71,1109.08,1114.65
1106.23,1769721300,1110.68,1104.97,1109.83
1104.23,1769721600,1109.16,1103.69,1106.07
1103.28,1769721900,1105.36,1102.42,1104.15
1099.61,1769722200,1103.92,1099.61,1103.57
1103.03,1769722500,1103.03,1098.14,1099.72
1105.4,1769722800,1106.48,1102.87,1102.87
1103.11,1769723100,1105.48,1102.58,1105.04
1103.68,1769723400,1106.43,1102.37,1102.97
1103.1,1769723700,1106.19,1102.69,1103.29
1103.45,1769724000,1104.63,1102.15,1102.48
1107.67,1769724300,1109.72,1103.06,1103.39
1111.41,1769724600,1111.41,1105.26,1107.94
1113.76,1769724900,1115.97,1110.84,1111.29
1113.2,1769725200,1115.79,1112.69,1113.72
1110.92,1769725500,1114.16,1108.62,1113.66
1110.3,1769725800,1113.92,1109.47,1110.8
1118.37,1769726100,1119.87,1110.11,1110.57
1115.17,1769726400,1119.35,1114.5,1118.18
1118.71,1769726700,1118.93,1113.84,1114.87
1114.96,1769727000,1119.34,1114.84,1118.81
1115.47,1769727300,1116.48,1112.29,1115.52
1117.56,1769727600,1117.56,1112.8,1115.1
1115.4,1769727900,1117.9,1111.46,1117.71
1121.32,1769728200,1121.65,1114.89,1115.24
1117.42,1769728500,1120.9,1114.84,1120.9
1121.44,1769728800,1121.44,1116.13,1117.09
1121.55,1769729100,1122.91,1119.11,1120.85
1125.12,1769729400,1125.12,1119.17,1121.86
1126.72,1769729700,1128.63,1123.25,1125.05
1126.79,1769730000,1128.25,1125.4,1126.83
1129.19,1769730300,1131.87,1123.49,1126.31
1133.18,1769730600,1133.18,1126.12,1128.98
1127.08,1769730900,1133.41,1127.01,1133.41
1124.75,1769731200,1128.26,1124.47,1127.58
1122.74,1769731500,1127.57,1121.58,1124.87
1125.21,1769731800,1126.75,1122.02,1122.02
1122.63,1769732100,1125.1,1120.85,1125.1
1121.67,1769732400,1127.75,1121.29,1122.67
1124.21,1769732700,1125.18,1118.95,1121.72
1126.1,1769733000,1127.28,1123.63,1124.0
1123.19,1769733300,1126.83,1120.09,1126.16
1123.72,1769733600,1124.77,1121.52,1123.13
1122.7,1769733900,1124.58,1120.39,1123.97
1121.66,1769734200,1124.86,1121.16,1122.51
1118.47,1769734500,1122.48,1116.41,1121.84
1121.41,1769734800,1121.41,1117.08,1118.25
1124.36,1769735100,1125.38,1120.18,1121.66
1119.26,1769735400,1124.59,1115.82,1124.59
1128.75,1769735700,1128.75,1118.91,1119.0
1133.91,1769736000,1134.68,1127.41,1128.25
1135.57,1769736300,1137.22,1131.65,1134.47
1135.21,1769736600,1140.01,1134.81,1135.38
1137.44,1769736900,1138.05,1134.45,1134.69
1142.94,1769737200,1143.27,1136.23,1137.89
1137.9,1769737500,1142.83,1137.83,1142.58
1132.26,1769737800,1138.47,1131.66,1136.94
1129.49,1769738100,1132.13,1129.46,1131.81
1131.65,1769738400,1132.25,1128.15,1129.72
1135.72,1769738700,1136.56,1131.33,1132.09
1134.18,1769739000,1138.99,1133.41,1135.8
1134.46,1769739300,1137.07,1131.12,1134.51
1140.84,1769739600,1140.84,1133.32,1134.04
1145.43,1769739900,1145.73,1139.67,1140.84
1142.01,1769740200,1146.15,1141.51,1145.01
1143.8,1769740500,1144.82,1140.46,1142.1
1146.32,1769740800,1146.86,1143.14,1144.31
1143.18,1769741100,1146.73,1142.42,1146.42
1144.38,1769741400,1145.92,1142.33,1142.94
1143.41,1769741700,1146.91,1142.92,1144.25
1141.72,1769742000,1143.25,1139.51,1143.03
1137.49,1769742300,1141.16,1137.47,1141.07
1139.24,1769742600,1139.62,1135.86,1137.72
1143.26,1769742900,1143.26,1138.62,1139.19
1146.12,1769743200,1147.43,1143.18,1143.63
1145.2,1769743500,1147.22,1143.36,1146.41
1144.95,1769743800,1146.81,1143.85,1145.33
1145.73,1769744100,1147.01,1142.53,1145.03
1139.47,1769744400,1147.25,1138.9,1145.29
1138.71,1769744700,1141.52,1138.62,1139.17
1140.48,1769745000,1142.36,1138.69,1138.92
1136.19,1769745300,1141.97,1135.28,1140.11
1135.79,1769745600,1138.45,1133.06,1136.49
1134.92,1769745900,1136.54,1132.22,1135.62
1131.85,1769746200,1135.97,1131.17,1134.97
1129.65,1769746500,1131.86,1125.45,1131.12
1137.36,1769746800,1137.57,1129.23,1129.42
1133.42,1769747100,1138.07,1132.68,1137.36
1135.63,1769747400,1136.22,1132.49,1133.29
1134.54,1769747700,1136.38,1128.75,1135.55
1132.28,1769748000,1134.72,1131.64,1134.59
1134.04,1769748300,1135.99,1131.44,1131.87
1137.85,1769748600,1140.35,1132.82,1133.88
1133.36,1769748900,1138.28,1133.17,1138.04
1142.06,1769749200,1142.35,1132.36,1133.56
1142.35,1769749500,1146.17,1140.8,1142.0
1140.57,1769749800,1143.55,1139.72,1142.3
1144.04,1769750100,1145.01,1139.03,1140.89
1140.09,1769750400,1145.18,1139.0,1144.02
1138.92,1769750700,1141.5,1137.77,1140.22
1140.95,1769751000,1140.95,1135.9,1139.25
1139.37,1769751300,1142.23,1137.87,1140.99
1144.7,1769751600,1146.26,1137.83,1139.53
1147.72,1769751900,1148.8,1143.69,1144.87
1147.46,1769752200,1150.17,1146.2,1147.38
1145.09,1769752500,1148.12,1142.99,1147.41
1144.75,1769752800,1151.42,1144.65,1144.87
1140.47,1769753100,1145.57,1139.99,1145.34
1137.63,1769753400,1141.84,1137.36,1140.02
1134.1,1769753700,1139.82,1133.11,1138.18
1134.98,1769754000,1136.87,1131.44,1133.71
1135.61,1769754300,1140.18,1133.56,1134.95
1138.13,1769754600,1138.27,1135.13,1135.68
1139.43,1769754900,1139.99,1137.05,1137.97
1144.33,1769755200,1145.64,1137.82,1139.38
1141.35,1769755500,1146.38,1141.35,1144.19
1140.55,1769755800,1141.67,1138.82,1141.14
1147.0,1769756100,1147.14,1140.51,1140.63
1145.61,1769756400,1149.5,1144.99,1146.94
1154.81,1769756700,1155.75,1145.84,1146.37
1146.37,1769757000,1155.42,1145.9,1154.8
1148.54,1769757300,1150.25,1145.79,1146.04
1146.25,1769757600,1148.54,1143.83,1148.42
1150.98,1769757900,1152.52,1146.06,1146.06
1151.55,1769758200,1153.74,1149.06,1151.1
1154.84,1769758500,1157.84,1151.94,1151.94
1157.78,1769758800,1158.81,1153.57,1155.11
1157.29,1769759100,1159.17,1156.17,1157.31
1162.98,1769759400,1163.31,1156.63,1156.79
1169.08,1769759700,1170.23,1163.18,1163.18
1169.64,1769760000,1171.79,1168.53,1169.29
1163.01,1769760300,1169.28,1161.61,1169.28
1161.26,1769760600,1164.57,1160.18,1163.03
1157.58,1769760900,1162.93,1157.54,1161.03
1153.4,1769761200,1157.52,1151.86,1157.52
1150.77,1769761500,1154.24,1149.91,1153.42
1149.56,1769761800,1152.46,1148.44,1151.01
1145.63,1769762100,1151.16,1144.78,1149.62
1145.78,1769762400,1149.98,1145.05,1145.81
1143.03,1769762700,1146.51,1141.87,1145.59
1144.06,1769763000,1146.49,1141.62,1143.17
1139.96,1769763300,1144.58,1139.96,1144.58
1138.5,1769763600,1142.44,1138.35,1139.98
1141.78,1769763900,1142.63,1137.55,1138.69
1142.83,1769764200,1144.37,1139.4,1141.84
1141.55,1769764500,1145.27,1141.35,1143.16
1143.82,1769764800,1143.82,1140.6,1141.95
1141.8,1769765100,1144.42,1140.94,1143.75
1142.49,1769765400,1143.99,1140.28,1142.11
1138.37,1769765700,1143.0,1136.5,1142.59
1135.58,1769766000,1138.57,1132.38,1138.25
1136.82,1769766300,1137.92,1132.74,1135.79
1140.16,1769766600,1140.16,1133.56,1136.65
1141.41,1769766900,1142.7,1139.55,1139.81
1134.18,1769767200,1143.09,1132.56,1141.43
1128.69,1769767500,1134.81,1126.07,1134.43
1133.98,1769767800,1135.5,1128.13,1128.13
1138.72,1769768100,1139.47,1131.99,1133.94
1132.87,1769768400,1139.47,1132.87,1138.46
1134.84,1769768700,1135.3,1130.69,1132.75
1133.87,1769769000,1135.73,1131.74,1134.72
1137.17,1769769300,1137.73,1133.07,1134.03
1133.06,1769769600,1138.47,1133.04,1136.47
1139.75,1769769900,1140.62,1131.54,1132.91
1136.32,1769770200,1139.79,1133.16,1139.79
1136.0,1769770500,1136.95,1133.74,1136.03
1133.28,1769770800,1136.64,1132.88,1135.84
1128.48,1769771100,1135.33,1128.21,1133.41
1126.4,1769771400,1128.74,1124.21,1128.59
1127.04,1769771700,1128.84,1123.5,1126.68
1123.84,1769772000,1128.05,1123.58,1126.85
1124.19,1769772300,1126.33,1120.91,1123.5
1129.32,1769772600,1130.09,1121.64,1123.72
1127.09,1769772900,1129.43,1126.24,1129.43
1133.43,1769773200,1133.43,1126.41,1126.6
1136.18,1769773500,1137.6,1132.23,1134.0
1142.7,1769773800,1142.71,1133.53,1136.13
1146.79,1769774100,1146.79,1141.92,1143.05
1144.36,1769774400,1149.52,1142.74,1147.07
1154.19,1769774700,1156.28,1143.88,1144.44
1155.6,1769775000,1156.12,1151.12,1154.18
1155.56,1769775300,1158.04,1153.81,1155.78
1158.26,1769775600,1159.09,1153.06,1155.76
1156.66,1769775900,1158.8,1155.06,1158.41
1158.03,1769776200,1158.03,1153.38,1157.03
1158.92,1769776500,1165.09,1158.29,1158.6
1158.45,1769776800,1160.36,1156.13,1158.9
1157.15,1769777100,1159.0,1156.1,1158.4
1149.23,1769777400,1157.45,1148.98,1157.25
1149.65,1769777700,1150.91,1148.43,1149.14
1153.98,1769778000,1154.2,1147.68,1149.64
1157.9,1769778300,1159.13,1153.93,1154.08
1158.8,1769778600,1162.01,1157.83,1157.95
1160.39,1769778900,1160.64,1157.18,1158.75
1165.22,1769779200,1165.62,1159.66,1160.08
1164.22,1769779500,1165.75,1161.95,1164.82
1164.32,1769779800,1164.68,1159.78,1164.21
1160.18,1769780100,1164.71,1160.07,1164.12
1162.93,1769780400,1164.28,1156.95,1160.79
1152.25,1769780700,1163.4,1150.83,1163.24
1156.96,1769781000,1156.96,1151.0,1152.28
1158.21,1769781300,1158.68,1154.14,1157.17
1158.55,1769781600,1161.79,1156.1,1158.35
1160.6,1769781900,1161.75,1155.78,1158.4
1162.64,1769782200,1163.4,1158.03,1160.49
1159.32,1769782500,1163.71,1156.85,1162.84
1155.93,1769782800,1160.46,1154.52,1159.62
1155.5,1769783100,1157.03,1154.07,1156.14
1149.72,1769783400,1155.63,1149.14,1154.89
1143.79,1769783700,1150.73,1142.96,1149.25
1140.67,1769784000,1143.96,1139.15,1143.61
1139.36,1769784300,1140.86,1136.09,1140.86
1138.46,1769784600,1140.42,1135.4,1139.51
1138.94,1769784900,1140.94,1134.63,1138.08
1135.03,1769785200,1139.44,1134.69,1139.44
1139.69,1769785500,1141.42,1133.73,1135.33
1137.84,1769785800,1139.66,1135.09,1139.66
1145.51,1769786100,1147.69,1136.9,1137.9
1144.12,1769786400,1148.21,1143.86,1145.72
1145.6,1769786700,1146.14,1142.75,1143.68
1141.59,1769787000,1147.15,1140.49,1145.42
1139.84,1769787300,1142.48,1138.02,1141.71
1141.88,1769787600,1142.53,1137.52,1140.19
1140.84,1769787900,1144.07,1140.02,1141.62
1144.93,1769788200,1145.03,1141.09,1141.09
1151.2,1769788500,1151.54,1145.05,1145.33
1150.66,1769788800,1155.61,1149.72,1151.0
1148.85,1769789100,1154.53,1148.61,1150.43
1153.19,1769789400,1154.08,1148.67,1148.67
1153.21,1769789700,1157.21,1152.87,1153.9
1153.4,1769790000,1154.26,1151.05,1152.76
1149.17,1769790300,1154.39,1148.03,1153.22
1146.26,1769790600,1149.92,1145.38,1148.57
1147.47,1769790900,1149.18,1144.84,1146.8
1146.54,1769791200,1149.74,1146.16,1147.69
1147.32,1769791500,1147.63,1143.06,1146.75
1147.29,1769791800,1151.11,1145.33,1147.6
1143.48,1769792100,1148.06,1143.07,1146.75
1141.35,1769792400,1144.42,1141.0,1143.36
1137.05,1769792700,1143.57,1137.0,1141.45
1143.19,1769793000,1143.51,1136.49,1137.32
1147.22,1769793300,1147.58,1142.11,1142.81
1141.89,1769793600,1148.21,1141.89,1147.36
1143.4,1769793900,1144.81,1141.31,1141.8
1147.57,1769794200,1148.99,1141.53,1142.76
1144.8,1769794500,1150.22,1144.66,1148.07
1151.62,1769794800,1151.62,1143.95,1144.99
1150.81,1769795100,1153.78,1150.4,1151.76
1148.79,1769795400,1152.09,1147.21,1150.97
1151.15,1769795700,1151.15,1146.58,1148.92
1152.69,1769796000,1153.24,1148.42,1151.23
1151.47,1769796300,1155.08,1150.43,1152.74
1144.21,1769796600,1152.98,1143.65,1151.53
1143.3,1769796900,1145.25,1142.38,1144.33
1138.12,1769797200,1143.47,1137.19,1143.4
1135.22,1769797500,1139.77,1135.22,1138.46
1131.37,1769797800,1134.63,1129.43,1134.61
1133.05,1769798100,1133.74,1129.22,1131.25
1132.98,1769798400,1134.83,1131.5,1132.9
1129.77,1769798700,1133.58,1126.37,1133.2
1133.69,1769799000,1135.22,1129.29,1130.33
1134.97,1769799300,1135.44,1129.93,1133.62
1141.39,1769799600,1141.79,1133.24,1134.85
1143.42,1769799900,1143.92,1141.05,1141.49
1144.8,1769800200,1145.18,1140.63,1143.81
1147.5,1769800500,1149.33,1144.83,1144.93
1144.12,1769800800,1147.37,1143.72,1147.37
1141.55,1769801100,1145.54,1140.59,1143.52
1139.33,1769801400,1142.68,1138.33,1141.91
1142.28,1769801700,1142.71,1137.91,1139.2
1147.24,1769802000,1149.77,1140.74,1142.22
1149.3,1769802300,1151.64,1146.02,1147.93
1150.44,1769802600,1151.69,1147.5,1149.02
1146.83,1769802900,1151.62,1144.42,1150.97
1142.54,1769803200,1147.9,1141.7,1146.74
1146.49,1769803500,1146.91,1141.07,1142.36
1146.3,1769803800,1150.25,1145.43,1146.28
1147.73,1769804100,1150.68,1145.91,1146.46
1151.5,1769804400,1153.94,1147.72,1148.29
1145.74,1769804700,1152.33,1145.71,1151.97
1145.23,1769805000,1147.3,1144.49,1145.63
1148.66,1769805300,1149.31,1143.89,1145.35
1145.07,1769805600,1149.01,1144.41,1148.29
1139.93,1769805900,1145.27,1139.27,1145.1
1138.01,1769806200,1141.35,1137.54,1139.54
1139.26,1769806500,1140.85,1137.09,1137.98
1141.51,1769806800,1141.83,1137.73,1139.19
1143.53,1769807100,1144.39,1139.45,1141.8
1139.73,1769807400,1145.18,1138.65,1143.41
1141.71,1769807700,1143.23,1139.26,1139.51
1142.15,1769808000,1144.41,1140.12,1141.62
1135.94,1769808300,1145.42,1135.94,1142.67
1134.53,1769808600,1138.23,1133.18,1136.02
1131.26,1769808900,1134.46,1129.08,1134.3
1125.87,1769809200,1131.88,1125.15,1131.45
1124.13,1769809500,1125.99,1121.43,1125.97
1118.26,1769809800,1123.93,1116.39,1123.93
1119.5,1769810100,1120.74,1116.33,1117.83
1122.4,1769810400,1122.66,1118.72,1119.39
1123.52,1769810700,1123.52,1119.58,1122.95
1126.57,1769811000,1127.87,1124.01,1124.01
1126.76,1769811300,1128.9,1124.7,1126.81
1121.27,1769811600,1126.65,1120.49,1126.65
1119.49,1769811900,1121.92,1118.76,1121.54
1118.53,1769812200,1121.84,1118.48,1119.18
1123.76,1769812500,1124.63,1118.62,1118.66
1127.87,1769812800,1127.91,1122.14,1123.81
1130.15,1769813100,1130.65,1126.02,1127.66
1131.3,1769813400,1132.23,1127.55,1130.7
1127.58,1769813700,1131.9,1126.96,1131.56
1131.3,1769814000,1132.0,1126.07,1127.0
1128.5,1769814300,1133.12,1128.5,1131.2
1125.15,1769814600,1129.37,1125.15,1128.76
1126.83,1769814900,1128.1,1123.22,1125.21
1131.04,1769815200,1131.04,1126.08,1126.62
1136.37,1769815500,1136.64,1130.9,1131.13
1136.52,1769815800,1136.64,1134.48,1136.04
1138.88,1769816100,1139.26,1134.05,1136.62
1143.05,1769816400,1143.62,1138.42,1139.03
1144.0,1769816700,1146.4,1142.61,1143.09
1144.79,1769817000,1148.73,1143.97,1143.97
1139.94,1769817300,1146.67,1139.6,1145.11
1139.98,1769817600,1141.22,1136.15,1139.93
1141.0,1769817900,1142.26,1139.4,1140.16
1137.42,1769818200,1142.39,1136.03,1141.12
1137.59,1769818500,1140.76,1136.54,1137.68
1138.48,1769818800,1140.58,1135.83,1137.94
1138.17,1769819100,1141.1,1136.03,1138.7
1145.79,1769819400,1147.1,1137.49,1138.09
1148.36,1769819700,1148.66,1143.32,1146.23
1150.14,1769820000,1150.91,1146.55,1148.34
1150.96,1769820300,1154.18,1148.01,1150.31
1144.36,1769820600,1151.46,1143.45,1150.95
1145.91,1769820900,1146.41,1142.89,1144.69
1153.78,1769821200,1153.78,1145.72,1145.73
1156.85,1769821500,1159.59,1153.96,1153.96
1154.3,1769821800,1157.63,1153.73,1157.39
1156.98,1769822100,1158.47,1152.77,1154.47
1151.12,1769822400,1156.85,1148.99,1156.85
1152.3,1769822700,1153.83,1150.34,1151.49
1147.06,1769823000,1152.32,1146.84,1152.21
1150.56,1769823300,1152.1,1146.9,1147.15
1152.68,1769823600,1153.35,1149.54,1150.56
1149.91,1769823900,1155.46,1149.91,1152.44
1150.93,1769824200,1151.03,1145.81,1150.1
1155.03,1769824500,1155.27,1150.03,1151.14
1155.13,1769824800,1158.14,1153.56,1155.24
1152.81,1769825100,1155.69,1150.32,1154.93
1151.57,1769825400,1153.25,1149.9,1152.51
1148.0,1769825700,1152.28,1147.94,1151.36
1152.43,1769826000,1154.13,1148.08,1148.08
1150.43,1769826300,1153.46,1147.5,1152.62
1154.73,1769826600,1154.73,1150.39,1150.79
1153.17,1769826900,1154.56,1151.47,1154.33
1153.27,1769827200,1153.92,1150.0,1153.4
1152.49,1769827500,1155.96,1152.28,1153.51
1152.32,1769827800,1154.62,1151.22,1152.58
1148.77,1769828100,1152.49,1147.98,1152.49
1147.82,1769828400,1149.68,1144.6,1148.77
1137.87,1769828700,1146.88,1137.83,1146.88
1140.0,1769829000,1140.42,1137.31,1138.25
1137.25,1769829300,1141.7,1134.71,1139.73
1136.35,1769829600,1141.48,1135.33,1137.17
1133.96,1769829900,1136.75,1133.15,1136.4
1130.86,1769830200,1136.67,1130.02,1133.72
1129.14,1769830500,1132.15,1127.59,1131.24
1123.34,1769830800,1128.91,1123.34,1128.91
1121.51,1769831100,1123.58,1121.22,1123.51
1124.9,1769831400,1125.56,1121.52,1121.66
1127.34,1769831700,1128.72,1124.71,1125.02
1130.14,1769832000,1130.14,1124.68,1127.81
1122.78,1769832300,1130.12,1122.57,1129.97
1127.08,1769832600,1128.77,1120.72,1123.3
1130.46,1769832900,1130.46,1124.63,1127.03
1133.98,1769833200,1134.84,1130.17,1130.17
1138.41,1769833500,1139.0,1134.09,1134.34
1134.55,1769833800,1138.8,1134.32,1137.96
1136.84,1769834100,1137.96,1132.86,1134.67
1132.77,1769834400,1137.21,1132.54,1137.21
1132.76,1769834700,1133.89,1130.98,1132.82
1134.64,1769835000,1135.38,1128.91,1132.78
1125.68,1769835300,1136.29,1125.68,1135.12
1126.94,1769835600,1128.79,1123.57,1125.82
1126.91,1769835900,1128.0,1123.27,1127.49
1130.82,1769836200,1130.96,1124.69,1126.62
1128.4,1769836500,1133.24,1128.15,1130.79
1125.33,1769836800,1128.1,1124.27,1127.81
1125.76,1769837100,1126.87,1123.49,1125.2
1121.71,1769837400,1125.71,1121.23,1125.42
1125.63,1769837700,1127.26,1120.0,1121.78
1123.38,1769838000,1127.35,1120.68,1125.34
1119.72,1769838300,1125.1,1116.08,1124.0
1118.66,1769838600,1121.66,1118.04,1119.48
1120.64,1769838900,1122.31,1117.38,1119.01
1117.31,1769839200,1122.77,1116.96,1120.01
1116.67,1769839500,1118.96,1115.62,1117.19
1117.55,1769839800,1117.68,1112.95,1116.2
1116.1,1769840100,1118.87,1115.55,1117.47
1111.25,1769840400,1116.41,1109.6,1116.24
1107.92,1769840700,1111.98,1107.3,1110.69
1110.15,1769841000,1110.15,1103.8,1108.01
1111.03,1769841300,1112.08,1108.92,1110.12
1113.18,1769841600,1113.26,1109.78,1111.39
1111.05,1769841900,1113.41,1109.7,1113.28
1109.28,1769842200,1113.26,1108.95,1111.26
1108.12,1769842500,1116.2,1108.12,1109.16
1105.81,1769842800,1108.74,1104.93,1108.01
1108.52,1769843100,1109.21,1105.85,1105.85
1105.11,1769843400,1110.82,1105.11,1108.75
1105.24,1769843700,1106.44,1103.44,1104.96
1106.01,1769844000,1108.73,1105.21,1105.21
1104.2,1769844300,1106.21,1100.75,1106.0
1106.13,1769844600,1109.38,1104.27,1104.51
1105.65,1769844900,1108.31,1104.69,1106.31
1108.28,1769845200,1111.17,1105.53,1105.7
1108.7,1769845500,1109.66,1106.36,1108.5
1109.31,1769845800,1112.04,1108.27,1108.77
1108.59,1769846100,1113.44,1108.59,1109.17
1111.4,1769846400,1112.54,1107.65,1108.75
1111.23,1769846700,1113.36,1109.66,1111.77
1112.34,1769847000,1115.16,1110.47,1111.4
1113.69,1769847300,1114.32,1108.53,1111.73
1114.98,1769847600,1117.56,1112.77,1114.04
1115.4,1769847900,1115.95,1109.61,1114.7
1109.0,1769848200,1118.22,1109.0,1115.66
1107.07,1769848500,1109.51,1105.61,1109.18
1109.62,1769848800,1110.32,1104.69,1107.05
1114.54,1769849100,1114.54,1107.07,1109.91
1109.08,1769849400,1115.18,1108.03,1114.53
1109.78,1769849700,1111.77,1106.2,1108.72
1111.06,1769850000,1111.84,1108.21,1110.18
1109.61,1769850300,1112.87,1107.37,1111.49
1112.79,1769850600,1114.13,1109.24,1109.66
1112.45,1769850900,1116.05,1112.15,1113.27
1110.68,1769851200,1112.66,1109.68,1112.41
1111.58,1769851500,1112.79,1109.21,1110.86
1113.32,1769851800,1113.75,1110.54,1111.39
1113.65,1769852100,1115.15,1111.55,1113.04
1107.51,1769852400,1113.97,1107.51,1113.88
1105.09,1769852700,1108.18,1104.7,1107.51
1108.79,1769853000,1108.89,1102.86,1105.44
1108.05,1769853300,1109.87,1106.81,1108.7
1102.18,1769853600,1108.03,1101.99,1108.03
1100.2,1769853900,1102.82,1096.14,1102.42
1102.37,1769854200,1105.11,1098.95,1100.08
1094.33,1769854500,1102.56,1093.39,1102.47
1092.82,1769854800,1095.15,1091.19,1094.48
1092.71,1769855100,1095.61,1091.28,1092.82
1094.34,1769855400,1095.22,1092.21,1092.97
1093.48,1769855700,1095.19,1092.18,1094.7
1096.87,1769856000,1097.47,1093.45,1093.61
1096.53,1769856300,1098.67,1094.24,1096.99
1095.57,1769856600,1097.94,1095.28,1096.16
1092.26,1769856900,1096.17,1090.89,1095.45
1097.9,1769857200,1098.48,1092.31,1092.31
1100.54,1769857500,1100.87,1097.89,1098.16
1106.71,1769857800,1106.71,1098.55,1100.64
1109.02,1769858100,1110.47,1106.33,1106.33
1117.91,1769858400,1118.24,1108.98,1108.98
1111.31,1769858700,1118.02,1110.73,1117.48
1105.36,1769859000,1111.72,1105.22,1111.12
1107.45,1769859300,1107.49,1104.31,1105.02
1112.47,1769859600,1114.29,1107.21,1107.62
1115.1,1769859900,1115.69,1112.39,1112.39
1120.03,1769860200,1122.31,1114.67,1115.39
1118.34,1769860500,1123.55,1116.56,1119.7
1114.93,1769860800,1120.13,1114.93,1118.01
1116.5,1769861100,1118.29,1112.35,1115.16
1121.71,1769861400,1122.83,1115.09,1116.39
1114.85,1769861700,1122.78,1114.57,1122.07
1119.34,1769862000,1121.24,1114.89,1114.89
1123.31,1769862300,1124.16,1118.63,1119.54
1126.06,1769862600,1126.06,1122.28,1122.84
1128.6,1769862900,1128.83,1125.29,1125.65
1134.29,1769863200,1134.65,1128.22,1128.3
1132.8,1769863500,1136.56,1131.17,1134.37
1130.07,1769863800,1135.02,1130.07,1132.41
1128.08,1769864100,1133.41,1127.79,1130.07
1124.68,1769864400,1129.47,1124.68,1128.41
1126.2,1769864700,1127.47,1122.56,1124.82
1124.27,1769865000,1129.13,1123.02,1126.73
1129.76,1769865300,1130.64,1123.91,1124.34
1129.11,1769865600,1130.7,1127.29,1130.1
1124.71,1769865900,1130.05,1124.71,1129.06
1123.19,1769866200,1126.14,1123.09,1124.46
1126.63,1769866500,1130.3,1123.23,1123.23
1122.83,1769866800,1126.68,1121.18,1126.67
1118.04,1769867100,1123.02,1117.17,1123.02
1121.3,1769867400,1123.42,1117.43,1117.79
1116.2,1769867700,1121.14,1114.87,1121.14
1106.66,1769868000,1116.08,1106.66,1115.86
1101.91,1769868300,1107.0,1101.15,1106.72
1101.0,1769868600,1103.35,1100.22,1102.27
1105.35,1769868900,1105.35,1100.48,1101.42
1110.45,1769869200,1110.45,1105.46,1105.46
1116.92,1769869500,1118.39,1110.39,1110.39
1119.12,1769869800,1121.64,1115.73,1117.02
1119.8,1769870100,1121.75,1117.65,1118.91
1115.68,1769870400,1121.05,1115.68,1119.8
1115.94,1769870700,1117.1,1113.48,1115.96
1121.34,1769871000,1121.34,1116.32,1116.62
1118.81,1769871300,1120.58,1116.44,1120.58
1118.6,1769871600,1121.71,1117.62,1119.07
1119.19,1769871900,1119.63,1114.79,1118.48
1124.44,1769872200,1124.5,1118.06,1119.58
1122.82,1769872500,1126.65,1120.82,1124.35
1117.36,1769872800,1123.56,1117.32,1122.89
1118.2,1769873100,1118.4,1114.62,1116.61
1123.46,1769873400,1123.64,1117.25,1118.23
1118.55,1769873700,1123.12,1116.88,1123.12
1118.57,1769874000,1121.51,1117.75,1118.61
1119.17,1769874300,1121.54,1116.17,1118.1
1116.81,1769874600,1121.17,1116.55,1118.88
1115.53,1769874900,1120.52,1114.88,1116.26
1114.48,1769875200,1116.8,1114.29,1115.4
1104.21,1769875500,1114.02,1103.14,1113.95
1107.82,1769875800,1108.1,1101.83,1104.2
1104.12,1769876100,1109.85,1104.08,1107.66
1104.7,1769876400,1106.1,1103.26,1104.4
1104.33,1769876700,1106.09,1103.01,1104.76
1102.41,1769877000,1105.51,1100.75,1104.32
1107.19,1769877300,1107.19,1101.09,1102.67
1113.45,1769877600,1113.45,1106.24,1106.98
1113.36,1769877900,1114.08,1108.82,1113.76
1111.11,1769878200,1113.27,1109.12,1113.13
1103.64,1769878500,1110.73,1103.64,1110.68
1099.83,1769878800,1104.45,1099.07,1103.32
1104.94,1769879100,1105.28,1099.66,1099.66
1103.28,1769879400,1107.38,1103.28,1104.81
1101.0,1769879700,1104.4,1099.77,1103.21
1099.93,1769880000,1102.21,1099.72,1101.17
1097.65,1769880300,1104.64,1097.65,1099.92
1094.16,1769880600,1099.17,1093.93,1097.63
1094.27,1769880900,1095.54,1092.68,1093.89
1097.4,1769881200,1098.92,1093.39,1094.08
1098.5,1769881500,1099.54,1097.11,1097.55
1100.82,1769881800,1102.55,1096.18,1098.34
1097.11,1769882100,1100.85,1096.22,1100.79
1097.86,1769882400,1098.4,1095.42,1096.37
1100.41,1769882700,1102.16,1097.88,1098.38
1100.1,1769883000,1100.6,1097.3,1100.42
1099.96,1769883300,1100.71,1095.92,1099.7
1096.81,1769883600,1100.5,1096.81,1099.77
1093.35,1769883900,1096.91,1091.91,1096.91
1093.41,1769884200,1095.4,1090.75,1093.6
1091.7,1769884500,1096.19,1090.38,1093.89
1096.67,1769884800,1097.04,1090.72,1091.77
1101.91,1769885100,1102.05,1096.7,1096.7
1105.14,1769885400,1105.39,1097.99,1102.18
1100.05,1769885700,1107.11,1099.9,1105.1
1103.92,1769886000,1104.17,1098.58,1099.65
1102.16,1769886300,1104.04,1100.92,1103.86
1100.78,1769886600,1103.71,1099.75,1102.35
1096.92,1769886900,1100.92,1096.92,1100.46
1101.13,1769887200,1101.48,1096.28,1096.66
1103.27,1769887500,1104.17,1101.02,1101.02
1096.27,1769887800,1103.8,1095.77,1102.78
1100.32,1769888100,1104.28,1095.11,1095.6
1101.42,1769888400,1101.42,1098.01,1100.32
1100.12,1769888700,1102.53,1099.38,1101.54
1103.31,1769889000,1103.8,1100.06,1100.06
1102.26,1769889300,1104.86,1101.7,1103.45
1100.3,1769889600,1101.85,1098.22,1101.85
1107.21,1769889900,1107.73,1099.37,1099.84
1108.01,1769890200,1110.04,1106.3,1106.86
1110.5,1769890500,1112.06,1107.47,1107.81
1114.49,1769890800,1114.49,1109.03,1110.57
1114.0,1769891100,1117.09,1113.34,1114.22
1113.14,1769891400,1116.7,1112.8,1114.19
1102.18,1769891700,1114.3,1102.18,1112.99
1102.32,1769892000,1104.46,1100.7,1102.26
1103.01,1769892300,1105.13,1099.52,1102.43
1103.35,1769892600,1104.17,1101.3,1103.0
1103.97,1769892900,1105.38,1102.97,1103.86
1108.31,1769893200,1108.31,1103.71,1104.07
1108.82,1769893500,1111.22,1106.93,1108.0
1114.25,1769893800,1115.46,1109.03,1109.05
1118.46,1769894100,1118.6,1113.79,1114.09
1121.7,1769894400,1121.94,1117.54,1118.48
1122.3,1769894700,1125.94,1121.26,1121.54
1123.02,1769895000,1124.57,1119.91,1122.54
1124.99,1769895300,1125.62,1121.56,1123.15
1130.59,1769895600,1131.85,1125.14,1125.23
1127.74,1769895900,1131.06,1127.39,1130.63
1123.38,1769896200,1127.9,1122.56,1127.7
1119.39,1769896500,1126.39,1116.59,1123.61
1122.74,1769896800,1124.11,1117.78,1119.18
1117.46,1769897100,1122.27,1115.26,1122.27
1122.25,1769897400,1123.65,1115.8,1117.21
1122.7,1769897700,1124.66,1120.97,1122.14
1120.9,1769898000,1123.39,1118.92,1122.66
1121.57,1769898300,1123.54,1120.73,1121.35
1122.61,1769898600,1123.7,1119.7,1121.37
1126.87,1769898900,1127.1,1120.37,1122.6
1130.41,1769899200,1131.83,1127.29,1127.29
1127.73,1769899500,1132.58,1127.08,1130.62
1128.74,1769899800,1131.35,1127.02,1127.84
1136.39,1769900100,1136.7,1127.22,1128.52
1136.14,1769900400,1139.52,1133.13,1136.33
1134.34,1769900700,1136.97,1129.77,1135.81
1133.02,1769901000,1136.72,1133.02,1134.56
1139.04,1769901300,1139.3,1132.82,1132.82
1138.77,1769901600,1139.61,1136.39,1139.01
1143.93,1769901900,1144.22,1137.38,1139.05
1142.49,1769902200,1146.92,1141.49,1143.18
1137.76,1769902500,1144.28,1137.52,1142.29
1134.52,1769902800,1139.62,1134.52,1137.53
1130.16,1769903100,1136.82,1129.93,1134.66
1129.6,1769903400,1132.61,1129.2,1130.13
1123.67,1769903700,1129.57,1120.92,1129.38
1127.08,1769904000,1129.29,1123.71,1123.71
1121.65,1769904300,1128.1,1121.65,1126.93
1122.23,1769904600,1123.34,1119.52,1121.83
1128.34,1769904900,1128.34,1121.2,1122.17
1124.26,1769905200,1129.27,1123.28,1128.65
1126.75,1769905500,1128.24,1123.85,1124.17
1121.48,1769905800,1130.08,1119.93,1126.96
1118.97,1769906100,1123.52,1117.94,1121.52
1121.62,1769906400,1121.62,1118.14,1118.65
1117.87,1769906700,1121.37,1116.08,1121.37
1116.4,1769907000,1118.06,1114.19,1117.8
1110.34,1769907300,1117.17,1109.82,1116.65
1107.13,1769907600,1112.26,1106.87,1110.75
1103.67,1769907900,1107.83,1102.23,1106.79
1098.75,1769908200,1104.82,1098.48,1103.46
1097.86,1769908500,1099.23,1095.38,1098.59
1091.38,1769908800,1097.47,1090.39,1097.47
1093.02,1769909100,1094.23,1090.87,1091.26
1085.2,1769909400,1094.75,1085.11,1093.09
1083.7,1769909700,1086.14,1082.77,1084.89
1077.58,1769910000,1083.13,1077.58,1083.13
1080.9,1769910300,1081.1,1075.36,1077.31
1079.07,1769910600,1081.15,1078.39,1080.38
1078.23,1769910900,1081.06,1077.33,1078.8
1078.45,1769911200,1079.44,1076.24,1078.07
1081.25,1769911500,1082.63,1078.36,1078.76
1077.96,1769911800,1084.74,1077.84,1081.33
1081.11,1769912100,1081.75,1077.28,1077.57
1078.77,1769912400,1083.47,1078.77,1081.24
1076.04,1769912700,1079.24,1074.8,1078.98
1078.09,1769913000,1078.55,1072.75,1076.31
1083.93,1769913300,1084.23,1076.81,1078.03
1079.71,1769913600,1084.51,1077.59,1084.08
1079.62,1769913900,1083.0,1078.78,1079.35
1077.61,1769914200,1081.19,1076.78,1079.72
1072.37,1769914500,1077.05,1071.88,1077.05
1071.57,1769914800,1073.2,1070.46,1072.71
1068.65,1769915100,1073.84,1068.34,1071.89
1069.02,1769915400,1070.02,1066.26,1068.46
1067.04,1769915700,1069.57,1066.03,1069.14
1069.72,1769916000,1070.25,1065.78,1066.82
1070.37,1769916300,1072.12,1068.97,1069.46
1073.45,1769916600,1073.45,1069.12,1070.15
1073.15,1769916900,1073.7,1069.23,1073.17
1075.71,1769917200,1077.28,1073.52,1073.67
1075.59,1769917500,1077.26,1074.56,1075.87
1078.38,1769917800,1079.11,1074.8,1075.06
1077.99,1769918100,1080.55,1077.76,1078.45
1083.52,1769918400,1083.52,1078.32,1078.7
1083.88,1769918700,1086.89,1082.74,1083.39
1079.05,1769919000,1083.82,1078.27,1083.82
1076.39,1769919300,1080.0,1076.39,1078.94
1073.46,1769919600,1076.86,1072.15,1076.7
1074.43,1769919900,1074.79,1072.16,1073.66
1079.93,1769920200,1080.47,1074.49,1074.49
1081.07,1769920500,1081.68,1077.64,1079.47
1081.97,1769920800,1084.15,1080.36,1080.7
1085.1,1769921100,1088.18,1081.09,1081.94
1086.13,1769921400,1087.0,1083.41,1085.31
1081.86,1769921700,1086.95,1081.86,1086.29
1081.15,1769922000,1084.73,1080.03,1081.89
1081.89,1769922300,1083.38,1080.5,1080.82
1083.08,1769922600,1083.9,1078.78,1081.99
1090.23,1769922900,1091.1,1081.18,1083.47
1092.04,1769923200,1093.4,1090.18,1090.18
1087.17,1769923500,1092.34,1086.47,1092.3
1088.62,1769923800,1089.68,1085.86,1087.3
1093.57,1769924100,1094.26,1087.89,1089.13
1096.3,1769924400,1096.35,1092.22,1093.83
1100.17,1769924700,1100.45,1095.38,1095.93
1103.4,1769925000,1103.61,1099.08,1099.99
1105.0,1769925300,1107.2,1103.01,1103.42
1105.97,1769925600,1108.24,1104.03,1105.03
1102.56,1769925900,1106.0,1100.26,1105.95
1105.66,1769926200,1106.93,1101.94,1102.37
1106.92,1769926500,1108.13,1103.11,1105.79
1102.46,1769926800,1108.13,1100.87,1106.67
1102.41,1769927100,1104.79,1100.1,1102.73
1099.87,1769927400,1103.0,1098.26,1102.19
1100.6,1769927700,1101.21,1096.48,1099.93
1100.42,1769928000,1104.27,1099.14,1100.51
1095.88,1769928300,1102.12,1094.35,1100.26
1090.55,1769928600,1096.38,1090.52,1095.87
1094.01,1769928900,1096.1,1089.92,1090.65
1095.72,1769929200,1096.22,1093.63,1094.04
1098.95,1769929500,1099.44,1095.46,1095.46
1094.46,1769929800,1100.85,1093.97,1099.56
1091.94,1769930100,1095.49,1091.47,1094.7
1093.33,1769930400,1094.72,1089.93,1091.88
1088.38,1769930700,1096.61,1088.07,1093.45
1085.26,1769931000,1088.8,1084.17,1088.78
1085.76,1769931300,1086.03,1082.62,1085.32
1084.72,1769931600,1087.95,1083.5,1085.34
1081.8,1769931900,1086.56,1081.8,1084.82
1084.55,1769932200,1086.99,1081.72,1081.72
1078.24,1769932500,1084.51,1078.24,1084.4
1081.36,1769932800,1082.05,1077.68,1078.39
1080.12,1769933100,1082.38,1076.4,1081.82
1084.45,1769933400,1084.52,1079.85,1079.88
1083.83,1769933700,1086.37,1082.25,1084.5
1079.06,1769934000,1083.94,1078.8,1082.93
1077.01,1769934300,1079.82,1075.74,1079.49
1074.49,1769934600,1078.05,1074.05,1076.66
1068.11,1769934900,1074.56,1068.01,1074.56
1072.29,1769935200,1072.73,1066.9,1068.0
1069.48,1769935500,1072.85,1066.19,1071.92
1068.21,1769935800,1069.76,1065.5,1069.76
1063.64,1769936100,1068.91,1062.11,1068.36
1062.99,1769936400,1065.06,1061.58,1063.62
1063.74,1769936700,1067.0,1062.21,1062.41
1066.69,1769937000,1066.93,1062.23,1063.47
1066.83,1769937300,1067.43,1064.45,1066.4
1067.2,1769937600,1070.92,1066.91,1067.13
1066.27,1769937900,1069.28,1065.54,1067.5
1062.49,1769938200,1066.78,1062.46,1066.1
1064.16,1769938500,1066.77,1062.27,1062.56
1062.57,1769938800,1064.38,1060.04,1064.38
1065.76,1769939100,1066.8,1062.03,1062.77
1066.83,1769939400,1067.17,1060.89,1065.57
1065.93,1769939700,1067.27,1062.83,1067.1
1063.96,1769940000,1066.68,1060.69,1065.46
1064.9,1769940300,1065.79,1061.37,1063.99
1062.8,1769940600,1065.57,1062.6,1064.29
1059.17,1769940900,1063.29,1059.17,1062.68
1058.3,1769941200,1059.54,1056.37,1059.54
1055.18,1769941500,1060.54,1054.42,1058.36
1054.47,1769941800,1055.34,1052.19,1054.6
1057.96,1769942100,1059.02,1054.68,1054.72
1049.88,1769942400,1057.64,1049.38,1057.64
1047.91,1769942700,1050.85,1047.39,1050.05
1043.58,1769943000,1048.49,1042.31,1048.03
1048.0,1769943300,1048.0,1042.45,1043.57
1049.73,1769943600,1052.57,1047.59,1048.38
1052.69,1769943900,1054.18,1048.77,1049.26
1053.23,1769944200,1053.35,1049.81,1052.81
1053.81,1769944500,1055.76,1052.31,1053.28
1056.02,1769944800,1056.87,1052.31,1053.63
1056.36,1769945100,1057.51,1052.31,1055.99
1057.04,1769945400,1059.52,1056.37,1056.76
1063.3,1769945700,1064.34,1055.74,1057.16
1063.57,1769946000,1064.35,1061.33,1063.35
1064.77,1769946300,1066.12,1062.38,1063.55
1059.52,1769946600,1065.48,1059.31,1065.06
1064.11,1769946900,1064.11,1058.37,1059.1
1064.43,1769947200,1068.89,1063.51,1064.03
1065.94,1769947500,1067.59,1063.2,1063.99
1065.39,1769947800,1068.09,1065.31,1066.33
1064.97,1769948100,1065.89,1062.53,1065.08
1069.03,1769948400,1069.03,1062.79,1065.37
1069.59,1769948700,1070.09,1067.75,1068.72
1070.7,1769949000,1070.88,1067.43,1068.98
1066.24,1769949300,1070.51,1064.64,1070.51
1065.71,1769949600,1066.26,1061.8,1065.96
1064.24,1769949900,1069.42,1064.24,1065.63
1064.56,1769950200,1065.28,1062.33,1064.22
1061.51,1769950500,1065.05,1060.81,1064.5
1060.89,1769950800,1063.16,1059.97,1061.51
1066.54,1769951100,1067.2,1059.3,1060.97
1062.1,1769951400,1066.79,1061.25,1066.79
1069.51,1769951700,1070.12,1060.79,1061.82
1069.83,1769952000,1073.21,1068.21,1069.37
1067.4,1769952300,1071.66,1066.05,1069.73
1069.57,1769952600,1071.02,1067.34,1067.34
1070.97,1769952900,1072.71,1069.27,1069.6
1068.08,1769953200,1072.53,1065.58,1071.31
1073.12,1769953500,1073.12,1067.67,1068.63
1072.86,1769953800,1075.2,1071.17,1072.52
1074.15,1769954100,1075.97,1070.22,1072.58
1079.54,1769954400,1079.62,1073.55,1073.55
1079.04,1769954700,1082.88,1079.04,1079.53
1069.5,1769955000,1079.21,1069.03,1078.76
1069.57,1769955300,1071.61,1068.37,1069.18
1070.64,1769955600,1071.61,1066.21,1069.62
1072.72,1769955900,1073.06,1069.67,1070.36
1074.12,1769956200,1076.45,1072.4,1072.66
1074.71,1769956500,1077.0,1073.7,1074.08
1075.54,1769956800,1077.71,1074.53,1074.76
1074.53,1769957100,1077.16,1073.42,1075.45
1074.23,1769957400,1076.27,1072.78,1074.2
1076.72,1769957700,1079.98,1074.07,1074.24
1078.08,1769958000,1079.75,1075.27,1076.67
1077.73,1769958300,1080.68,1076.27,1078.17
1077.98,1769958600,1081.59,1077.17,1077.72
1079.86,1769958900,1084.01,1078.28,1078.47
1075.53,1769959200,1079.94,1073.77,1079.75
1074.53,1769959500,1079.63,1074.15,1075.64
1077.29,1769959800,1078.94,1074.69,1074.86
1070.53,1769960100,1077.48,1069.21,1077.26
1068.82,1769960400,1073.05,1068.53,1070.37
1067.62,1769960700,1069.22,1064.0,1069.22
1066.25,1769961000,1068.37,1064.51,1067.96
1060.24,1769961300,1066.12,1059.49,1065.97
1058.12,1769961600,1062.69,1057.98,1060.73
1056.21,1769961900,1058.86,1055.41,1057.73
1058.09,1769962200,1058.33,1055.17,1056.37
1058.47,1769962500,1060.96,1053.35,1057.75
1063.56,1769962800,1064.32,1057.57,1058.5
1064.26,1769963100,1065.56,1062.3,1063.59
1063.21,1769963400,1068.3,1063.02,1064.41
1064.19,1769963700,1066.63,1062.98,1063.33
1067.89,1769964000,1069.34,1064.26,1064.52
1067.66,1769964300,1068.38,1064.04,1067.49
1064.92,1769964600,1067.79,1062.73,1067.79
1062.95,1769964900,1064.95,1061.48,1064.61
1062.2,1769965200,1067.05,1059.82,1062.55
1062.86,1769965500,1067.0,1061.73,1061.73
1067.23,1769965800,1068.96,1060.88,1063.1
1065.47,1769966100,1068.12,1063.4,1067.14
1065.57,1769966400,1068.89,1064.4,1065.9
1065.38,1769966700,1067.98,1062.53,1065.49
1065.52,1769967000,1066.55,1063.02,1065.27
1076.7,1769967300,1077.07,1064.49,1065.12
1074.08,1769967600,1079.57,1074.08,1076.83
1074.68,1769967900,1075.83,1071.68,1074.11
1075.04,1769968200,1078.66,1073.58,1074.49
1074.12,1769968500,1075.36,1071.91,1074.79
1068.32,1769968800,1074.55,1067.97,1074.19
1072.53,1769969100,1072.88,1068.33,1068.72
1069.69,1769969400,1073.77,1068.57,1072.4
1069.88,1769969700,1070.69,1068.22,1069.89
1072.66,1769970000,1074.26,1067.6,1070.49
1066.97,1769970300,1072.86,1064.33,1072.86
1067.62,1769970600,1068.43,1065.44,1067.21
1068.29,1769970900,1069.61,1066.36,1067.46
1070.99,1769971200,1071.79,1067.11,1067.8
1068.6,1769971500,1071.86,1067.65,1071.25
1072.73,1769971800,1073.11,1066.94,1068.41
1070.67,1769972100,1073.86,1070.49,1072.64
1069.93,1769972400,1071.87,1067.34,1070.85
1062.77,1769972700,1069.76,1062.44,1069.76
1062.31,1769973000,1065.08,1060.97,1062.75
1061.26,1769973300,1063.57,1060.27,1062.11
1060.98,1769973600,1063.23,1059.62,1061.34
1053.38,1769973900,1063.83,1053.19,1060.91
1054.77,1769974200,1056.55,1052.75,1052.91
1054.1,1769974500,1055.14,1051.88,1054.89
1055.43,1769974800,1058.2,1053.17,1054.48
1053.63,1769975100,1056.4,1051.34,1055.1
1053.83,1769975400,1057.22,1052.06,1053.36
1050.04,1769975700,1054.26,1049.08,1054.24
1044.78,1769976000,1049.95,1042.99,1049.95
1045.98,1769976300,1047.44,1044.37,1044.52
1047.47,1769976600,1048.36,1044.93,1046.14
1046.65,1769976900,1047.19,1044.4,1047.17
1048.07,1769977200,1049.41,1045.21,1047.08
1045.3,1769977500,1048.13,1044.96,1048.12
1047.74,1769977800,1049.51,1045.1,1045.13
1050.54,1769978100,1052.04,1046.52,1047.54
1053.1,1769978400,1053.13,1049.63,1050.56
1055.47,1769978700,1056.91,1050.27,1053.25
1050.3,1769979000,1056.14,1049.96,1055.66
1052.69,1769979300,1053.3,1049.38,1050.48
1054.56,1769979600,1054.92,1051.68,1052.58
1052.53,1769979900,1057.91,1051.92,1054.63
1054.34,1769980200,1056.44,1051.07,1052.61
1053.6,1769980500,1055.36,1052.26,1053.7
1058.09,1769980800,1058.74,1051.83,1053.6
1065.39,1769981100,1065.67,1057.09,1058.49
1065.15,1769981400,1066.15,1062.38,1064.97
1064.4,1769981700,1065.25,1062.01,1065.25
1060.09,1769982000,1065.13,1058.49,1064.24
1064.93,1769982300,1067.39,1060.27,1060.27
1063.02,1769982600,1065.74,1060.56,1064.97
1060.16,1769982900,1063.72,1059.35,1062.62
1064.04,1769983200,1064.18,1059.76,1059.77
1064.26,1769983500,1067.38,1063.02,1064.09
1068.05,1769983800,1068.35,1063.79,1064.29
1063.56,1769984100,1069.56,1062.68,1068.43
1064.78,1769984400,1066.18,1062.4,1063.45
1060.54,1769984700,1064.99,1059.14,1064.51
1060.08,1769985000,1062.11,1059.26,1060.5
1062.1,1769985300,1062.1,1058.06,1060.58
1061.2,1769985600,1063.33,1059.53,1061.72
1061.57,1769985900,1063.93,1061.05,1061.29
1058.34,1769986200,1061.56,1057.17,1061.06
1060.88,1769986500,1060.88,1057.04,1058.72
1064.01,1769986800,1064.97,1060.47,1060.91
1064.67,1769987100,1065.3,1060.86,1064.02
1070.12,1769987400,1070.12,1063.92,1064.26
1066.01,1769987700,1069.7,1065.54,1069.7
1064.13,1769988000,1068.45,1064.06,1065.95
1066.81,1769988300,1067.16,1064.22,1064.22
1068.25,1769988600,1068.69,1063.55,1066.96
1068.26,1769988900,1069.61,1066.27,1068.44
1068.62,1769989200,1069.79,1066.35,1068.4
1063.73,1769989500,1069.62,1063.59,1068.3
1065.81,1769989800,1065.81,1061.78,1063.46
1065.57,1769990100,1067.47,1063.64,1066.28
1066.51,1769990400,1067.62,1063.9,1065.23
1066.21,1769990700,1068.17,1063.96,1066.22
1065.28,1769991000,1067.05,1062.89,1066.67
1061.52,1769991300,1067.45,1060.95,1065.46
1060.7,1769991600,1062.86,1058.86,1061.4
1062.93,1769991900,1063.79,1058.74,1060.66
1063.56,1769992200,1065.48,1062.21,1062.57
1062.95,1769992500,1066.43,1062.17,1063.61
1063.26,1769992800,1066.83,1062.12,1062.86
1059.61,1769993100,1063.6,1057.61,1063.13
1063.52,1769993400,1067.45,1059.85,1059.85
1068.18,1769993700,1068.18,1062.69,1063.32
1068.89,1769994000,1070.71,1067.23,1068.34
1072.79,1769994300,1072.83,1068.18,1069.02
1072.42,1769994600,1074.48,1070.25,1072.31
1070.12,1769994900,1073.49,1067.48,1072.64
1068.57,1769995200,1070.12,1065.0,1070.12
1066.87,1769995500,1069.29,1063.71,1068.59
1068.12,1769995800,1069.31,1065.96,1066.84
1067.38,1769996100,1068.41,1065.25,1068.02
1071.57,1769996400,1072.35,1065.4,1067.08
1073.69,1769996700,1075.1,1070.6,1070.91
1067.74,1769997000,1074.82,1067.74,1073.19
1065.91,1769997300,1068.99,1065.05,1067.69
1068.2,1769997600,1069.23,1065.36,1065.8
1070.18,1769997900,1071.19,1067.17,1068.19
1069.47,1769998200,1071.8,1068.97,1069.8
1064.68,1769998500,1070.35,1064.14,1069.33
1067.77,1769998800,1067.77,1063.38,1064.82
1068.95,1769999100,1069.1,1064.28,1068.23
1072.01,1769999400,1072.48,1066.89,1069.0
1075.78,1769999700,1076.36,1071.41,1071.85
1077.32,1770000000,1078.88,1074.36,1075.86
1079.75,1770000300,1080.85,1075.91,1077.67
1074.98,1770000600,1080.42,1074.69,1079.21
1070.87,1770000900,1076.5,1070.29,1074.96
1075.05,1770001200,1075.57,1070.35,1070.53
1073.83,1770001500,1075.59,1071.78,1074.88
1074.29,1770001800,1074.59,1072.14,1073.72
1070.98,1770002100,1075.84,1070.56,1074.29
1070.1,1770002400,1073.35,1068.75,1071.17
1064.9,1770002700,1070.93,1064.16,1070.93
1068.6,1770003000,1068.66,1063.1,1064.84
1067.28,1770003300,1069.1,1066.16,1068.39
1071.41,1770003600,1073.26,1065.83,1067.28
1062.69,1770003900,1071.72,1061.47,1071.28
1065.04,1770004200,1065.19,1062.62,1063.21
1066.64,1770004500,1066.85,1063.41,1065.18
1064.45,1770004800,1068.85,1064.14,1065.96
1064.43,1770005100,1065.67,1062.85,1063.98
1066.16,1770005400,1069.23,1061.77,1064.37
1065.81,1770005700,1069.1,1064.26,1065.86
1064.85,1770006000,1067.66,1063.96,1065.95
1070.05,1770006300,1070.17,1064.62,1064.78
1070.04,1770006600,1072.18,1067.98,1070.27
1073.78,1770006900,1073.78,1069.78,1069.78
1075.72,1770007200,1078.4,1073.38,1073.97
1077.81,1770007500,1080.06,1074.87,1075.46
1076.03,1770007800,1078.85,1074.48,1077.69
1074.41,1770008100,1076.27,1072.99,1076.27
1080.01,1770008400,1080.24,1074.01,1074.98
1078.41,1770008700,1081.1,1075.79,1079.98
1077.47,1770009000,1081.54,1074.76,1078.32
1074.94,1770009300,1080.63,1074.29,1077.49
1072.47,1770009600,1076.11,1071.2,1074.88
1072.74,1770009900,1074.91,1070.06,1072.53
1079.13,1770010200,1079.18,1072.57,1072.9
1083.25,1770010500,1084.39,1078.37,1079.41
1083.9,1770010800,1084.96,1081.18,1083.68
1088.47,1770011100,1089.5,1082.97,1084.2
1089.76,1770011400,1090.66,1086.43,1088.48
1091.97,1770011700,1094.21,1088.58,1089.76
1088.19,1770012000,1093.66,1087.24,1091.65
1092.56,1770012300,1093.15,1087.27,1088.12
1093.89,1770012600,1094.5,1091.33,1093.01
1088.52,1770012900,1095.38,1088.25,1093.74
1083.01,1770013200,1089.0,1082.57,1088.65
1084.83,1770013500,1085.66,1080.0,1083.39
1080.12,1770013800,1085.82,1079.1,1084.56
1077.22,1770014100,1080.41,1075.82,1080.16
1076.84,1770014400,1081.21,1075.65,1077.59
1070.47,1770014700,1079.41,1070.36,1077.03
1069.05,1770015000,1073.46,1068.14,1070.57
1071.13,1770015300,1072.87,1068.76,1069.21
1065.42,1770015600,1071.41,1065.4,1071.18
1066.76,1770015900,1067.8,1063.13,1065.41
1059.47,1770016200,1067.19,1059.47,1066.9
1055.83,1770016500,1059.45,1052.83,1059.45
1053.7,1770016800,1058.35,1053.49,1055.7
1049.49,1770017100,1054.5,1047.76,1053.95
1049.74,1770017400,1051.96,1045.68,1049.37
1048.77,1770017700,1050.66,1047.73,1049.37
1048.86,1770018000,1049.78,1046.18,1048.53
1054.0,1770018300,1054.51,1048.66,1048.91
1058.02,1770018600,1059.35,1053.1,1053.65
1058.08,1770018900,1061.01,1057.34,1058.14
1058.52,1770019200,1059.54,1055.96,1058.09
1061.68,1770019500,1062.2,1056.19,1058.67
1060.23,1770019800,1063.36,1058.66,1061.09
1061.77,1770020100,1062.8,1060.29,1060.64
1064.26,1770020400,1064.92,1060.02,1061.63
1055.15,1770020700,1064.58,1055.15,1064.06
1049.3,1770021000,1055.13,1049.24,1055.13
1044.56,1770021300,1049.31,1044.02,1049.11
1045.24,1770021600,1045.48,1042.46,1044.48
1040.87,1770021900,1045.15,1039.95,1045.07
1038.75,1770022200,1040.65,1036.64,1040.23
1033.64,1770022500,1039.1,1033.64,1039.03
1036.41,1770022800,1036.69,1033.26,1033.26
1040.19,1770023100,1040.46,1035.54,1036.1
1042.92,1770023400,1043.12,1040.42,1040.42
1048.37,1770023700,1048.37,1041.94,1042.63
1049.95,1770024000,1050.41,1047.56,1048.5
1049.27,1770024300,1051.22,1047.88,1049.7
1043.13,1770024600,1049.83,1043.04,1049.26
1041.82,1770024900,1047.11,1040.89,1043.1
1042.01,1770025200,1044.51,1038.5,1041.71
1037.99,1770025500,1042.51,1037.94,1042.31
1033.89,1770025800,1037.96,1032.01,1037.96
1033.35,1770026100,1035.34,1032.32,1033.88
1034.89,1770026400,1035.61,1030.98,1033.52
1039.68,1770026700,1040.1,1035.21,1035.21
1041.75,1770027000,1041.75,1035.68,1039.9
1039.58,1770027300,1043.48,1039.58,1041.77
1038.59,1770027600,1039.51,1036.65,1039.11
1042.02,1770027900,1042.02,1037.89,1038.19
1046.11,1770028200,1046.88,1041.84,1041.84
1040.21,1770028500,1045.91,1040.16,1045.69
1038.8,1770028800,1040.65,1036.91,1039.88
1039.97,1770029100,1042.58,1038.29,1038.95
1037.52,1770029400,1040.42,1035.75,1040.05
1047.28,1770029700,1047.29,1037.24,1037.66
1046.87,1770030000,1048.06,1044.54,1047.56
1042.56,1770030300,1047.45,1042.08,1046.84
1048.76,1770030600,1048.76,1041.58,1042.36
1050.82,1770030900,1051.05,1048.19,1048.84
1055.95,1770031200,1056.94,1050.78,1051.01
1058.45,1770031500,1058.52,1055.0,1055.86
1058.15,1770031800,1059.0,1057.15,1058.16
1059.64,1770032100,1060.54,1056.84,1057.97
1058.68,1770032400,1060.83,1057.84,1059.61
1058.51,1770032700,1060.72,1058.02,1059.07
1061.42,1770033000,1064.76,1058.03,1058.37
1058.01,1770033300,1063.5,1057.76,1061.38
1057.76,1770033600,1059.87,1057.24,1057.99
1058.72,1770033900,1058.72,1055.42,1057.77
1066.37,1770034200,1067.0,1058.78,1058.78
1062.84,1770034500,1066.33,1061.6,1066.33
1067.78,1770034800,1068.49,1062.62,1062.8
1069.22,1770035100,1071.19,1067.35,1067.35
1067.61,1770035400,1070.75,1067.41,1069.4
1062.7,1770035700,1067.76,1062.64,1067.76
1059.35,1770036000,1063.2,1058.45,1062.4
1060.63,1770036300,1063.93,1059.7,1059.7
1054.87,1770036600,1062.04,1054.64,1060.77
1053.33,1770036900,1057.16,1052.62,1055.11
1056.59,1770037200,1057.06,1051.31,1053.01
1055.0,1770037500,1059.75,1054.45,1056.48
1053.93,1770037800,1056.06,1051.26,1055.02
1054.32,1770038100,1056.44,1052.42,1053.66
1053.31,1770038400,1056.8,1053.31,1054.04
1057.92,1770038700,1059.96,1052.29,1053.26
1064.72,1770039000,1067.76,1057.01,1058.32
1057.41,1770039300,1064.52,1057.41,1064.52
1057.39,1770039600,1059.55,1055.67,1057.36
1052.57,1770039900,1059.47,1052.57,1057.6
1049.41,1770040200,1053.68,1049.17,1053.0
1051.2,1770040500,1052.14,1047.79,1049.66
1049.51,1770040800,1052.78,1048.56,1051.31
1047.67,1770041100,1050.45,1047.67,1049.61
1046.04,1770041400,1049.17,1044.62,1047.95
1045.24,1770041700,1047.59,1042.43,1045.88
1048.76,1770042000,1050.72,1044.73,1044.97
1046.56,1770042300,1049.55,1044.72,1048.82
1046.44,1770042600,1050.3,1045.56,1046.61
1047.96,1770042900,1050.11,1046.15,1046.15
1050.05,1770043200,1051.39,1047.41,1048.23
1044.4,1770043500,1049.88,1044.34,1049.74
1041.91,1770043800,1044.33,1040.59,1044.17
1042.28,1770044100,1043.23,1039.05,1041.95
1048.72,1770044400,1049.11,1042.08,1042.47
1047.42,1770044700,1051.16,1045.54,1048.77
1052.43,1770045000,1053.59,1046.19,1048.0
1053.01,1770045300,1053.89,1050.38,1052.27
1053.19,1770045600,1053.19,1049.59,1052.84
1058.66,1770045900,1059.44,1051.87,1052.93
1055.05,1770046200,1058.54,1053.42,1058.54
1060.98,1770046500,1060.98,1054.46,1054.86
1059.83,1770046800,1062.23,1059.03,1060.72
1058.62,1770047100,1061.7,1058.62,1059.75
1058.33,1770047400,1059.91,1056.82,1059.08
1059.09,1770047700,1060.1,1055.18,1058.75
1063.3,1770048000,1063.67,1058.4,1058.99
1066.23,1770048300,1066.57,1061.94,1063.14
1067.88,1770048600,1069.09,1063.72,1065.82
1065.2,1770048900,1068.24,1063.64,1068.15
1067.68,1770049200,1068.84,1064.56,1064.83
1063.66,1770049500,1067.65,1061.58,1067.36
1065.19,1770049800,1065.66,1062.01,1063.37
1064.68,1770050100,1065.47,1062.23,1064.72
1062.05,1770050400,1065.54,1060.69,1064.96
1063.53,1770050700,1065.54,1061.78,1061.82
1062.46,1770051000,1064.99,1060.03,1063.99
1066.51,1770051300,1066.51,1062.24,1062.24
1067.98,1770051600,1069.89,1066.18,1066.49
1067.44,1770051900,1070.69,1066.55,1068.35
1066.64,1770052200,1068.99,1065.99,1067.27
1066.33,1770052500,1068.76,1064.18,1066.79
1067.58,1770052800,1068.91,1065.33,1066.37
1068.59,1770053100,1071.05,1066.92,1067.76
1069.97,1770053400,1071.99,1068.5,1068.5
1069.83,1770053700,1071.8,1069.69,1070.37
1068.09,1770054000,1072.77,1067.42,1069.34
1070.57,1770054300,1071.05,1067.72,1068.22
1069.37,1770054600,1071.82,1067.66,1070.42
1076.88,1770054900,1077.08,1068.63,1069.61
1075.19,1770055200,1077.77,1073.79,1076.54
1069.41,1770055500,1075.26,1068.82,1075.1
1060.14,1770055800,1069.54,1059.33,1069.18
1059.85,1770056100,1062.32,1057.99,1060.06
1068.48,1770056400,1068.96,1059.39,1060.75
1072.89,1770056700,1072.89,1067.18,1068.42
1067.49,1770057000,1072.41,1067.49,1072.33
1071.5,1770057300,1072.09,1065.46,1067.51
1068.14,1770057600,1071.74,1066.5,1071.16
1066.43,1770057900,1068.32,1064.23,1067.74
1072.12,1770058200,1072.12,1065.67,1066.54
1072.37,1770058500,1073.33,1070.06,1071.85
1072.04,1770058800,1075.32,1071.47,1072.72
1069.9,1770059100,1076.7,1069.69,1071.98
1072.33,1770059400,1073.05,1069.11,1069.58
1076.0,1770059700,1076.01,1071.18,1072.17
1081.97,1770060000,1082.37,1075.42,1075.47
1086.67,1770060300,1088.51,1081.92,1082.28
1086.44,1770060600,1087.34,1083.86,1086.49
1084.78,1770060900,1088.64,1084.78,1086.52
1083.64,1770061200,1086.2,1082.85,1084.62
1084.56,1770061500,1087.55,1083.61,1084.16
1081.6,1770061800,1085.52,1080.64,1084.74
1078.04,1770062100,1081.99,1077.2,1081.89
1085.39,1770062400,1085.39,1078.23,1078.25
1077.0,1770062700,1085.4,1077.0,1085.12
1078.09,1770063000,1080.88,1075.97,1077.4
1079.3,1770063300,1079.91,1075.93,1078.47
1080.78,1770063600,1082.33,1077.2,1079.38
1080.04,1770063900,1083.7,1079.41,1081.12
1079.92,1770064200,1082.69,1078.83,1080.13
1081.94,1770064500,1082.71,1079.48,1079.81
1080.58,1770064800,1082.9,1079.64,1081.44
1085.55,1770065100,1085.55,1080.46,1080.85
1084.94,1770065400,1086.45,1083.54,1085.65
1086.75,1770065700,1087.95,1084.46,1084.75
1089.34,1770066000,1089.6,1086.43,1087.18
1092.44,1770066300,1092.94,1089.21,1089.21
1095.23,1770066600,1095.23,1091.26,1092.08
1095.5,1770066900,1100.08,1094.39,1095.79
1096.3,1770067200,1097.43,1092.7,1095.52
1096.12,1770067500,1100.44,1094.48,1096.56
1097.6,1770067800,1097.6,1093.56,1095.98
1096.55,1770068100,1097.81,1095.14,1097.56
1106.63,1770068400,1107.6,1096.06,1096.23
1104.56,1770068700,1107.23,1103.75,1107.12
1107.11,1770069000,1107.6,1103.61,1104.76
1111.12,1770069300,1111.39,1104.62,1107.41
1104.72,1770069600,1111.44,1104.72,1111.02
1106.36,1770069900,1107.66,1103.69,1104.6
1103.63,1770070200,1108.09,1103.16,1106.38
1097.76,1770070500,1105.0,1097.65,1103.43
1096.45,1770070800,1098.5,1094.4,1098.04
1101.39,1770071100,1101.95,1094.66,1096.04
1103.27,1770071400,1103.39,1099.86,1101.47
1103.26,1770071700,1105.37,1100.96,1103.1
1107.06,1770072000,1107.38,1102.83,1103.07
1101.43,1770072300,1107.16,1101.14,1107.04
1096.29,1770072600,1101.51,1096.29,1101.4
1096.65,1770072900,1098.26,1094.95,1096.77
1101.96,1770073200,1103.29,1096.59,1096.6
1100.19,1770073500,1102.09,1096.68,1101.86
1105.27,1770073800,1105.27,1098.94,1100.48
1107.14,1770074100,1107.89,1102.47,1105.23
1107.36,1770074400,1107.64,1103.22,1107.07
1101.9,1770074700,1107.65,1101.9,1107.27
1103.84,1770075000,1104.03,1100.6,1101.95
1105.3,1770075300,1105.45,1103.05,1103.57
1105.32,1770075600,1107.91,1104.18,1105.16
1101.64,1770075900,1105.66,1101.64,1105.14
1104.38,1770076200,1106.02,1098.95,1101.59
1103.6,1770076500,1105.41,1101.43,1104.71
1103.2,1770076800,1104.59,1100.34,1103.88
1099.19,1770077100,1102.53,1096.9,1102.53
1097.09,1770077400,1102.13,1097.05,1099.04
1099.94,1770077700,1101.92,1097.05,1097.16
1095.81,1770078000,1100.95,1095.66,1100.94
1091.65,1770078300,1097.72,1091.13,1096.31
1090.81,1770078600,1092.64,1087.94,1091.1
1092.12,1770078900,1092.22,1088.52,1090.59
1092.87,1770079200,1095.56,1091.6,1091.86
1095.79,1770079500,1097.07,1091.03,1092.78
1098.88,1770079800,1100.83,1094.5,1096.16
1101.86,1770080100,1101.98,1098.09,1099.31
1103.7,1770080400,1104.77,1101.12,1102.39
1103.84,1770080700,1106.67,1102.12,1103.84
1103.38,1770081000,1104.24,1100.93,1103.51
1110.99,1770081300,1111.56,1103.3,1103.78
1116.49,1770081600,1116.57,1111.37,1111.37
1117.67,1770081900,1117.76,1111.96,1116.6
1120.83,1770082200,1122.16,1117.21,1117.53
1121.23,1770082500,1124.53,1120.92,1121.22
1130.07,1770082800,1130.07,1120.58,1120.72
1127.12,1770083100,1133.07,1126.02,1130.35
1125.5,1770083400,1127.9,1123.97,1126.75
1121.79,1770083700,1126.99,1119.49,1125.29
1122.22,1770084000,1123.63,1120.52,1121.95
1122.73,1770084300,1123.11,1119.14,1121.86
1117.48,1770084600,1123.25,1116.2,1122.58
1117.72,1770084900,1119.09,1114.53,1117.43
1115.62,1770085200,1118.56,1114.01,1117.97
1113.71,1770085500,1116.34,1111.56,1115.96
1116.11,1770085800,1119.27,1112.84,1113.71
1114.58,1770086100,1116.6,1113.26,1115.91
1116.91,1770086400,1119.19,1114.39,1114.61
1118.46,1770086700,1119.44,1116.9,1117.1
1122.87,1770087000,1123.04,1117.91,1118.61
1117.03,1770087300,1122.92,1115.86,1122.79
1119.14,1770087600,1120.53,1116.83,1117.22
1114.56,1770087900,1120.74,1112.93,1119.13
1116.49,1770088200,1117.79,1114.23,1114.57
1117.22,1770088500,1120.25,1115.62,1116.42
1114.47,1770088800,1118.28,1113.93,1117.3
1115.7,1770089100,1116.45,1110.48,1113.96
1111.5,1770089400,1116.97,1109.82,1115.58
1108.59,1770089700,1114.44,1107.19,1111.44
1109.13,1770090000,1111.19,1106.74,1108.28
1105.6,1770090300,1109.68,1102.76,1109.44
1101.48,1770090600,1106.8,1099.07,1105.81
1102.96,1770090900,1104.99,1100.17,1101.4
1099.69,1770091200,1103.11,1099.69,1102.87
1105.61,1770091500,1106.82,1099.16,1099.71
1104.4,1770091800,1105.63,1103.19,1105.16
1102.73,1770092100,1104.86,1101.2,1104.29
1102.57,1770092400,1104.0,1100.88,1102.17
1097.13,1770092700,1102.76,1095.1,1102.38
1098.95,1770093000,1100.38,1095.69,1097.27
1099.5,1770093300,1100.93,1098.63,1099.31
1100.97,1770093600,1100.97,1097.96,1099.18
1101.71,1770093900,1104.27,1099.58,1101.08
1097.61,1770094200,1102.61,1096.68,1102.2
1100.42,1770094500,1101.26,1097.23,1097.23
1096.6,1770094800,1100.53,1094.42,1100.53
1095.87,1770095100,1099.37,1095.82,1096.44
1101.78,1770095400,1102.33,1096.12,1096.12
1100.47,1770095700,1101.74,1096.67,1101.74
1102.86,1770096000,1103.41,1097.71,1100.2
1102.82,1770096300,1103.5,1099.48,1103.01
1107.68,1770096600,1108.04,1102.09,1102.35
1106.8,1770096900,1111.65,1106.08,1108.16
1103.74,1770097200,1109.52,1103.72,1107.22
1095.68,1770097500,1103.88,1095.68,1103.49
1095.51,1770097800,1097.46,1093.59,1095.69
1102.63,1770098100,1103.35,1094.56,1094.96
1102.47,1770098400,1103.66,1101.34,1102.92
1101.8,1770098700,1103.14,1098.94,1102.29
1103.49,1770099000,1104.32,1101.23,1101.72
1105.46,1770099300,1105.61,1101.3,1103.69
1103.7,1770099600,1106.54,1102.97,1105.02
1099.47,1770099900,1104.69,1099.37,1104.08
1097.74,1770100200,1101.02,1097.1,1099.49
1101.58,1770100500,1103.4,1097.1,1097.96
1104.44,1770100800,1105.29,1099.11,1101.66
1101.68,1770101100,1104.54,1100.71,1104.43
1102.41,1770101400,1104.71,1100.14,1101.41
1101.95,1770101700,1102.7,1098.52,1102.38
1102.54,1770102000,1106.53,1102.01,1102.01
1105.37,1770102300,1105.37,1100.66,1102.71
1109.8,1770102600,1110.35,1105.63,1105.71
1113.51,1770102900,1113.51,1108.03,1109.5
1119.5,1770103200,1120.93,1112.97,1113.1
1120.16,1770103500,1122.1,1117.09,1119.9
1118.05,1770103800,1120.07,1116.45,1119.61
1123.77,1770104100,1124.93,1116.52,1118.61
1118.57,1770104400,1125.13,1118.16,1123.75
1116.21,1770104700,1120.12,1114.48,1118.31
1121.07,1770105000,1122.22,1115.27,1115.97
1116.74,1770105300,1120.47,1112.86,1120.47
1115.91,1770105600,1118.17,1112.67,1116.72
1114.24,1770105900,1117.23,1112.62,1115.9
1115.33,1770106200,1115.35,1111.48,1114.34
1111.12,1770106500,1116.45,1109.94,1115.53
1117.67,1770106800,1117.67,1110.72,1111.3
1113.51,1770107100,1118.12,1112.7,1117.71
1114.18,1770107400,1114.18,1111.63,1113.9
1115.72,1770107700,1115.77,1112.32,1114.25
1117.71,1770108000,1120.88,1115.65,1115.7
1118.14,1770108300,1120.25,1116.47,1117.71
1118.68,1770108600,1120.76,1116.72,1117.76
1121.65,1770108900,1122.0,1116.05,1119.03
1122.87,1770109200,1123.15,1118.33,1121.36
1122.32,1770109500,1128.55,1121.9,1122.37
1123.51,1770109800,1126.91,1122.13,1122.5
1120.57,1770110100,1125.6,1119.41,1123.31
1119.59,1770110400,1122.33,1119.05,1120.3
1120.45,1770110700,1121.42,1118.84,1119.61
1125.02,1770111000,1127.89,1120.4,1120.4
1126.46,1770111300,1128.0,1123.06,1125.07
1130.13,1770111600,1130.68,1126.0,1126.51
1129.55,1770111900,1132.46,1128.07,1130.39
1133.42,1770112200,1135.05,1126.92,1129.46
1136.12,1770112500,1136.61,1132.48,1133.37
1136.16,1770112800,1138.26,1134.79,1136.29
1139.7,1770113100,1139.7,1135.48,1136.01
1135.96,1770113400,1139.73,1133.53,1139.58
1136.36,1770113700,1137.35,1133.54,1135.73
1135.2,1770114000,1138.01,1132.51,1136.04
1135.5,1770114300,1138.84,1134.77,1135.69
1139.95,1770114600,1139.95,1135.47,1136.12
1142.4,1770114900,1144.12,1139.53,1139.53
1145.59,1770115200,1145.59,1140.79,1142.57
1140.59,1770115500,1146.15,1138.47,1145.66
1142.03,1770115800,1143.59,1141.02,1141.05
1141.56,1770116100,1144.83,1138.96,1142.15
1140.77,1770116400,1143.56,1139.9,1141.74
1146.0,1770116700,1147.04,1140.42,1140.72
1140.79,1770117000,1147.63,1140.5,1145.56
1148.28,1770117300,1148.28,1140.66,1140.66
1143.77,1770117600,1148.75,1143.32,1147.83
1138.91,1770117900,1143.85,1136.56,1143.78
1139.73,1770118200,1141.44,1139.04,1139.3
1132.45,1770118500,1139.51,1130.7,1139.5
1135.22,1770118800,1137.43,1132.5,1132.5
1134.87,1770119100,1136.67,1130.72,1135.13
1138.18,1770119400,1138.84,1134.58,1134.73
1140.22,1770119700,1140.22,1137.44,1137.7
1133.91,1770120000,1141.4,1133.9,1139.99
1129.62,1770120300,1136.98,1129.22,1134.29
1127.55,1770120600,1128.84,1124.27,1128.84
1124.91,1770120900,1130.51,1124.15,1127.77
1131.26,1770121200,1131.32,1124.25,1125.16
1127.81,1770121500,1132.64,1125.7,1131.27
1129.6,1770121800,1131.28,1126.41,1127.98
1128.25,1770122100,1130.22,1125.58,1130.1
1126.88,1770122400,1129.9,1125.76,1128.5
1126.04,1770122700,1127.43,1122.39,1126.87
1130.66,1770123000,1131.87,1124.75,1125.88
1124.93,1770123300,1131.11,1124.93,1130.6
1122.68,1770123600,1125.83,1121.55,1125.14
1119.34,1770123900,1123.44,1115.61,1122.73
1120.96,1770124200,1120.99,1115.66,1119.22
1125.45,1770124500,1125.76,1120.09,1121.33
1129.87,1770124800,1129.99,1125.44,1125.44
1134.68,1770125100,1136.16,1129.08,1129.73
1133.49,1770125400,1136.52,1133.49,1134.39
1126.32,1770125700,1134.17,1126.32,1133.53
1116.41,1770126000,1125.96,1116.41,1125.61
1108.32,1770126300,1117.7,1108.32,1116.84
1108.11,1770126600,1110.26,1106.21,1108.37
1112.04,1770126900,1113.2,1107.38,1108.15
1110.57,1770127200,1113.03,1108.6,1111.85
1110.77,1770127500,1113.16,1109.74,1110.15
1110.62,1770127800,1111.62,1108.42,1110.23
1109.38,1770128100,1110.9,1106.2,1110.66
1108.26,1770128400,1112.69,1108.26,1109.27
1103.55,1770128700,1108.48,1103.09,1108.04
1104.49,1770129000,1105.59,1102.27,1103.54
1105.77,1770129300,1106.07,1101.71,1104.35
1103.79,1770129600,1107.47,1103.43,1105.41
1103.8,1770129900,1104.95,1102.14,1103.78
1107.86,1770130200,1109.48,1102.85,1103.75
1107.44,1770130500,1108.37,1105.29,1107.65
1105.1,1770130800,1108.66,1104.24,1107.25
1108.82,1770131100,1109.27,1104.41,1105.02
1107.57,1770131400,1109.61,1104.69,1109.0
1107.51,1770131700,1109.0,1104.78,1107.25
1103.95,1770132000,1108.93,1103.91,1107.82
1113.96,1770132300,1114.19,1102.97,1103.74
1114.87,1770132600,1116.07,1113.44,1114.03
1122.65,1770132900,1123.08,1114.46,1115.13
1120.81,1770133200,1123.62,1119.33,1122.91
1120.44,1770133500,1121.65,1118.27,1120.74
1120.64,1770133800,1121.91,1117.86,1120.58
1122.04,1770134100,1122.04,1118.39,1120.63
1122.57,1770134400,1123.69,1119.67,1122.32
1117.27,1770134700,1123.05,1114.91,1122.63
1115.43,1770135000,1117.72,1112.1,1116.74
1117.49,1770135300,1117.49,1112.22,1115.53
1115.03,1770135600,1118.45,1112.98,1117.66
1115.04,1770135900,1118.64,1114.67,1115.22
1114.55,1770136200,1115.62,1112.65,1115.31
1110.88,1770136500,1115.01,1110.6,1114.83
1105.64,1770136800,1112.24,1105.26,1110.87
1103.52,1770137100,1106.21,1102.29,1105.7
1106.26,1770137400,1108.1,1103.75,1103.81
1101.8,1770137700,1106.51,1101.64,1106.51
1103.87,1770138000,1103.93,1100.41,1102.07
1111.12,1770138300,1111.97,1102.46,1103.7
1107.6,1770138600,1111.7,1106.03,1110.74
1108.14,1770138900,1110.3,1106.67,1107.68
1113.35,1770139200,1114.36,1107.06,1108.28
1109.79,1770139500,1114.38,1109.23,1113.17
1113.56,1770139800,1113.56,1109.81,1109.81
1112.88,1770140100,1115.67,1108.97,1113.7
1110.84,1770140400,1115.72,1110.84,1113.17
1110.24,1770140700,1113.01,1110.09,1110.81
1105.84,1770141000,1112.45,1105.84,1109.97
1101.41,1770141300,1105.76,1101.22,1105.76
1099.88,1770141600,1101.57,1098.86,1101.28
1095.99,1770141900,1101.15,1095.71,1099.57
1099.19,1770142200,1100.36,1096.35,1096.35
1099.33,1770142500,1102.74,1099.09,1099.55
1098.6,1770142800,1101.9,1097.1,1099.44
1102.54,1770143100,1103.0,1096.68,1099.02
1100.69,1770143400,1103.8,1097.8,1102.64
1103.97,1770143700,1104.76,1100.84,1100.84
1102.7,1770144000,1105.01,1100.27,1104.27
1103.0,1770144300,1105.48,1101.55,1102.99
1105.42,1770144600,1107.03,1102.97,1103.33
1104.11,1770144900,1107.19,1102.59,1105.53
1104.4,1770145200,1105.64,1103.39,1104.27
1099.16,1770145500,1105.51,1096.38,1104.74
1099.72,1770145800,1101.85,1097.71,1099.48
1099.62,1770146100,1102.75,1098.56,1099.72
1101.34,1770146400,1101.34,1098.56,1099.06
1096.03,1770146700,1102.03,1094.72,1101.09
1095.1,1770147000,1096.75,1093.44,1095.95
1092.63,1770147300,1096.05,1090.17,1094.84
1096.95,1770147600,1098.19,1091.77,1092.54
1094.99,1770147900,1099.01,1094.77,1097.04
1094.64,1770148200,1097.75,1094.34,1095.12
1095.28,1770148500,1096.16,1092.86,1094.71
1095.29,1770148800,1098.49,1094.19,1095.11
1096.07,1770149100,1097.11,1094.29,1095.4
1098.6,1770149400,1101.65,1095.73,1095.96
1101.52,1770149700,1104.08,1098.5,1098.5
1104.95,1770150000,1105.19,1100.4,1101.79
1104.69,1770150300,1107.55,1103.01,1104.83
1107.01,1770150600,1110.5,1104.95,1104.95
1108.56,1770150900,1110.12,1103.86,1107.49
1109.89,1770151200,1115.54,1107.38,1108.49
1111.42,1770151500,1112.0,1108.9,1109.71
1113.44,1770151800,1114.62,1110.99,1111.87
1113.28,1770152100,1116.69,1112.05,1113.76
1116.38,1770152400,1116.52,1111.56,1113.61
1116.87,1770152700,1118.3,1114.96,1116.35
1117.1,1770153000,1118.32,1114.91,1116.68
1117.34,1770153300,1118.54,1113.52,1116.82
1115.74,1770153600,1119.07,1115.57,1117.55
1109.1,1770153900,1115.82,1107.88,1115.82
1105.78,1770154200,1110.86,1103.74,1109.17
1107.63,1770154500,1110.96,1105.87,1105.94
1103.83,1770154800,1110.75,1103.83,1107.7
1105.14,1770155100,1107.2,1102.45,1103.93
1107.96,1770155400,1108.33,1104.01,1105.21
1110.59,1770155700,1112.24,1106.3,1107.4
1116.56,1770156000,1118.06,1110.07,1110.5
1115.51,1770156300,1118.66,1113.26,1116.19
1114.79,1770156600,1117.12,1114.36,1115.22
1114.94,1770156900,1118.01,1112.9,1114.97
1115.53,1770157200,1116.07,1113.09,1114.64
1113.36,1770157500,1116.12,1113.03,1115.74
1113.37,1770157800,1116.29,1111.2,1113.17
1110.19,1770158100,1113.97,1109.77,1113.25
1112.59,1770158400,1113.77,1108.89,1109.68
1110.56,1770158700,1112.49,1106.89,1112.28
1111.85,1770159000,1113.25,1109.26,1111.06
1112.58,1770159300,1113.99,1111.53,1111.75
1119.9,1770159600,1120.36,1112.58,1112.84
1123.75,1770159900,1124.57,1118.59,1119.48
1123.56,1770160200,1124.95,1117.83,1123.39
1119.51,1770160500,1123.29,1119.35,1122.99
1119.72,1770160800,1123.34,1118.22,1119.64
1127.51,1770161100,1127.69,1119.02,1119.08
1129.34,1770161400,1130.77,1127.74,1127.74
1130.74,1770161700,1131.07,1127.84,1129.52
1129.3,1770162000,1134.1,1129.14,1131.04
1122.52,1770162300,1130.15,1122.52,1129.17
1117.34,1770162600,1125.84,1116.55,1122.63
1115.23,1770162900,1117.2,1112.89,1116.91
1116.47,1770163200,1117.92,1114.94,1115.99
1118.99,1770163500,1120.53,1116.05,1116.5
1117.68,1770163800,1120.44,1117.25,1119.25
1118.82,1770164100,1120.92,1117.01,1118.13
1114.73,1770164400,1119.11,1114.33,1118.77
1109.38,1770164700,1114.38,1109.38,1114.38
1111.35,1770165000,1112.31,1106.9,1109.48
1111.81,1770165300,1114.55,1110.86,1111.0
1120.32,1770165600,1120.96,1111.49,1111.88
1120.63,1770165900,1123.5,1117.55,1120.4
1119.65,1770166200,1122.29,1117.02,1120.59
1118.37,1770166500,1121.32,1117.91,1119.46
1121.77,1770166800,1122.0,1116.66,1118.56
1128.55,1770167100,1129.14,1122.19,1122.58
1127.01,1770167400,1129.72,1125.79,1128.84
1127.93,1770167700,1130.46,1125.91,1126.89
1131.34,1770168000,1131.92,1128.07,1128.14
1127.52,1770168300,1135.95,1127.42,1131.41
1130.67,1770168600,1132.33,1128.15,1128.15
1127.7,1770168900,1131.64,1126.32,1131.13
1120.89,1770169200,1128.58,1120.89,1127.18
1125.2,1770169500,1125.43,1120.65,1120.65
1123.08,1770169800,1125.75,1120.31,1125.46
1128.74,1770170100,1129.7,1123.27,1123.27
1131.42,1770170400,1132.08,1128.2,1128.55
1131.1,1770170700,1134.0,1130.13,1131.55
1132.96,1770171000,1133.28,1130.49,1130.97
1130.91,1770171300,1133.29,1130.38,1132.91
1128.59,1770171600,1131.79,1128.59,1130.62
1125.69,1770171900,1130.11,1122.69,1128.77
1126.03,1770172200,1127.66,1122.04,1125.2
1122.0,1770172500,1128.59,1121.35,1125.78
1121.71,1770172800,1125.33,1120.31,1122.48
1120.48,1770173100,1121.55,1117.57,1121.55
1112.49,1770173400,1121.63,1111.92,1120.35
1116.88,1770173700,1117.73,1111.71,1112.66
1109.64,1770174000,1116.68,1109.15,1116.68
1115.07,1770174300,1115.55,1108.57,1109.59
1111.28,1770174600,1115.76,1111.06,1114.95
1111.29,1770174900,1114.1,1109.31,1111.2
1111.12,1770175200,1112.35,1110.0,1111.37
1105.16,1770175500,1111.04,1103.22,1111.04
1108.75,1770175800,1109.52,1103.48,1105.64
1106.81,1770176100,1109.52,1106.08,1108.71
1106.9,1770176400,1107.96,1103.79,1106.87
1116.89,1770176700,1116.89,1106.03,1106.78
1112.13,1770177000,1118.25,1112.13,1117.07
1115.84,1770177300,1117.83,1110.39,1111.7
1115.23,1770177600,1116.22,1112.27,1115.81
1113.05,1770177900,1115.36,1112.93,1115.31
1110.06,1770178200,1114.69,1109.48,1112.86
1106.84,1770178500,1111.79,1106.34,1110.26
1112.0,1770178800,1112.0,1106.44,1106.44
1113.2,1770179100,1113.63,1109.86,1111.63
1115.29,1770179400,1116.68,1111.55,1113.62
1110.34,1770179700,1116.72,1110.34,1115.47
1111.45,1770180000,1112.81,1106.3,1109.99
1111.25,1770180300,1114.19,1110.79,1111.2
1109.95,1770180600,1114.1,1108.49,1111.19
1108.49,1770180900,1110.97,1106.86,1109.58
1111.77,1770181200,1113.1,1108.15,1109.1
1114.45,1770181500,1115.08,1111.43,1111.5
1112.77,1770181800,1114.45,1111.1,1113.8
1110.42,1770182100,1114.0,1110.1,1113.15
1113.77,1770182400,1115.76,1109.42,1110.7
1107.19,1770182700,1115.35,1107.19,1113.69
1110.67,1770183000,1112.89,1105.88,1107.01
1106.56,1770183300,1111.17,1103.92,1111.11
1107.38,1770183600,1107.39,1104.99,1106.2
1102.33,1770183900,1107.1,1101.32,1106.99
1101.33,1770184200,1105.26,1100.95,1101.76
1100.94,1770184500,1102.25,1098.12,1101.39
1097.64,1770184800,1102.85,1097.64,1101.26
1103.1,1770185100,1103.13,1097.49,1097.65
1097.62,1770185400,1104.28,1097.62,1102.46
1102.36,1770185700,1102.75,1097.46,1097.63
1092.59,1770186000,1102.18,1092.51,1101.89
1092.39,1770186300,1094.6,1090.38,1092.19
1100.34,1770186600,1101.02,1091.82,1091.82
1103.41,1770186900,1104.18,1098.8,1100.19
1101.34,1770187200,1103.82,1098.84,1103.53
1107.05,1770187500,1107.4,1101.82,1101.82
1112.47,1770187800,1112.96,1106.95,1106.95
1111.24,1770188100,1112.06,1109.51,1111.86
1117.41,1770188400,1117.41,1109.98,1111.08
1119.49,1770188700,1121.66,1115.19,1117.54
1117.22,1770189000,1120.12,1115.19,1119.51
1109.36,1770189300,1117.93,1107.07,1117.8
1102.8,1770189600,1109.91,1102.72,1109.7
1106.95,1770189900,1107.74,1101.85,1102.72
1110.96,1770190200,1111.31,1104.27,1107.13
1114.51,1770190500,1114.85,1109.12,1111.47
1113.89,1770190800,1117.5,1112.06,1114.62
1115.91,1770191100,1115.96,1109.78,1113.82
1119.78,1770191400,1119.78,1115.42,1115.87
1121.75,1770191700,1122.51,1118.41,1119.51
1125.51,1770192000,1125.51,1121.47,1121.5
1129.7,1770192300,1130.21,1124.33,1125.37
1131.9,1770192600,1131.9,1127.98,1129.9
1131.38,1770192900,1133.15,1130.05,1131.69
1132.96,1770193200,1134.87,1130.98,1131.03
1130.14,1770193500,1133.22,1128.48,1132.86
1132.23,1770193800,1133.48,1129.07,1130.3
1121.01,1770194100,1132.07,1121.01,1132.04
1121.27,1770194400,1122.87,1118.56,1121.27
1113.04,1770194700,1121.05,1112.74,1121.05
1110.62,1770195000,1113.5,1109.18,1112.42
1112.04,1770195300,1116.04,1109.9,1110.62
1115.36,1770195600,1117.07,1112.27,1112.32
1107.13,1770195900,1115.77,1105.98,1115.28
1105.47,1770196200,1107.34,1102.82,1107.2
1109.49,1770196500,1109.49,1103.62,1105.29
1107.83,1770196800,1110.36,1105.03,1109.81
1105.1,1770197100,1108.01,1103.08,1107.31
1101.86,1770197400,1107.37,1100.88,1105.04
1098.14,1770197700,1103.11,1093.76,1102.09
1098.36,1770198000,1100.12,1097.26,1098.58
1102.51,1770198300,1104.5,1098.55,1098.71
1103.41,1770198600,1105.31,1101.31,1102.3
1107.01,1770198900,1107.01,1103.38,1103.86
1109.8,1770199200,1111.21,1105.31,1106.71
1110.73,1770199500,1111.49,1106.24,1109.89
1107.93,1770199800,1110.97,1106.85,1110.77
1110.63,1770200100,1110.7,1105.92,1108.3
1110.3,1770200400,1112.27,1107.76,1110.74
1109.83,1770200700,1113.49,1107.65,1110.46
1111.55,1770201000,1112.78,1108.71,1109.47
1117.67,1770201300,1118.88,1110.77,1111.51
1113.22,1770201600,1117.81,1113.17,1117.65
1109.79,1770201900,1114.13,1109.64,1112.75
1110.13,1770202200,1111.53,1108.25,1109.8
1113.68,1770202500,1113.69,1108.93,1110.34
1112.21,1770202800,1115.13,1109.93,1113.5
1115.31,1770203100,1116.7,1112.35,1112.83
1117.51,1770203400,1118.22,1114.3,1115.56
1116.13,1770203700,1121.85,1114.9,1117.84
1121.9,1770204000,1123.76,1115.48,1115.96
1122.11,1770204300,1122.4,1117.24,1121.99
1120.94,1770204600,1121.84,1114.99,1121.84
1122.97,1770204900,1122.97,1118.04,1121.09
1127.12,1770205200,1127.2,1122.93,1122.93
1133.49,1770205500,1133.49,1127.18,1127.21
1129.36,1770205800,1133.9,1128.53,1133.54
1128.87,1770206100,1131.92,1127.19,1129.85
1132.9,1770206400,1133.53,1125.95,1128.77
1137.49,1770206700,1138.08,1133.03,1133.1
1144.77,1770207000,1144.87,1136.89,1137.79
1147.08,1770207300,1147.9,1144.05,1145.06
1151.35,1770207600,1155.17,1146.46,1146.95
1147.13,1770207900,1153.86,1145.32,1151.49
1143.59,1770208200,1148.39,1142.31,1147.09
1139.44,1770208500,1144.29,1135.09,1143.35
1146.55,1770208800,1147.07,1138.67,1139.33
1141.12,1770209100,1148.08,1137.24,1146.71
1140.67,1770209400,1143.92,1139.69,1141.14
1143.03,1770209700,1144.18,1140.54,1140.74
1141.43,1770210000,1146.94,1141.43,1142.85
1136.35,1770210300,1141.17,1133.89,1141.17
1134.6,1770210600,1137.2,1132.87,1136.01
1135.94,1770210900,1136.29,1132.3,1134.64
1131.67,1770211200,1135.93,1130.66,1135.93
1131.32,1770211500,1132.77,1129.09,1131.86
1135.34,1770211800,1136.01,1129.88,1131.33
1138.08,1770212100,1138.73,1132.76,1135.76
1142.41,1770212400,1142.77,1135.98,1137.85
1146.44,1770212700,1146.99,1141.58,1142.54
1144.41,1770213000,1147.1,1143.97,1146.75
1138.88,1770213300,1145.54,1138.88,1144.72
1139.04,1770213600,1139.76,1134.67,1138.69
1146.38,1770213900,1146.38,1138.98,1138.98
1145.43,1770214200,1147.71,1145.08,1145.75
1146.31,1770214500,1147.64,1143.63,1145.6
1136.26,1770214800,1147.76,1135.93,1146.3
1140.99,1770215100,1143.01,1136.13,1136.24
1145.9,1770215400,1146.76,1141.29,1141.29
1146.63,1770215700,1148.4,1143.43,1145.51
1149.17,1770216000,1150.6,1146.47,1146.47
1152.16,1770216300,1152.16,1145.57,1149.28
1152.66,1770216600,1153.93,1149.11,1152.52
1152.44,1770216900,1153.38,1148.17,1152.81
1150.92,1770217200,1153.85,1147.69,1152.28
1146.88,1770217500,1151.99,1146.71,1150.83
1141.36,1770217800,1147.48,1139.61,1146.74
1145.26,1770218100,1145.7,1138.83,1141.62
1144.68,1770218400,1146.98,1144.4,1145.57
1146.02,1770218700,1146.29,1140.57,1144.68
1143.88,1770219000,1147.05,1143.88,1146.21
1143.36,1770219300,1145.29,1141.68,1143.78
1143.3,1770219600,1144.6,1142.08,1142.93
1143.53,1770219900,1144.46,1141.78,1143.31
1141.58,1770220200,1145.89,1141.58,1143.25
1142.56,1770220500,1142.56,1138.22,1141.65
1135.83,1770220800,1142.6,1135.83,1142.54
1137.92,1770221100,1140.32,1135.21,1135.76
1138.7,1770221400,1140.73,1137.7,1137.7
1140.15,1770221700,1141.4,1136.31,1138.72
1132.16,1770222000,1140.63,1131.93,1140.31
1132.28,1770222300,1133.24,1129.71,1131.72
1130.79,1770222600,1132.35,1126.62,1132.02
1129.95,1770222900,1133.86,1128.69,1130.58
1131.18,1770223200,1133.91,1129.46,1129.76
1133.59,1770223500,1134.45,1129.25,1131.2
1130.87,1770223800,1133.33,1129.68,1133.15
1131.95,1770224100,1133.23,1128.97,1130.55
1132.59,1770224400,1134.37,1129.23,1131.9
1138.65,1770224700,1138.65,1131.58,1132.78
1139.02,1770225000,1141.83,1138.04,1138.46
1141.67,1770225300,1143.76,1138.56,1139.5
1140.46,1770225600,1143.49,1139.39,1141.62
1145.25,1770225900,1146.6,1140.45,1140.62
1148.3,1770226200,1149.48,1144.38,1145.26
1148.72,1770226500,1149.0,1145.31,1148.19
1151.95,1770226800,1153.43,1148.95,1148.95
1149.94,1770227100,1152.82,1148.17,1152.02
1150.12,1770227400,1151.38,1148.76,1150.06
1154.19,1770227700,1156.36,1149.85,1149.91
1152.48,1770228000,1157.0,1151.73,1153.85
1158.26,1770228300,1158.63,1152.67,1153.06
1154.1,1770228600,1158.22,1153.81,1158.04
1154.53,1770228900,1157.34,1153.2,1153.93
1154.7,1770229200,1158.9,1154.28,1154.51
1155.39,1770229500,1157.75,1154.21,1154.71
1153.56,1770229800,1157.78,1153.29,1155.18
1157.79,1770230100,1160.13,1152.81,1153.86
1161.13,1770230400,1162.28,1158.03,1158.03
1164.07,1770230700,1165.29,1160.04,1161.1
1161.88,1770231000,1165.08,1160.91,1164.13
1164.59,1770231300,1165.51,1160.61,1161.74
1164.79,1770231600,1167.81,1164.09,1164.49
1169.28,1770231900,1171.4,1164.64,1164.64
1169.01,1770232200,1171.17,1167.48,1169.1
1166.0,1770232500,1168.68,1163.82,1168.48
1167.98,1770232800,1169.41,1163.64,1166.11
1163.72,1770233100,1168.07,1163.03,1167.87
1166.51,1770233400,1169.34,1163.13,1163.8
1164.29,1770233700,1168.18,1163.82,1167.02
1163.02,1770234000,1166.12,1162.56,1164.12
1160.75,1770234300,1165.45,1159.23,1162.9
1155.04,1770234600,1162.59,1154.71,1161.02
1155.49,1770234900,1159.19,1154.12,1154.76
1160.83,1770235200,1160.94,1155.51,1155.51
1161.18,1770235500,1162.84,1159.69,1160.58
1155.52,1770235800,1162.28,1155.03,1160.92
1149.64,1770236100,1155.98,1149.33,1155.71
1150.21,1770236400,1153.17,1149.25,1149.68
1147.57,1770236700,1152.61,1147.43,1149.96
1146.43,1770237000,1149.39,1142.43,1147.8
1142.08,1770237300,1147.8,1141.8,1146.84
1141.1,1770237600,1144.44,1141.1,1141.92
1140.9,1770237900,1142.95,1137.46,1141.39
1140.28,1770238200,1142.04,1139.54,1140.85
1141.92,1770238500,1142.42,1137.46,1140.35
1139.1,1770238800,1142.09,1138.78,1141.68
1137.07,1770239100,1140.18,1135.14,1139.3
1136.51,1770239400,1138.94,1136.12,1136.74
1132.48,1770239700,1136.94,1131.02,1136.54
1125.54,1770240000,1133.67,1125.36,1132.45
1129.58,1770240300,1131.36,1125.08,1125.36
1128.19,1770240600,1132.21,1127.02,1129.29
1132.24,1770240900,1133.16,1126.86,1128.23
1131.7,1770241200,1135.26,1131.7,1132.51
1129.39,1770241500,1132.53,1124.23,1131.85
1129.53,1770241800,1132.91,1127.85,1129.39
1133.06,1770242100,1134.48,1127.79,1129.65
1127.23,1770242400,1132.91,1126.45,1132.91
1124.54,1770242700,1129.45,1123.1,1127.49
1126.16,1770243000,1126.44,1122.46,1124.35
1132.65,1770243300,1134.99,1126.11,1126.52
1133.51,1770243600,1133.74,1129.48,1132.92
1132.65,1770243900,1134.85,1130.67,1133.36
1129.83,1770244200,1135.01,1128.79,1132.33
1136.54,1770244500,1136.81,1129.34,1129.82
1138.0,1770244800,1139.95,1136.18,1136.49
1140.9,1770245100,1141.63,1137.04,1138.27
1138.55,1770245400,1144.43,1138.51,1140.86
1136.22,1770245700,1139.0,1132.6,1138.65
1140.24,1770246000,1141.01,1135.98,1135.98
1144.01,1770246300,1144.33,1139.41,1140.46
1137.62,1770246600,1145.03,1136.78,1143.6
1134.63,1770246900,1138.01,1132.17,1137.2
1137.0,1770247200,1137.31,1132.55,1134.62
1135.81,1770247500,1138.9,1135.22,1137.37
1134.1,1770247800,1136.22,1132.51,1135.83
1129.55,1770248100,1134.65,1129.43,1133.85
1128.33,1770248400,1129.09,1124.44,1128.75
1124.88,1770248700,1129.03,1123.27,1127.95
1124.96,1770249000,1127.59,1123.47,1125.17
1126.01,1770249300,1128.6,1123.68,1125.32
1124.92,1770249600,1131.64,1124.87,1125.99
1124.38,1770249900,1125.16,1120.11,1124.48
1127.71,1770250200,1127.71,1123.35,1124.01
1130.31,1770250500,1132.68,1127.83,1127.83
1132.04,1770250800,1132.94,1128.65,1130.8
1133.24,1770251100,1133.71,1129.4,1132.24
1133.18,1770251400,1136.25,1132.63,1133.1
1129.74,1770251700,1134.47,1128.18,1133.0
1128.44,1770252000,1129.38,1125.74,1129.19
1128.93,1770252300,1131.07,1126.32,1128.36
1132.32,1770252600,1133.81,1129.39,1129.4
1131.98,1770252900,1133.34,1129.84,1132.65
1127.01,1770253200,1131.81,1125.58,1131.67
1126.19,1770253500,1128.71,1125.34,1126.68
1127.73,1770253800,1130.57,1125.86,1126.17
1130.02,1770254100,1131.03,1126.32,1127.9
1131.55,1770254400,1133.7,1129.92,1130.38
1130.97,1770254700,1133.95,1129.95,1131.25
1125.42,1770255000,1131.59,1124.36,1131.12
1129.74,1770255300,1130.75,1124.66,1125.29
1124.86,1770255600,1131.55,1124.31,1129.84
1126.95,1770255900,1129.13,1124.46,1125.06
1123.26,1770256200,1129.43,1123.26,1126.72
1116.36,1770256500,1123.19,1116.01,1123.19
1110.55,1770256800,1116.27,1109.38,1116.27
1106.35,1770257100,1113.88,1106.32,1110.3
1104.28,1770257400,1107.62,1103.42,1106.12
1101.81,1770257700,1105.23,1101.55,1103.81
1099.9,1770258000,1102.4,1097.27,1102.32
1105.45,1770258300,1107.39,1099.45,1099.97
1105.24,1770258600,1106.7,1103.91,1105.86
1100.18,1770258900,1105.57,1099.73,1105.07
1096.99,1770259200,1100.32,1096.08,1100.32
1096.54,1770259500,1098.83,1093.81,1096.83
1091.14,1770259800,1097.63,1088.86,1096.65
1086.36,1770260100,1091.33,1086.28,1091.33
1083.59,1770260400,1086.44,1080.45,1086.44
1080.49,1770260700,1083.35,1079.44,1083.32
1085.76,1770261000,1085.81,1078.5,1080.63
1085.64,1770261300,1088.14,1083.91,1086.02
1084.12,1770261600,1087.17,1084.02,1085.65
1082.13,1770261900,1084.12,1080.07,1084.12
1089.73,1770262200,1089.73,1081.9,1082.13
1097.66,1770262500,1098.4,1089.18,1089.58
1099.98,1770262800,1100.55,1095.62,1097.25
1103.1,1770263100,1103.24,1098.01,1099.74
1101.37,1770263400,1104.46,1100.4,1103.32
1106.51,1770263700,1108.75,1101.33,1101.49
1104.54,1770264000,1106.79,1102.47,1106.68
1099.07,1770264300,1104.83,1097.97,1104.33
1099.26,1770264600,1102.41,1097.1,1099.37
1094.47,1770264900,1099.61,1093.4,1099.61
1103.19,1770265200,1103.5,1094.23,1094.27
1103.82,1770265500,1105.35,1102.38,1102.79
1107.1,1770265800,1107.42,1102.29,1103.75
1102.47,1770266100,1107.52,1099.81,1106.82
1103.28,1770266400,1105.98,1102.26,1102.84
1098.84,1770266700,1103.18,1097.44,1103.18
1097.48,1770267000,1102.41,1097.16,1098.74
1103.7,1770267300,1106.01,1097.3,1097.63
1108.86,1770267600,1109.33,1102.75,1103.09
1105.08,1770267900,1109.49,1103.11,1108.98
1100.5,1770268200,1104.86,1099.54,1104.73
1100.16,1770268500,1101.17,1097.01,1100.22
1095.18,1770268800,1101.72,1094.26,1100.29
1095.21,1770269100,1100.25,1094.93,1095.42
1090.72,1770269400,1095.52,1089.44,1095.22
1093.91,1770269700,1093.91,1089.28,1090.26
1092.54,1770270000,1095.2,1092.34,1093.84
1092.86,1770270300,1095.29,1091.42,1092.65
1090.37,1770270600,1094.04,1089.14,1092.95
1090.65,1770270900,1091.38,1088.44,1090.13
1087.56,1770271200,1091.58,1087.27,1090.74
1080.88,1770271500,1086.97,1079.29,1086.97
1080.59,1770271800,1081.21,1077.9,1081.21
1085.14,1770272100,1086.89,1080.37,1080.75
1087.56,1770272400,1087.56,1084.24,1085.02
1086.9,1770272700,1087.61,1082.56,1087.61
1089.65,1770273000,1090.03,1085.94,1086.25
1093.48,1770273300,1094.19,1089.96,1089.96
1097.65,1770273600,1098.27,1090.18,1093.24
1095.77,1770273900,1100.75,1095.07,1097.51
1092.72,1770274200,1095.69,1090.63,1095.67
1093.63,1770274500,1093.66,1090.07,1092.37
1094.03,1770274800,1097.23,1092.74,1093.7
1087.7,1770275100,1093.9,1087.25,1093.9
1086.88,1770275400,1087.58,1083.51,1087.54
1086.08,1770275700,1088.47,1085.3,1086.61
1083.32,1770276000,1086.44,1081.49,1086.33
1087.65,1770276300,1088.83,1082.86,1082.86
1088.85,1770276600,1091.64,1087.48,1087.71
1084.97,1770276900,1089.69,1084.35,1088.78
1081.93,1770277200,1084.88,1080.74,1084.39
1078.94,1770277500,1082.18,1078.24,1081.73
1078.51,1770277800,1082.92,1078.18,1078.91
1077.3,1770278100,1079.0,1075.62,1078.68
1076.14,1770278400,1077.87,1073.59,1077.11
1072.13,1770278700,1076.24,1071.34,1076.1
1075.09,1770279000,1076.24,1071.33,1072.01
1072.64,1770279300,1076.4,1070.31,1075.37
1078.25,1770279600,1078.51,1071.57,1072.82
1079.55,1770279900,1080.67,1078.2,1078.37
1080.1,1770280200,1080.95,1075.82,1079.73
1083.19,1770280500,1083.84,1079.84,1080.24
1075.63,1770280800,1083.7,1075.6,1083.11
1072.0,1770281100,1076.85,1071.57,1075.56
1079.32,1770281400,1081.44,1072.14,1072.14
1081.17,1770281700,1081.17,1074.38,1079.17
1075.45,1770282000,1081.71,1075.22,1081.1
1078.58,1770282300,1079.64,1075.18,1075.53
1076.37,1770282600,1079.44,1073.63,1078.06
1082.03,1770282900,1083.26,1076.13,1076.48
1082.05,1770283200,1083.56,1080.34,1081.78
1086.97,1770283500,1087.74,1081.02,1081.91
1092.71,1770283800,1094.27,1087.52,1087.52
1101.11,1770284100,1101.11,1090.84,1092.37
1101.08,1770284400,1103.0,1098.78,1101.36
1100.01,1770284700,1103.22,1098.74,1100.86
1098.9,1770285000,1102.14,1098.66,1099.6
1098.94,1770285300,1100.5,1096.96,1098.84
1099.08,1770285600,1102.17,1098.63,1098.93
1098.47,1770285900,1102.93,1097.94,1099.63
1095.67,1770286200,1099.76,1094.46,1098.4
1088.28,1770286500,1095.99,1087.23,1095.99
1086.66,1770286800,1089.59,1085.84,1087.97
1090.73,1770287100,1091.03,1084.76,1086.29
1083.0,1770287400,1092.59,1083.0,1090.83
1082.9,1770287700,1084.19,1081.09,1082.59
1088.54,1770288000,1089.25,1082.21,1082.83
1089.12,1770288300,1091.42,1088.41,1088.57
1086.62,1770288600,1090.65,1086.62,1089.2
1086.84,1770288900,1087.2,1083.66,1086.79
1091.8,1770289200,1092.52,1086.39,1086.88
1094.77,1770289500,1095.08,1089.64,1091.96
1093.29,1770289800,1096.09,1092.57,1094.52
1089.67,1770290100,1094.77,1089.06,1093.14
1080.26,1770290400,1089.84,1080.26,1089.83
1075.68,1770290700,1081.42,1074.8,1080.4
1078.44,1770291000,1079.01,1075.99,1075.99
1077.77,1770291300,1080.49,1076.1,1078.38
1081.58,1770291600,1082.71,1076.91,1077.77
1081.66,1770291900,1085.57,1081.21,1081.36
1084.98,1770292200,1086.82,1080.36,1081.34
1084.49,1770292500,1090.05,1084.49,1085.39
1086.69,1770292800,1086.93,1082.24,1084.76
1091.89,1770293100,1092.15,1085.82,1086.42
1087.52,1770293400,1093.67,1087.41,1092.1
1084.07,1770293700,1088.62,1083.4,1087.57
1083.41,1770294000,1085.91,1083.04,1084.35
1079.34,1770294300,1084.34,1078.86,1083.76
1075.64,1770294600,1080.91,1073.81,1079.27
1076.49,1770294900,1077.86,1074.15,1075.48
1073.95,1770295200,1076.15,1071.62,1075.93
1076.37,1770295500,1076.37,1069.54,1073.59
1073.3,1770295800,1076.75,1070.86,1076.04
1074.23,1770296100,1074.9,1072.18,1073.26
1073.43,1770296400,1075.67,1071.49,1074.19
1073.28,1770296700,1076.26,1072.33,1073.4
1068.94,1770297000,1073.43,1067.57,1073.2
1071.45,1770297300,1071.62,1067.68,1068.82
1066.64,1770297600,1072.08,1066.64,1071.64
1063.62,1770297900,1068.98,1062.98,1066.61
1067.75,1770298200,1067.91,1062.35,1064.08
1066.03,1770298500,1069.0,1065.34,1068.02
1068.29,1770298800,1068.65,1065.6,1065.86
1069.05,1770299100,1070.71,1066.96,1068.27
1072.2,1770299400,1072.68,1067.23,1068.85
1071.42,1770299700,1073.69,1069.66,1072.04
1072.26,1770300000,1075.1,1071.39,1071.62
1073.64,1770300300,1075.54,1070.58,1072.1
1073.07,1770300600,1074.12,1069.24,1073.76
1078.91,1770300900,1080.23,1071.45,1073.28
1081.56,1770301200,1082.91,1078.65,1078.88
1080.19,1770301500,1082.4,1078.1,1081.53
1073.79,1770301800,1083.09,1073.4,1080.22
1076.37,1770302100,1079.26,1073.33,1073.33
1068.51,1770302400,1077.19,1068.4,1075.71
1069.08,1770302700,1071.78,1068.44,1068.44
1070.51,1770303000,1070.82,1066.41,1068.7
1070.7,1770303300,1072.23,1067.97,1070.85
1073.95,1770303600,1073.95,1067.5,1071.24
1073.78,1770303900,1077.71,1073.32,1073.72
1072.27,1770304200,1074.6,1069.56,1074.29
1075.32,1770304500,1076.3,1072.45,1072.45
1080.14,1770304800,1082.18,1075.43,1075.74
1080.1,1770305100,1082.59,1079.05,1079.89
1084.9,1770305400,1085.16,1080.63,1080.75
1080.59,1770305700,1084.88,1079.9,1084.65
1078.82,1770306000,1080.53,1077.62,1080.53
1079.25,1770306300,1079.62,1076.07,1078.99
1080.41,1770306600,1082.75,1079.1,1079.15
1082.67,1770306900,1083.76,1079.95,1079.99
1082.96,1770307200,1084.6,1081.86,1082.82
1082.29,1770307500,1084.78,1081.68,1083.12
1085.65,1770307800,1086.41,1080.54,1082.33
1091.36,1770308100,1091.36,1085.75,1086.28
1095.1,1770308400,1096.01,1091.06,1091.78
1091.06,1770308700,1096.02,1090.28,1095.31
1089.17,1770309000,1090.96,1086.67,1090.6
1087.39,1770309300,1090.88,1086.44,1088.77
1085.8,1770309600,1092.61,1085.64,1087.37
1082.92,1770309900,1086.91,1081.42,1085.9
1086.01,1770310200,1087.31,1081.7,1082.77
1083.56,1770310500,1088.19,1081.63,1085.83
1089.55,1770310800,1089.87,1083.09,1083.79
1086.93,1770311100,1089.31,1085.58,1089.31
1082.87,1770311400,1087.56,1082.37,1087.13
1080.59,1770311700,1083.77,1078.76,1082.75
1082.13,1770312000,1083.34,1077.94,1080.5
1075.72,1770312300,1082.38,1075.27,1082.13
1072.16,1770312600,1076.15,1071.02,1076.15
1075.06,1770312900,1075.31,1071.21,1072.16
1068.71,1770313200,1074.7,1068.05,1074.7
1065.82,1770313500,1068.54,1064.66,1068.51
1061.56,1770313800,1066.6,1061.45,1065.88
1065.77,1770314100,1066.64,1061.29,1061.33
1070.2,1770314400,1071.27,1065.03,1065.87
1065.96,1770314700,1069.98,1065.87,1069.89
1071.6,1770315000,1071.68,1065.27,1065.99
1067.1,1770315300,1072.16,1067.1,1071.75
1066.99,1770315600,1067.97,1064.77,1067.32
1064.79,1770315900,1068.12,1063.39,1067.21
1060.64,1770316200,1065.56,1059.08,1065.09
1064.01,1770316500,1066.72,1060.03,1061.01
1062.4,1770316800,1064.56,1060.78,1064.18
1061.47,1770317100,1064.02,1058.05,1062.38
1064.11,1770317400,1066.35,1061.56,1061.61
1062.92,1770317700,1064.9,1062.18,1064.12
1065.22,1770318000,1065.84,1061.96,1062.88
1064.66,1770318300,1067.9,1063.7,1065.31
1071.59,1770318600,1072.77,1062.95,1065.14
1070.84,1770318900,1072.32,1069.66,1071.43
1064.93,1770319200,1072.1,1064.21,1070.62
1056.46,1770319500,1065.19,1056.36,1065.19
1052.7,1770319800,1056.3,1052.13,1055.89
1049.74,1770320100,1052.75,1049.08,1052.29
1049.05,1770320400,1050.17,1048.04,1049.5
1051.68,1770320700,1052.11,1048.87,1049.2
1047.74,1770321000,1051.6,1047.74,1051.6
1050.12,1770321300,1052.08,1046.91,1047.73
1042.93,1770321600,1049.83,1041.99,1049.83
1043.9,1770321900,1044.0,1040.42,1043.04
1048.0,1770322200,1048.37,1042.83,1043.9
1053.24,1770322500,1055.91,1048.18,1048.18
1052.59,1770322800,1054.33,1051.68,1053.1
1055.71,1770323100,1056.4,1052.13,1053.22
1053.91,1770323400,1055.5,1052.98,1055.49
1050.72,1770323700,1054.42,1048.97,1054.08
1045.15,1770324000,1051.29,1044.59,1050.84
1042.88,1770324300,1045.68,1040.19,1045.26
1046.6,1770324600,1048.64,1042.86,1042.86
1040.4,1770324900,1046.74,1039.43,1046.65
1035.22,1770325200,1040.88,1034.25,1040.88
1031.13,1770325500,1036.58,1030.28,1035.01
1029.5,1770325800,1031.08,1029.04,1030.94
1035.66,1770326100,1035.66,1029.57,1029.57
1035.32,1770326400,1037.28,1033.93,1035.32
1035.71,1770326700,1037.01,1033.27,1035.71
1034.66,1770327000,1036.64,1033.78,1035.72
1038.0,1770327300,1038.0,1032.84,1035.22
1039.44,1770327600,1042.73,1038.17,1038.17
1034.85,1770327900,1039.35,1034.85,1039.27
1034.43,1770328200,1036.06,1032.63,1034.54
1034.53,1770328500,1035.66,1033.27,1034.49
1040.19,1770328800,1040.19,1033.05,1035.02
1041.55,1770329100,1044.28,1040.1,1040.11
1049.24,1770329400,1049.85,1041.32,1041.42
1046.41,1770329700,1050.91,1045.71,1048.74
1049.9,1770330000,1050.4,1044.25,1046.38
1055.01,1770330300,1055.2,1047.79,1049.51
1056.54,1770330600,1056.94,1052.55,1055.41
1060.14,1770330900,1060.14,1054.98,1056.65
1058.46,1770331200,1060.35,1057.96,1059.84
1054.11,1770331500,1058.94,1053.37,1058.94
1054.04,1770331800,1054.45,1051.91,1053.77
1058.22,1770332100,1059.3,1053.9,1054.19
1056.61,1770332400,1058.5,1055.51,1057.98
1055.48,1770332700,1058.76,1053.59,1056.94
1055.16,1770333000,1057.28,1053.92,1055.23
1056.66,1770333300,1059.11,1053.8,1055.18
1058.73,1770333600,1060.37,1056.21,1056.81
1053.93,1770333900,1059.58,1053.12,1059.14
1054.22,1770334200,1055.33,1053.13,1053.92
1053.6,1770334500,1056.58,1053.0,1054.47
1056.22,1770334800,1058.3,1052.92,1053.25
1059.06,1770335100,1059.36,1055.18,1056.48
1059.26,1770335400,1060.91,1057.51,1059.07
1063.98,1770335700,1064.44,1057.02,1058.95
1068.53,1770336000,1069.02,1063.0,1064.12
1068.06,1770336300,1071.19,1067.05,1068.81
1065.66,1770336600,1068.9,1064.87,1067.74
1064.11,1770336900,1066.45,1061.55,1065.72
1060.26,1770337200,1066.42,1060.26,1064.45
1061.95,1770337500,1064.36,1058.68,1060.62
1062.01,1770337800,1063.71,1061.28,1061.91
1061.02,1770338100,1062.66,1058.32,1061.99
1055.55,1770338400,1061.37,1055.55,1060.73
1051.68,1770338700,1055.43,1051.25,1055.28
1052.85,1770339000,1054.66,1050.28,1051.11
1056.03,1770339300,1057.1,1053.04,1053.04
1056.85,1770339600,1056.85,1052.64,1055.98
1056.84,1770339900,1058.25,1052.58,1056.87
1061.04,1770340200,1062.68,1056.6,1056.6
1062.84,1770340500,1064.29,1060.62,1060.99
1066.15,1770340800,1067.04,1062.99,1062.99
1063.43,1770341100,1068.28,1063.43,1065.96
1059.1,1770341400,1064.28,1058.64,1063.14
1062.56,1770341700,1064.83,1059.07,1059.39
1069.35,1770342000,1069.35,1061.4,1062.44
1070.87,1770342300,1073.39,1069.05,1069.49
1074.51,1770342600,1077.15,1070.46,1070.91
1067.8,1770342900,1074.1,1067.8,1073.99
1062.1,1770343200,1067.47,1061.16,1067.47
1058.85,1770343500,1063.63,1058.18,1062.2
1051.62,1770343800,1058.74,1050.94,1058.54
1048.35,1770344100,1052.17,1048.35,1052.0
1046.24,1770344400,1049.23,1045.27,1048.27
1050.87,1770344700,1052.74,1046.49,1046.64
1045.56,1770345000,1050.56,1044.64,1050.56
1043.92,1770345300,1048.23,1043.69,1045.64
1049.93,1770345600,1050.49,1041.99,1043.96
1049.83,1770345900,1052.2,1048.52,1049.89
1053.97,1770346200,1055.28,1049.54,1049.54
1056.5,1770346500,1056.91,1053.44,1054.05
1055.03,1770346800,1060.3,1055.03,1056.36
1053.64,1770347100,1056.34,1052.87,1055.02
1055.66,1770347400,1057.39,1052.91,1053.42
1054.04,1770347700,1056.4,1052.95,1055.68
1059.31,1770348000,1060.16,1053.74,1053.74
1054.88,1770348300,1061.02,1054.88,1059.14
1051.08,1770348600,1056.4,1049.76,1054.87
1051.99,1770348900,1051.99,1047.9,1050.69
1047.16,1770349200,1054.6,1046.73,1051.55
1046.91,1770349500,1048.72,1044.52,1047.32
1046.36,1770349800,1046.81,1042.67,1046.71
1051.54,1770350100,1052.66,1045.78,1046.6
1050.03,1770350400,1052.07,1047.34,1051.44
1050.77,1770350700,1054.04,1048.77,1050.47
1055.27,1770351000,1055.77,1049.83,1050.22
1054.58,1770351300,1057.67,1054.31,1055.59
1052.25,1770351600,1055.14,1052.25,1054.64
1053.51,1770351900,1053.51,1049.18,1052.51
1055.55,1770352200,1058.39,1051.21,1053.15
1051.14,1770352500,1055.2,1049.92,1054.87
1052.8,1770352800,1053.98,1050.48,1051.02
1048.48,1770353100,1053.29,1047.27,1052.38
1049.7,1770353400,1050.38,1046.24,1048.39
1047.48,1770353700,1051.59,1046.87,1049.83
1053.65,1770354000,1055.32,1047.24,1047.48
1057.15,1770354300,1058.23,1052.91,1053.25
1060.96,1770354600,1062.51,1056.6,1056.69
1064.52,1770354900,1064.6,1061.01,1061.15
1065.93,1770355200,1066.44,1063.33,1064.27
1061.52,1770355500,1067.79,1061.11,1065.72
1057.52,1770355800,1062.86,1057.36,1061.91
1056.11,1770356100,1059.01,1055.67,1057.43
1054.77,1770356400,1056.62,1051.4,1056.25
1054.53,1770356700,1057.91,1054.35,1055.37
1054.92,1770357000,1059.16,1053.66,1053.66
1054.2,1770357300,1056.2,1052.43,1054.59
1055.04,1770357600,1057.14,1053.29,1054.1
1060.77,1770357900,1060.77,1054.83,1055.12
1058.46,1770358200,1062.56,1058.15,1060.96
1059.22,1770358500,1059.73,1053.33,1058.35
1056.01,1770358800,1059.6,1055.24,1059.27
1059.07,1770359100,1060.79,1054.48,1056.05
1055.8,1770359400,1060.98,1055.64,1059.06
1059.99,1770359700,1061.49,1055.81,1055.88
1062.0,1770360000,1063.45,1059.89,1060.07
1063.93,1770360300,1065.29,1061.47,1061.93
1065.25,1770360600,1065.77,1062.51,1064.25
1064.33,1770360900,1065.67,1062.39,1065.19
1066.45,1770361200,1068.25,1063.41,1064.65
1074.29,1770361500,1074.36,1066.66,1066.78
1077.13,1770361800,1077.87,1073.84,1074.01
1077.51,1770362100,1079.57,1076.03,1076.93
1075.96,1770362400,1077.73,1074.43,1077.62
1074.59,1770362700,1078.68,1074.35,1075.39
1072.2,1770363000,1074.65,1071.82,1074.24
1074.08,1770363300,1074.27,1070.03,1072.01
1074.05,1770363600,1077.64,1073.28,1074.58
1071.01,1770363900,1074.65,1070.5,1074.3
1072.1,1770364200,1072.51,1069.98,1071.12
1076.79,1770364500,1077.74,1070.85,1071.76
1073.07,1770364800,1077.29,1072.69,1077.16
1074.09,1770365100,1075.21,1070.33,1073.17
1073.51,1770365400,1074.98,1070.03,1073.84
1072.92,1770365700,1073.58,1069.87,1073.38
1070.0,1770366000,1073.45,1068.43,1072.69
1072.31,1770366300,1073.62,1069.17,1069.73
1068.78,1770366600,1072.81,1066.98,1072.16
1064.49,1770366900,1068.75,1064.44,1068.7
1061.72,1770367200,1064.6,1061.72,1064.41
1065.7,1770367500,1065.93,1061.14,1061.51
1064.22,1770367800,1067.15,1062.36,1066.02
1069.82,1770368100,1069.82,1063.47,1064.25
1067.06,1770368400,1070.62,1067.03,1070.06
1067.48,1770368700,1067.73,1063.89,1066.8
1067.16,1770369000,1068.8,1066.25,1067.7
1064.7,1770369300,1069.68,1064.7,1066.83
1065.7,1770369600,1065.98,1062.13,1064.66
1069.04,1770369900,1070.38,1065.87,1065.87
1065.88,1770370200,1070.46,1065.25,1069.35
1063.16,1770370500,1066.25,1061.95,1065.82
1063.91,1770370800,1065.64,1061.59,1063.36
1064.09,1770371100,1070.0,1063.77,1064.03
1066.11,1770371400,1067.45,1063.52,1064.3
1066.43,1770371700,1068.69,1065.74,1066.15
1068.71,1770372000,1069.98,1065.99,1066.46
1072.59,1770372300,1074.77,1068.6,1068.95
1069.02,1770372600,1073.99,1067.63,1072.58
1065.0,1770372900,1070.51,1063.85,1069.26
1063.03,1770373200,1065.06,1062.05,1065.06
1062.56,1770373500,1064.39,1061.22,1063.24
1058.47,1770373800,1063.13,1057.37,1063.13
1057.13,1770374100,1058.92,1053.33,1058.28
1061.46,1770374400,1062.1,1056.27,1056.9
1066.07,1770374700,1068.15,1060.69,1061.69
1067.16,1770375000,1071.34,1065.81,1065.86
1066.26,1770375300,1069.68,1066.26,1067.13
1063.22,1770375600,1066.35,1062.15,1066.07
1058.82,1770375900,1065.53,1058.11,1063.3
1055.47,1770376200,1059.18,1054.23,1058.72
1053.23,1770376500,1058.61,1053.23,1055.69
1056.78,1770376800,1057.27,1052.62,1053.03
1061.52,1770377100,1063.52,1056.39,1056.85
1064.47,1770377400,1067.64,1061.45,1061.52
1061.7,1770377700,1065.32,1059.65,1064.67
1063.03,1770378000,1064.04,1060.32,1062.01
1060.13,1770378300,1063.4,1058.91,1062.75
1062.19,1770378600,1062.48,1058.45,1060.03
1064.44,1770378900,1066.54,1061.9,1062.27
1068.32,1770379200,1069.29,1062.66,1064.38
1070.09,1770379500,1070.25,1065.4,1067.8
1069.58,1770379800,1071.61,1068.96,1069.89
1069.54,1770380100,1070.13,1067.29,1069.57
1069.16,1770380400,1069.71,1066.61,1069.56
1064.71,1770380700,1070.63,1063.01,1068.96
1065.7,1770381000,1067.61,1063.41,1064.65
1065.4,1770381300,1068.67,1065.4,1065.69
1066.5,1770381600,1067.12,1063.13,1065.39
1065.42,1770381900,1070.25,1064.41,1066.4
1064.46,1770382200,1066.96,1061.67,1065.55
1063.81,1770382500,1064.76,1060.74,1064.76
1065.09,1770382800,1065.62,1060.04,1063.75
1062.4,1770383100,1065.33,1061.28,1065.19
1060.16,1770383400,1065.46,1059.98,1062.56
1061.74,1770383700,1062.87,1059.46,1060.22
1063.39,1770384000,1064.39,1061.62,1061.87
1058.78,1770384300,1064.39,1057.75,1063.71
1064.71,1770384600,1065.1,1059.03,1059.03
1057.09,1770384900,1066.33,1057.06,1065.17
1053.14,1770385200,1056.87,1051.96,1056.83
1057.99,1770385500,1058.46,1052.55,1053.06
1059.92,1770385800,1061.03,1057.08,1057.87
1059.47,1770386100,1061.36,1059.2,1059.92
1060.69,1770386400,1061.36,1057.19,1059.8
1064.7,1770386700,1066.32,1059.8,1060.49
1065.69,1770387000,1066.09,1062.49,1064.67
1072.35,1770387300,1072.35,1063.68,1065.87
1072.51,1770387600,1073.19,1070.08,1072.15
1074.71,1770387900,1076.24,1072.32,1072.77
1069.22,1770388200,1075.36,1069.17,1075.16
1071.98,1770388500,1072.94,1068.84,1069.18
1067.89,1770388800,1071.55,1067.89,1071.33
1064.85,1770389100,1068.53,1063.22,1068.03
1061.88,1770389400,1066.34,1060.93,1064.81
1061.86,1770389700,1065.69,1061.23,1061.77
1064.53,1770390000,1064.76,1061.74,1061.74
1065.54,1770390300,1068.08,1062.13,1064.81
1069.92,1770390600,1071.57,1064.37,1065.44
1067.2,1770390900,1070.72,1066.82,1069.67
1064.63,1770391200,1067.27,1063.2,1067.24
1067.47,1770391500,1067.71,1063.85,1064.65
1062.48,1770391800,1067.52,1061.52,1067.52
1062.16,1770392100,1063.62,1060.29,1062.9
1061.45,1770392400,1063.61,1059.19,1062.02
1063.92,1770392700,1066.29,1061.01,1061.37
1062.6,1770393000,1064.23,1060.0,1064.21
1064.81,1770393300,1065.8,1062.51,1062.51
1064.09,1770393600,1067.9,1062.38,1065.09
1060.75,1770393900,1065.03,1059.94,1064.26
1058.68,1770394200,1061.81,1057.66,1060.81
1055.98,1770394500,1059.15,1055.25,1058.46
1062.0,1770394800,1063.65,1055.69,1055.75
1057.91,1770395100,1063.33,1057.87,1062.11
1053.27,1770395400,1060.78,1053.27,1058.05
1054.39,1770395700,1054.86,1051.61,1053.61
1053.06,1770396000,1054.95,1052.1,1054.39
1053.99,1770396300,1055.13,1052.58,1053.49
1060.26,1770396600,1060.96,1053.43,1053.8
1056.41,1770396900,1061.87,1056.41,1060.19
1053.96,1770397200,1056.85,1053.35,1056.32
1059.23,1770397500,1059.39,1053.66,1054.92
1062.17,1770397800,1062.17,1058.27,1059.55
1064.89,1770398100,1065.96,1061.16,1061.76
1065.76,1770398400,1068.57,1064.53,1064.72
1062.98,1770398700,1066.85,1062.82,1066.19
1064.48,1770399000,1064.48,1060.63,1063.7
1067.58,1770399300,1067.58,1060.02,1064.21
1063.86,1770399600,1068.85,1063.41,1067.89
1062.89,1770399900,1064.61,1061.85,1063.79
1065.46,1770400200,1066.11,1062.87,1063.02
1062.14,1770400500,1066.03,1061.96,1065.05
1061.71,1770400800,1064.29,1061.71,1062.66
1058.68,1770401100,1063.46,1058.68,1061.92
1056.81,1770401400,1061.14,1055.45,1058.75
1054.32,1770401700,1058.16,1054.06,1056.78
1055.52,1770402000,1055.52,1051.5,1053.99
1047.6,1770402300,1055.85,1047.12,1055.8
1045.4,1770402600,1047.91,1044.92,1047.91
1051.54,1770402900,1052.18,1044.11,1045.23
1046.86,1770403200,1054.06,1046.31,1051.76
1053.74,1770403500,1053.85,1045.75,1046.62
1046.81,1770403800,1054.56,1046.72,1053.55
1047.64,1770404100,1047.67,1044.5,1046.39
1048.14,1770404400,1049.16,1044.32,1047.54
1046.62,1770404700,1049.22,1046.11,1048.46
1042.95,1770405000,1047.58,1042.95,1046.29
1038.3,1770405300,1043.81,1038.3,1042.43
1040.73,1770405600,1040.73,1038.14,1038.28
1042.91,1770405900,1044.16,1040.04,1040.7
1042.29,1770406200,1043.06,1038.82,1042.76
1047.62,1770406500,1047.62,1042.16,1042.49
1045.56,1770406800,1048.02,1044.43,1047.64
1049.94,1770407100,1050.41,1044.04,1045.89
1048.57,1770407400,1052.58,1048.44,1049.97
1045.04,1770407700,1048.74,1044.26,1048.74
1043.14,1770408000,1047.81,1042.82,1044.96
1043.76,1770408300,1043.76,1041.09,1043.17
1045.05,1770408600,1045.27,1041.22,1043.57
1044.73,1770408900,1045.8,1041.07,1045.14
1047.26,1770409200,1047.68,1043.75,1044.68
1047.57,1770409500,1048.25,1044.89,1047.0
1050.12,1770409800,1051.14,1045.34,1047.43
1049.94,1770410100,1053.77,1049.69,1050.07
1051.4,1770410400,1052.9,1048.75,1049.45
1048.24,1770410700,1055.51,1047.82,1051.69
1051.32,1770411000,1052.0,1048.17,1048.17
1048.7,1770411300,1054.2,1047.93,1051.1
1049.5,1770411600,1050.66,1046.26,1048.76
1043.88,1770411900,1051.5,1042.95,1049.52
1041.12,1770412200,1044.89,1039.62,1044.46
1037.62,1770412500,1041.54,1037.62,1041.15
1035.73,1770412800,1038.85,1034.11,1037.89
1035.38,1770413100,1037.6,1032.97,1035.96
1037.99,1770413400,1039.61,1034.72,1035.46
1038.07,1770413700,1040.38,1036.93,1037.72
1039.38,1770414000,1040.44,1035.38,1038.04
1036.12,1770414300,1039.67,1034.03,1039.58
1035.91,1770414600,1037.46,1034.32,1036.1
1040.27,1770414900,1041.14,1035.72,1035.9
1039.18,1770415200,1042.27,1039.18,1039.33
1038.98,1770415500,1040.37,1037.56,1039.0
1035.01,1770415800,1041.33,1034.54,1038.79
1034.8,1770416100,1036.76,1033.54,1034.85
1038.01,1770416400,1039.47,1034.67,1034.81
1041.07,1770416700,1045.09,1037.59,1037.9
1047.55,1770417000,1048.72,1041.44,1041.44
1046.36,1770417300,1049.02,1044.92,1047.8
1040.79,1770417600,1047.63,1038.93,1046.62
1043.54,1770417900,1043.54,1038.61,1040.94
1049.36,1770418200,1051.81,1042.16,1043.4
1052.74,1770418500,1053.57,1049.35,1049.43
1054.71,1770418800,1055.96,1051.83,1052.99
1057.31,1770419100,1057.62,1053.68,1054.69
1062.82,1770419400,1063.64,1057.07,1057.63
1055.78,1770419700,1062.43,1055.15,1062.43
1058.33,1770420000,1058.8,1052.5,1055.9
1058.45,1770420300,1059.0,1052.7,1058.41
1058.65,1770420600,1059.89,1057.04,1058.79
1056.51,1770420900,1058.95,1055.48,1058.39
1054.45,1770421200,1058.13,1053.18,1056.27
1048.68,1770421500,1055.25,1047.24,1054.89
1048.27,1770421800,1051.05,1046.93,1048.69
1048.39,1770422100,1049.39,1045.83,1048.26
1048.64,1770422400,1049.17,1044.06,1048.69
1047.02,1770422700,1049.5,1045.3,1048.96
1054.82,1770423000,1054.85,1046.23,1046.79
1048.99,1770423300,1055.23,1048.45,1055.13
1054.48,1770423600,1054.57,1048.97,1049.31
1058.46,1770423900,1060.85,1054.42,1054.57
1062.32,1770424200,1065.3,1058.87,1058.87
1060.06,1770424500,1065.23,1059.71,1062.22
1063.98,1770424800,1064.64,1059.35,1060.12
1064.26,1770425100,1065.94,1060.91,1064.32
1061.9,1770425400,1065.67,1061.56,1064.46
1064.05,1770425700,1064.62,1059.86,1062.1
1068.17,1770426000,1068.5,1064.01,1064.18
1063.2,1770426300,1068.34,1062.06,1068.08
1057.61,1770426600,1063.76,1057.33,1063.29
1053.19,1770426900,1057.89,1052.17,1057.89
1052.58,1770427200,1054.74,1051.53,1053.17
1053.52,1770427500,1054.08,1050.56,1052.67
1053.98,1770427800,1055.22,1053.03,1053.17
1055.27,1770428100,1057.79,1052.28,1054.31
1051.07,1770428400,1055.38,1051.07,1055.38
1046.0,1770428700,1052.26,1045.15,1051.55
1048.72,1770429000,1050.53,1045.5,1045.84
1047.66,1770429300,1050.57,1046.96,1048.58
1045.03,1770429600,1048.75,1043.59,1047.59
1045.29,1770429900,1046.21,1042.48,1044.75
1044.03,1770430200,1046.11,1042.21,1045.15
1046.65,1770430500,1047.81,1040.95,1043.98
1047.49,1770430800,1048.13,1045.08,1046.75
1047.63,1770431100,1050.68,1046.31,1047.31
1047.63,1770431400,1048.84,1045.24,1047.49
1050.19,1770431700,1052.17,1047.46,1047.46
1048.25,1770432000,1052.01,1045.94,1050.08
1052.56,1770432300,1053.65,1048.64,1048.64
1054.4,1770432600,1055.28,1048.97,1051.88
1054.32,1770432900,1055.25,1052.29,1054.22
1055.58,1770433200,1055.58,1051.23,1054.05
1054.84,1770433500,1058.03,1054.49,1056.0
1055.25,1770433800,1056.78,1053.39,1054.65
1053.18,1770434100,1056.41,1052.66,1055.29
1057.1,1770434400,1057.1,1051.91,1052.99
1054.51,1770434700,1058.2,1054.17,1057.16
1052.72,1770435000,1054.98,1050.83,1054.47
1055.45,1770435300,1056.39,1052.39,1052.62
1049.63,1770435600,1055.37,1048.55,1055.13
1049.08,1770435900,1050.25,1044.36,1050.25
1048.85,1770436200,1051.05,1047.27,1049.09
1048.6,1770436500,1048.87,1044.67,1048.72
1043.8,1770436800,1049.01,1042.6,1048.78
1042.46,1770437100,1044.82,1041.71,1043.96
1046.75,1770437400,1047.14,1040.85,1041.88
1045.6,1770437700,1046.78,1042.41,1046.7
1046.01,1770438000,1048.58,1045.57,1045.57
1052.25,1770438300,1053.06,1044.67,1046.41
1051.68,1770438600,1054.57,1050.6,1052.89
1047.95,1770438900,1053.45,1047.44,1051.61
1048.74,1770439200,1050.12,1046.71,1047.85
1055.27,1770439500,1055.27,1047.87,1048.97
1056.6,1770439800,1057.63,1053.5,1055.2
1057.41,1770440100,1058.39,1055.89,1056.43
1057.96,1770440400,1059.23,1056.25,1057.26
1057.91,1770440700,1057.98,1052.66,1057.8
1054.78,1770441000,1057.96,1053.56,1057.88
1057.72,1770441300,1061.29,1053.89,1055.18
1056.98,1770441600,1057.82,1054.78,1057.74
1055.65,1770441900,1057.04,1053.35,1057.04
1060.85,1770442200,1062.47,1055.81,1055.81
1067.98,1770442500,1067.98,1061.27,1061.31
1068.35,1770442800,1070.17,1066.8,1067.93
1066.2,1770443100,1068.92,1065.07,1068.23
1074.06,1770443400,1074.52,1066.13,1066.28
1072.52,1770443700,1075.07,1071.55,1074.3
1071.84,1770444000,1072.41,1068.75,1072.32
1069.28,1770444300,1072.79,1069.28,1071.69
1065.49,1770444600,1070.62,1065.39,1069.22
1070.75,1770444900,1071.79,1064.66,1065.33
1072.98,1770445200,1076.36,1070.2,1070.9
1072.47,1770445500,1073.36,1071.07,1072.94
1067.74,1770445800,1073.33,1067.34,1072.74
1059.66,1770446100,1068.4,1059.34,1067.68
1067.71,1770446400,1067.71,1058.73,1059.67
1069.59,1770446700,1070.32,1066.15,1067.95
1066.23,1770447000,1070.27,1065.62,1069.62
1066.24,1770447300,1067.4,1062.85,1066.51
1063.79,1770447600,1066.54,1062.49,1066.25
1059.55,1770447900,1065.69,1059.09,1063.62
1060.92,1770448200,1063.82,1059.11,1060.01
1065.41,1770448500,1066.92,1060.6,1060.71
1064.24,1770448800,1066.32,1061.94,1065.51
1064.1,1770449100,1065.87,1062.36,1064.16
1067.41,1770449400,1069.33,1063.75,1063.95
1066.71,1770449700,1069.02,1064.16,1067.09
1067.44,1770450000,1069.77,1065.41,1066.3
1066.15,1770450300,1067.67,1064.06,1067.51
1072.86,1770450600,1073.0,1065.58,1066.0
1074.39,1770450900,1076.33,1072.05,1072.91
1069.13,1770451200,1074.33,1068.43,1074.33
1070.05,1770451500,1072.53,1066.65,1069.5
1067.11,1770451800,1070.82,1065.6,1070.19
1058.4,1770452100,1066.64,1057.59,1066.53
1064.63,1770452400,1064.63,1055.11,1057.87
1069.27,1770452700,1072.07,1063.55,1064.06
1069.35,1770453000,1071.02,1066.17,1069.67
1072.25,1770453300,1073.9,1068.73,1069.84
1072.21,1770453600,1072.92,1070.04,1072.34
1070.08,1770453900,1075.28,1069.09,1072.09
1068.82,1770454200,1072.37,1067.37,1070.33
1066.18,1770454500,1070.08,1066.13,1068.9
1071.38,1770454800,1072.13,1065.7,1066.13
1073.53,1770455100,1075.66,1071.46,1071.7
1068.21,1770455400,1074.19,1066.92,1073.71
1071.07,1770455700,1071.9,1067.82,1067.95
1071.76,1770456000,1073.14,1070.01,1070.92
1068.83,1770456300,1073.18,1068.11,1071.87
1062.13,1770456600,1068.81,1062.08,1068.55
1065.74,1770456900,1067.57,1061.9,1062.35
1066.57,1770457200,1068.17,1063.95,1065.5
1070.68,1770457500,1071.71,1064.23,1067.02
1069.01,1770457800,1071.83,1067.66,1070.65
1073.67,1770458100,1073.67,1068.12,1069.07
1072.53,1770458400,1075.03,1072.17,1073.45
1073.51,1770458700,1074.93,1072.08,1072.61
1074.74,1770459000,1076.35,1072.32,1073.33
1076.42,1770459300,1076.42,1073.27,1074.11
1080.56,1770459600,1081.25,1075.06,1076.52
1075.61,1770459900,1081.23,1074.82,1080.05
1075.62,1770460200,1078.96,1075.25,1075.66
1074.21,1770460500,1079.11,1074.04,1075.44
1079.03,1770460800,1080.98,1073.55,1074.23
1078.52,1770461100,1080.51,1078.22,1079.1
1077.71,1770461400,1079.1,1074.68,1079.0
1082.37,1770461700,1083.1,1077.75,1077.82
1083.88,1770462000,1084.41,1079.09,1082.52
1085.97,1770462300,1089.71,1083.79,1084.11
1089.3,1770462600,1091.01,1085.56,1085.69
1088.73,1770462900,1090.46,1086.41,1089.14
1092.26,1770463200,1093.88,1087.68,1089.18
1087.11,1770463500,1093.73,1085.43,1092.59
1090.1,1770463800,1091.74,1086.89,1087.04
1087.01,1770464100,1090.24,1086.05,1090.16
1086.34,1770464400,1089.8,1085.06,1087.02
1084.34,1770464700,1088.7,1084.34,1086.02
1080.1,1770465000,1085.66,1079.18,1083.98
1077.85,1770465300,1081.42,1077.21,1080.1
1076.43,1770465600,1078.78,1074.65,1077.65
1077.08,1770465900,1079.1,1075.06,1076.06
1073.99,1770466200,1077.2,1073.23,1077.2
1077.1,1770466500,1078.45,1073.35,1074.09
1082.47,1770466800,1083.61,1077.03,1077.03
1080.23,1770467100,1084.14,1077.63,1082.52
1077.94,1770467400,1081.49,1076.65,1080.43
1080.03,1770467700,1080.9,1077.35,1077.91
1082.91,1770468000,1083.83,1078.82,1080.62
1085.33,1770468300,1085.36,1082.38,1083.14
1080.74,1770468600,1086.23,1079.5,1085.8
1080.74,1770468900,1081.36,1078.1,1080.91
1079.55,1770469200,1081.37,1078.2,1080.99
1083.7,1770469500,1084.86,1078.87,1079.23
1087.33,1770469800,1087.52,1081.82,1083.88
1082.38,1770470100,1089.23,1082.28,1087.52
1079.26,1770470400,1082.59,1078.44,1082.41
1081.57,1770470700,1084.79,1079.16,1079.25
1079.23,1770471000,1084.75,1078.49,1081.42
1081.39,1770471300,1082.28,1078.87,1079.09
1078.97,1770471600,1082.45,1077.76,1081.13
1076.74,1770471900,1080.65,1076.54,1079.1
1073.91,1770472200,1079.2,1073.74,1076.97
1071.46,1770472500,1074.59,1068.28,1073.96
1069.11,1770472800,1071.72,1068.76,1071.72
1073.44,1770473100,1075.36,1068.6,1069.59
1073.98,1770473400,1074.6,1072.65,1073.76
1074.98,1770473700,1075.23,1071.96,1073.75
1079.33,1770474000,1079.67,1074.38,1075.19
1078.07,1770474300,1081.12,1077.75,1079.37
1078.74,1770474600,1082.04,1075.58,1078.13
1078.97,1770474900,1082.18,1076.28,1078.71
1072.49,1770475200,1079.63,1072.35,1079.42
1075.37,1770475500,1076.13,1071.8,1073.14
1076.02,1770475800,1077.09,1072.62,1075.14
1073.32,1770476100,1079.76,1072.78,1076.02
1076.75,1770476400,1078.92,1072.91,1072.91
1075.29,1770476700,1078.19,1075.29,1076.94
1082.91,1770477000,1083.75,1074.56,1075.38
1089.04,1770477300,1089.89,1081.72,1082.87
1090.78,1770477600,1091.92,1088.04,1089.05
1092.61,1770477900,1095.55,1090.4,1090.85
1090.96,1770478200,1093.06,1089.7,1092.6
1090.58,1770478500,1096.12,1090.58,1091.03
1088.85,1770478800,1094.46,1088.71,1090.8
1090.5,1770479100,1091.01,1086.73,1088.57
1092.53,1770479400,1092.72,1089.35,1090.82
1090.29,1770479700,1093.8,1089.94,1092.53
1093.66,1770480000,1093.75,1088.15,1090.19
1092.95,1770480300,1095.19,1091.42,1093.86
1094.7,1770480600,1097.01,1091.91,1092.83
1093.14,1770480900,1098.17,1092.26,1095.39
1090.44,1770481200,1093.14,1089.47,1093.02
1095.19,1770481500,1095.51,1090.78,1091.0
1091.15,1770481800,1096.45,1090.81,1095.73
1089.94,1770482100,1092.58,1087.33,1091.69
1101.95,1770482400,1102.48,1089.82,1089.82
1101.56,1770482700,1104.13,1100.53,1102.24
1103.33,1770483000,1105.99,1101.58,1101.58
1103.63,1770483300,1103.89,1100.69,1102.96
1101.03,1770483600,1103.88,1099.67,1103.37
1098.0,1770483900,1102.75,1097.26,1101.22
1097.7,1770484200,1100.05,1095.75,1097.98
1096.34,1770484500,1099.55,1095.29,1098.12
1101.28,1770484800,1101.95,1093.43,1096.74
1099.42,1770485100,1104.25,1099.03,1101.08
1102.76,1770485400,1102.76,1097.24,1098.98
1093.97,1770485700,1102.82,1093.58,1102.59
1094.77,1770486000,1096.67,1092.99,1094.21
1095.58,1770486300,1096.94,1092.82,1094.92
1089.26,1770486600,1095.5,1089.26,1095.12
1090.31,1770486900,1092.01,1087.68,1089.4
1090.13,1770487200,1091.24,1086.86,1090.01
1089.14,1770487500,1091.25,1087.84,1090.6
1092.05,1770487800,1094.53,1087.01,1088.79
1090.87,1770488100,1093.91,1090.05,1092.45
1091.53,1770488400,1093.12,1089.27,1091.0
1086.19,1770488700,1091.67,1084.84,1091.55
1089.18,1770489000,1089.18,1083.19,1085.79
1089.17,1770489300,1091.79,1087.99,1089.49
1094.3,1770489600,1094.39,1088.79,1089.06
1094.74,1770489900,1096.42,1093.62,1094.14
1094.43,1770490200,1097.93,1094.18,1094.75
1096.47,1770490500,1097.46,1094.58,1094.58
1096.96,1770490800,1098.84,1094.5,1096.73
1096.07,1770491100,1098.11,1093.83,1097.02
1090.85,1770491400,1097.19,1090.14,1096.37
1093.28,1770491700,1093.31,1089.05,1090.47
1095.74,1770492000,1096.13,1091.75,1092.73
1100.83,1770492300,1101.02,1093.46,1095.97
1100.59,1770492600,1101.75,1099.13,1100.67
1100.32,1770492900,1101.74,1098.53,1100.16
1103.05,1770493200,1103.36,1099.42,1100.62
1099.21,1770493500,1103.69,1097.43,1103.13
1101.16,1770493800,1101.16,1097.14,1099.22
1102.9,1770494100,1106.3,1101.3,1101.47
1097.15,1770494400,1103.85,1096.95,1102.62
1095.74,1770494700,1097.86,1094.41,1096.85
1092.5,1770495000,1095.75,1092.44,1095.5
1090.23,1770495300,1092.6,1086.7,1092.55
1083.7,1770495600,1090.06,1083.61,1090.06
1084.02,1770495900,1085.53,1081.89,1083.82
1087.11,1770496200,1087.11,1083.24,1083.96
1086.8,1770496500,1088.72,1085.07,1087.06
1085.2,1770496800,1087.51,1084.99,1087.13
1084.82,1770497100,1086.69,1083.76,1085.16
1080.81,1770497400,1086.43,1080.33,1084.74
1082.36,1770497700,1084.72,1079.96,1080.78
1082.12,1770498000,1083.15,1077.58,1082.46
1084.92,1770498300,1088.59,1082.33,1082.33
1081.19,1770498600,1084.51,1080.68,1084.51
1076.33,1770498900,1081.38,1075.64,1081.26
1075.49,1770499200,1077.5,1073.41,1076.19
1076.42,1770499500,1077.94,1072.2,1075.22
1083.23,1770499800,1084.09,1076.48,1076.48
1083.7,1770500100,1085.27,1081.67,1083.33
1084.54,1770500400,1088.68,1082.81,1083.81
1088.43,1770500700,1088.89,1083.6,1084.55
1087.24,1770501000,1088.43,1085.4,1088.24
1086.95,1770501300,1087.76,1084.57,1086.97
1080.87,1770501600,1088.75,1080.13,1086.92
1079.5,1770501900,1083.45,1079.5,1081.03
1076.02,1770502200,1079.84,1073.12,1079.52
1077.51,1770502500,1078.86,1073.91,1076.34
1076.5,1770502800,1079.34,1076.21,1077.78
1075.51,1770503100,1077.35,1074.45,1076.72
1071.82,1770503400,1075.86,1068.54,1075.86
1077.33,1770503700,1077.38,1071.14,1071.81
1078.64,1770504000,1080.44,1075.27,1077.11
1080.13,1770504300,1081.39,1077.53,1078.73
1078.33,1770504600,1080.98,1077.41,1080.3
1082.26,1770504900,1082.26,1077.59,1078.56
1078.66,1770505200,1082.67,1077.74,1081.82
1075.4,1770505500,1079.56,1075.26,1078.79
1078.69,1770505800,1079.88,1075.16,1075.28
1073.74,1770506100,1081.31,1073.22,1078.66
1079.1,1770506400,1079.76,1072.92,1074.36
1078.84,1770506700,1080.42,1076.19,1079.1
1082.99,1770507000,1085.65,1078.93,1078.93
1089.44,1770507300,1090.63,1081.95,1082.68
1093.52,1770507600,1093.52,1089.05,1089.6
1092.58,1770507900,1096.51,1091.16,1092.92
1092.16,1770508200,1092.93,1087.34,1092.65
1090.97,1770508500,1094.92,1090.09,1091.82
1088.05,1770508800,1091.87,1088.05,1091.61
1085.83,1770509100,1089.36,1084.65,1088.43
1089.08,1770509400,1089.28,1084.8,1085.39
1089.97,1770509700,1092.23,1087.78,1088.99
1092.51,1770510000,1092.71,1087.46,1089.92
1096.71,1770510300,1096.9,1089.23,1092.37
1095.96,1770510600,1100.64,1095.95,1096.58
1097.26,1770510900,1098.0,1091.99,1095.79
1097.43,1770511200,1099.57,1096.42,1097.33
1099.23,1770511500,1100.03,1097.1,1097.75
1098.52,1770511800,1102.01,1097.54,1098.91
1095.87,1770512100,1101.84,1095.87,1098.56
1098.36,1770512400,1099.35,1095.03,1095.9
1102.01,1770512700,1103.09,1097.45,1098.3
1105.87,1770513000,1106.39,1101.34,1101.85
1101.65,1770513300,1106.95,1100.67,1106.37
1101.75,1770513600,1103.0,1099.49,1101.1
1095.68,1770513900,1101.99,1095.68,1101.54
1092.65,1770514200,1096.03,1091.22,1095.74
1095.4,1770514500,1097.41,1092.39,1092.66
1092.96,1770514800,1097.28,1089.88,1095.79
1087.76,1770515100,1093.38,1086.79,1093.38
1099.18,1770515400,1100.32,1087.68,1087.68
1096.1,1770515700,1102.53,1096.1,1098.98
1099.71,1770516000,1100.17,1094.86,1095.96
1103.77,1770516300,1104.08,1098.65,1100.14
1103.53,1770516600,1106.54,1103.36,1103.9
1101.79,1770516900,1105.97,1100.91,1103.06
1098.54,1770517200,1101.87,1097.42,1101.87
1104.06,1770517500,1104.1,1097.94,1098.92
1100.1,1770517800,1103.75,1098.39,1103.6
1096.45,1770518100,1100.35,1095.33,1100.35
1096.89,1770518400,1098.13,1095.1,1096.92
1098.76,1770518700,1100.42,1092.31,1096.82
1096.53,1770519000,1099.41,1096.0,1098.55
1098.02,1770519300,1101.2,1096.72,1096.74
1099.62,1770519600,1100.65,1096.64,1098.11
1101.27,1770519900,1101.58,1098.5,1099.81
1103.71,1770520200,1104.39,1101.03,1101.61
1103.84,1770520500,1105.56,1102.14,1103.94
1107.79,1770520800,1108.16,1103.3,1104.18
1108.07,1770521100,1109.2,1105.24,1108.11
1106.81,1770521400,1109.48,1104.65,1108.41
1101.67,1770521700,1106.68,1100.47,1106.68
1100.61,1770522000,1103.92,1100.15,1101.54
1102.26,1770522300,1103.34,1099.55,1100.67
1094.76,1770522600,1102.95,1093.84,1102.4
1100.14,1770522900,1100.14,1094.93,1094.93
1093.54,1770523200,1100.44,1092.9,1100.16
1099.32,1770523500,1099.8,1093.33,1093.54
1096.59,1770523800,1099.06,1094.24,1099.06
1096.71,1770524100,1099.78,1096.19,1097.24
1096.67,1770524400,1100.47,1095.74,1096.99
1093.33,1770524700,1096.69,1091.91,1096.69
1094.93,1770525000,1096.16,1092.48,1093.3
1095.23,1770525300,1096.54,1093.55,1094.67
1094.29,1770525600,1095.44,1092.34,1094.96
1090.99,1770525900,1094.92,1089.51,1094.25
1092.68,1770526200,1095.99,1089.54,1091.09
1094.18,1770526500,1096.54,1091.84,1092.75
1100.55,1770526800,1101.26,1091.86,1094.33
1099.59,1770527100,1102.53,1098.73,1100.58
1100.29,1770527400,1103.65,1098.66,1099.45
1099.4,1770527700,1100.18,1097.47,1100.18
1098.79,1770528000,1100.42,1097.5,1099.1
1089.33,1770528300,1098.89,1089.09,1098.67
1090.47,1770528600,1090.58,1087.47,1089.39
1089.84,1770528900,1092.15,1088.82,1090.34
1090.31,1770529200,1091.66,1086.55,1089.94
1095.13,1770529500,1096.9,1090.56,1090.56
1095.59,1770529800,1095.77,1092.24,1095.15
1096.49,1770530100,1099.21,1095.42,1095.9
1098.98,1770530400,1100.43,1094.57,1096.93
1103.3,1770530700,1103.33,1098.37,1099.07
1106.09,1770531000,1106.36,1102.09,1103.17
1113.82,1770531300,1113.93,1105.48,1105.96
1115.13,1770531600,1118.27,1113.76,1113.93
1111.12,1770531900,1116.41,1109.19,1115.04
1118.75,1770532200,1118.94,1111.05,1111.22
1119.01,1770532500,1120.07,1116.98,1118.5
1119.9,1770532800,1122.8,1118.77,1119.03
1118.45,1770533100,1121.07,1118.04,1119.75
1121.92,1770533400,1123.4,1117.69,1118.34
1120.39,1770533700,1122.51,1117.55,1122.11
1122.13,1770534000,1123.48,1119.93,1120.44
1120.85,1770534300,1124.1,1119.21,1122.38
1120.0,1770534600,1120.97,1116.62,1120.73
1120.03,1770534900,1120.4,1116.95,1119.93
1118.1,1770535200,1123.03,1117.79,1119.7
1117.53,1770535500,1118.31,1112.8,1117.78
1119.46,1770535800,1119.46,1115.99,1117.27
1117.13,1770536100,1121.91,1116.43,1119.31
1117.79,1770536400,1119.78,1115.8,1117.06
1120.78,1770536700,1123.4,1117.99,1117.99
1120.91,1770537000,1123.37,1118.42,1120.64
1121.04,1770537300,1123.0,1117.14,1121.62
1121.71,1770537600,1123.24,1119.89,1120.85
1117.58,1770537900,1123.01,1117.58,1122.04
1115.51,1770538200,1119.17,1115.04,1117.16
1119.02,1770538500,1119.88,1114.73,1115.58
1122.52,1770538800,1123.29,1118.92,1118.92
1121.91,1770539100,1124.1,1120.76,1122.88
1127.09,1770539400,1128.01,1121.56,1121.56
1121.19,1770539700,1127.47,1120.48,1127.47
1119.83,1770540000,1121.19,1117.11,1121.19
1122.54,1770540300,1126.06,1120.29,1120.29
1119.32,1770540600,1122.89,1118.78,1122.04
1121.16,1770540900,1121.16,1117.11,1119.12
1123.9,1770541200,1124.17,1117.42,1121.12
1125.25,1770541500,1126.39,1123.29,1123.29
1121.79,1770541800,1127.59,1120.52,1125.09
1118.78,1770542100,1123.2,1117.51,1121.41
1112.47,1770542400,1120.04,1112.34,1118.63
1112.25,1770542700,1114.79,1110.17,1112.51
1111.85,1770543000,1113.05,1108.99,1112.51
1112.0,1770543300,1113.87,1109.13,1111.84
1110.29,1770543600,1114.28,1109.45,1112.18
1110.65,1770543900,1113.38,1109.29,1110.07
1105.05,1770544200,1111.13,1104.15,1110.58
1101.21,1770544500,1105.48,1098.61,1104.73
1101.44,1770544800,1104.72,1099.68,1101.11
1097.23,1770545100,1102.93,1095.42,1101.62
1096.87,1770545400,1099.13,1095.51,1097.42
1092.74,1770545700,1098.67,1092.74,1097.31
1094.12,1770546000,1096.01,1092.62,1092.75
1096.29,1770546300,1098.35,1093.78,1094.23
1102.53,1770546600,1102.66,1095.06,1096.27
1107.1,1770546900,1109.2,1100.71,1102.39
1108.34,1770547200,1108.5,1105.5,1107.3
1110.96,1770547500,1111.63,1107.94,1108.65
1108.17,1770547800,1113.25,1106.97,1111.31
1110.67,1770548100,1111.31,1107.16,1108.39
1105.01,1770548400,1111.07,1104.07,1110.55
1104.59,1770548700,1106.17,1101.85,1105.09
1104.03,1770549000,1106.04,1102.12,1104.68
1107.63,1770549300,1109.59,1102.76,1103.63
1107.54,1770549600,1108.68,1105.65,1107.1
1109.72,1770549900,1109.87,1105.89,1107.63
1110.42,1770550200,1110.93,1105.44,1109.44
1108.54,1770550500,1111.23,1107.04,1110.34
1111.9,1770550800,1114.03,1107.46,1108.43
1112.2,1770551100,1114.31,1110.04,1112.13
1109.54,1770551400,1112.23,1108.03,1112.14
1107.14,1770551700,1109.59,1104.44,1109.59
1103.47,1770552000,1108.47,1103.29,1107.24
1108.31,1770552300,1111.7,1102.4,1103.1
1106.56,1770552600,1109.65,1104.6,1107.94
1100.63,1770552900,1105.81,1100.29,1105.81
1100.99,1770553200,1100.99,1097.13,1100.64
1103.5,1770553500,1104.21,1099.23,1101.08
1110.56,1770553800,1112.47,1103.72,1103.72
1107.42,1770554100,1110.93,1106.89,1109.88
1110.06,1770554400,1113.17,1107.29,1107.56
1107.11,1770554700,1111.34,1107.01,1110.16
1109.45,1770555000,1110.09,1107.03,1107.36
1109.68,1770555300,1111.58,1108.38,1109.46
1111.45,1770555600,1112.03,1109.18,1110.25
1114.96,1770555900,1115.18,1110.82,1111.6
1116.63,1770556200,1118.13,1114.66,1115.46
1119.04,1770556500,1121.15,1116.76,1116.76
1126.64,1770556800,1127.15,1117.82,1118.82
1121.28,1770557100,1126.71,1121.28,1126.42
1119.8,1770557400,1121.55,1116.7,1121.47
1121.58,1770557700,1123.36,1118.38,1119.59
1122.0,1770558000,1123.78,1120.59,1122.08
1119.65,1770558300,1122.55,1117.33,1121.79
1114.21,1770558600,1119.5,1114.21,1119.25
1122.74,1770558900,1122.75,1113.49,1114.99
1122.77,1770559200,1127.95,1122.21,1122.54
1117.47,1770559500,1122.9,1116.86,1122.62
1115.93,1770559800,1119.23,1114.39,1117.32
1117.98,1770560100,1118.3,1114.21,1115.31
1120.39,1770560400,1121.24,1116.46,1117.76
1118.52,1770560700,1122.23,1117.33,1120.46
1123.37,1770561000,1124.72,1117.86,1118.56
1125.08,1770561300,1126.59,1122.11,1123.05
1124.87,1770561600,1128.0,1123.16,1125.22
1130.31,1770561900,1130.45,1123.76,1125.29
1135.03,1770562200,1135.78,1130.31,1130.43
1137.29,1770562500,1137.45,1134.54,1135.05
1140.44,1770562800,1141.49,1136.12,1137.01
1142.86,1770563100,1144.17,1140.27,1140.81
1139.52,1770563400,1144.02,1139.52,1142.92
1139.1,1770563700,1140.35,1136.66,1139.31
1134.07,1770564000,1140.4,1132.7,1139.3
1130.85,1770564300,1135.48,1130.14,1134.47
1133.07,1770564600,1134.09,1130.08,1130.49
1130.82,1770564900,1135.36,1130.59,1132.73
1129.91,1770565200,1133.3,1129.8,1131.08
1134.31,1770565500,1135.47,1129.36,1129.92
1128.84,1770565800,1135.83,1128.16,1134.11
1129.79,1770566100,1130.43,1126.99,1129.63
1125.2,1770566400,1130.79,1124.38,1129.56
1125.33,1770566700,1125.97,1123.17,1124.98
1122.25,1770567000,1126.34,1118.52,1125.02
1118.33,1770567300,1125.6,1118.33,1122.08
1115.97,1770567600,1119.52,1115.97,1118.75
1122.54,1770567900,1123.08,1115.88,1115.88
1123.08,1770568200,1127.1,1122.06,1122.6
1123.19,1770568500,1125.0,1122.0,1123.02
1124.27,1770568800,1125.13,1121.2,1123.52
1129.69,1770569100,1129.83,1123.01,1124.39
1127.58,1770569400,1131.54,1126.04,1129.77
1126.58,1770569700,1128.13,1124.44,1126.99
1131.15,1770570000,1131.96,1125.44,1126.82
1130.75,1770570300,1131.31,1128.32,1131.06
1124.09,1770570600,1131.28,1123.74,1131.21
1123.08,1770570900,1125.86,1122.42,1124.24
1126.46,1770571200,1130.64,1123.2,1123.2
1121.31,1770571500,1126.25,1119.35,1126.25
1125.94,1770571800,1127.42,1120.92,1121.55
1122.74,1770572100,1127.63,1122.04,1125.59
1126.47,1770572400,1127.38,1120.95,1122.57
1129.46,1770572700,1131.22,1125.33,1126.5
1128.96,1770573000,1131.16,1128.62,1129.3
1134.94,1770573300,1136.93,1128.83,1128.83
1129.61,1770573600,1135.9,1129.61,1134.84
1131.94,1770573900,1131.94,1127.17,1129.37
1133.08,1770574200,1133.78,1129.31,1132.48
1139.32,1770574500,1140.84,1132.97,1132.97
1143.77,1770574800,1143.77,1138.06,1139.45
1142.91,1770575100,1147.12,1142.45,1144.28
1143.82,1770575400,1144.44,1140.06,1142.93
1142.76,1770575700,1144.79,1141.0,1143.6
1143.51,1770576000,1145.9,1141.71,1142.95
1137.87,1770576300,1143.78,1137.81,1143.78
1136.97,1770576600,1139.99,1135.25,1138.04
1137.15,1770576900,1140.15,1135.58,1136.56
1135.91,1770577200,1137.01,1133.86,1136.89
1141.53,1770577500,1141.53,1134.79,1135.44
1136.67,1770577800,1141.83,1134.6,1141.83
1136.5,1770578100,1139.15,1136.32,1136.47
1129.45,1770578400,1136.95,1128.9,1136.95
1132.24,1770578700,1133.42,1127.07,1129.52
1134.1,1770579000,1136.21,1128.98,1131.67
1133.22,1770579300,1137.13,1132.8,1133.48
1132.85,1770579600,1136.77,1131.43,1132.99
1132.55,1770579900,1135.41,1131.88,1133.09
1133.69,1770580200,1137.09,1131.91,1133.07
1137.11,1770580500,1138.61,1133.8,1134.22
1136.2,1770580800,1138.72,1135.06,1137.58
1135.64,1770581100,1136.53,1131.86,1136.32
1132.6,1770581400,1135.98,1131.39,1135.62
1127.62,1770581700,1133.66,1126.41,1132.99
1130.94,1770582000,1133.97,1127.59,1127.59
1132.36,1770582300,1132.36,1129.3,1130.72
1134.36,1770582600,1134.45,1129.89,1132.15
1137.86,1770582900,1140.47,1134.68,1134.68
1134.83,1770583200,1140.22,1134.83,1138.01
1132.45,1770583500,1135.03,1131.33,1134.52
1132.62,1770583800,1134.13,1129.87,1132.64
1128.66,1770584100,1133.88,1127.51,1132.77
1124.49,1770584400,1128.57,1122.17,1128.57
1124.15,1770584700,1126.28,1122.89,1124.45
1126.87,1770585000,1126.87,1121.26,1123.92
1124.27,1770585300,1127.39,1123.69,1127.07
1120.44,1770585600,1126.2,1119.76,1124.41
1112.36,1770585900,1123.05,1112.13,1120.82
1110.9,1770586200,1114.65,1110.9,1112.88
1111.52,1770586500,1114.23,1110.16,1111.06
1105.98,1770586800,1112.09,1105.3,1111.16
1107.16,1770587100,1109.41,1106.11,1106.24
1106.91,1770587400,1108.54,1105.42,1106.87
1111.9,1770587700,1111.98,1106.09,1106.81
1115.45,1770588000,1116.6,1110.12,1112.26
1118.92,1770588300,1119.24,1114.48,1115.01
1117.3,1770588600,1120.47,1117.3,1118.33
1119.55,1770588900,1120.8,1117.28,1117.29
1117.58,1770589200,1120.14,1114.66,1119.48
1120.52,1770589500,1120.52,1115.48,1117.71
1119.72,1770589800,1120.99,1116.42,1120.83
1114.79,1770590100,1122.03,1113.96,1119.23
1115.4,1770590400,1118.46,1113.72,1114.7
1113.73,1770590700,1115.59,1112.07,1115.59
1117.45,1770591000,1118.14,1112.72,1113.36
1109.83,1770591300,1117.54,1109.48,1117.54
1105.31,1770591600,1111.3,1105.06,1109.68
1106.93,1770591900,1107.35,1102.76,1105.38
1109.23,1770592200,1109.32,1106.57,1107.01
1111.38,1770592500,1114.26,1109.12,1109.42
1115.44,1770592800,1117.28,1110.15,1111.01
1115.26,1770593100,1118.5,1114.38,1115.95
1113.0,1770593400,1115.98,1112.21,1115.45
1111.9,1770593700,1115.71,1109.8,1113.0
1108.52,1770594000,1112.11,1108.48,1111.84
1107.94,1770594300,1110.46,1107.56,1108.86
1109.0,1770594600,1111.36,1106.98,1107.83
1107.84,1770594900,1110.95,1107.07,1109.33
1110.77,1770595200,1111.67,1107.48,1108.0
1107.8,1770595500,1112.76,1107.36,1110.68
1105.04,1770595800,1108.0,1103.47,1107.36
1102.29,1770596100,1106.75,1101.91,1105.03
1097.75,1770596400,1102.27,1097.59,1102.09
1097.17,1770596700,1099.27,1096.2,1097.88
1096.83,1770597000,1097.13,1093.22,1097.13
1097.6,1770597300,1098.59,1094.48,1097.21
1093.22,1770597600,1097.73,1092.46,1097.32
1099.28,1770597900,1100.37,1092.65,1092.67
1101.14,1770598200,1101.14,1096.94,1099.0
1099.07,1770598500,1102.65,1098.71,1101.19
1092.19,1770598800,1099.58,1090.94,1099.25
1087.08,1770599100,1092.91,1087.08,1092.24
1087.92,1770599400,1088.51,1082.74,1087.13
1085.67,1770599700,1090.2,1083.57,1087.96
1079.73,1770600000,1085.75,1079.73,1085.75
1088.95,1770600300,1088.95,1080.16,1080.16
1092.62,1770600600,1093.09,1086.94,1088.55
1097.63,1770600900,1098.59,1092.44,1092.44
1094.46,1770601200,1099.53,1093.57,1097.68
1096.45,1770601500,1099.34,1094.86,1094.88
1100.49,1770601800,1100.49,1094.53,1096.41
1096.57,1770602100,1101.85,1096.07,1100.71
1095.64,1770602400,1100.2,1094.75,1096.74
1092.99,1770602700,1097.12,1092.47,1095.11
1091.66,1770603000,1095.42,1090.59,1093.08
1088.48,1770603300,1093.48,1085.64,1091.59
1088.27,1770603600,1089.85,1086.63,1088.02
1090.87,1770603900,1091.01,1088.07,1088.43
1090.52,1770604200,1093.07,1089.78,1091.12
1095.11,1770604500,1096.39,1089.31,1090.3
1090.29,1770604800,1095.73,1089.88,1095.25
1092.05,1770605100,1093.67,1088.86,1090.43
1091.16,1770605400,1095.89,1090.77,1091.84
1085.68,1770605700,1092.17,1084.2,1091.35
1083.82,1770606000,1087.32,1081.81,1085.37
1082.67,1770606300,1085.2,1080.83,1083.91
1083.38,1770606600,1085.68,1082.09,1082.86
1080.39,1770606900,1083.56,1080.1,1083.41
1079.21,1770607200,1080.81,1076.94,1080.31
1084.86,1770607500,1085.26,1079.69,1079.69
1093.66,1770607800,1094.38,1082.89,1084.6
1096.56,1770608100,1097.59,1092.76,1093.88
1104.37,1770608400,1104.98,1095.82,1096.48
1107.81,1770608700,1109.99,1103.63,1104.75
1107.07,1770609000,1109.42,1105.97,1107.59
1112.37,1770609300,1112.98,1104.96,1107.13
1113.34,1770609600,1113.34,1109.95,1111.87
1110.48,1770609900,1113.24,1106.98,1113.13
1109.25,1770610200,1112.63,1108.0,1110.16
1106.04,1770610500,1109.43,1105.89,1109.26
1106.42,1770610800,1107.97,1103.39,1106.12
1109.18,1770611100,1110.88,1102.99,1106.52
1105.7,1770611400,1109.46,1104.98,1109.4
1101.12,1770611700,1106.67,1100.95,1105.78
1100.02,1770612000,1102.43,1097.67,1101.42
1103.82,1770612300,1104.43,1099.63,1099.63
1106.54,1770612600,1108.61,1104.22,1104.22
1107.17,1770612900,1107.44,1103.47,1106.36
1109.04,1770613200,1109.7,1105.32,1107.11
1103.23,1770613500,1109.24,1100.93,1109.24
1099.85,1770613800,1107.08,1099.47,1103.22
1102.88,1770614100,1103.45,1099.22,1100.28
1106.4,1770614400,1106.4,1102.6,1103.16
1107.45,1770614700,1107.69,1105.54,1106.28
1107.55,1770615000,1109.2,1106.86,1107.51
1102.51,1770615300,1108.52,1102.47,1107.22
1107.0,1770615600,1107.0,1101.39,1102.48
1107.76,1770615900,1108.55,1104.9,1106.88
1111.01,1770616200,1112.16,1106.96,1107.3
1109.66,1770616500,1112.86,1109.54,1110.81
1106.94,1770616800,1109.88,1106.3,1109.5
1107.74,1770617100,1109.15,1105.37,1107.39
1111.26,1770617400,1111.78,1106.56,1107.46
1110.74,1770617700,1111.97,1108.08,1111.58
1106.02,1770618000,1111.92,1105.8,1110.85
1107.62,1770618300,1110.13,1106.11,1106.33
1107.8,1770618600,1108.55,1104.41,1107.21
1103.71,1770618900,1110.12,1103.71,1108.29
1102.23,1770619200,1105.02,1101.71,1103.72
1101.67,1770619500,1106.76,1101.67,1102.29
1098.81,1770619800,1104.61,1097.42,1102.07
1094.88,1770620100,1100.61,1094.22,1099.26
1094.19,1770620400,1096.08,1091.79,1095.14
1091.15,1770620700,1094.7,1090.14,1094.28
1093.25,1770621000,1094.23,1091.28,1091.28
1091.02,1770621300,1094.21,1089.96,1092.7
1090.45,1770621600,1091.35,1088.43,1090.42
1092.58,1770621900,1094.27,1089.07,1090.55
1089.62,1770622200,1094.34,1089.14,1092.66
1085.85,1770622500,1090.85,1084.76,1089.1
1090.69,1770622800,1091.99,1085.25,1086.18
1091.54,1770623100,1092.81,1088.41,1090.48
1091.12,1770623400,1093.69,1087.5,1091.82
1091.8,1770623700,1093.23,1090.41,1091.26
1088.86,1770624000,1094.52,1087.9,1091.61
1094.83,1770624300,1094.83,1087.61,1088.48
1093.2,1770624600,1098.48,1092.74,1095.34
1098.95,1770624900,1100.48,1092.42,1093.54
1104.36,1770625200,1105.3,1099.24,1099.24
1100.43,1770625500,1105.08,1099.77,1103.97
1098.07,1770625800,1100.96,1094.99,1100.8
1101.41,1770626100,1102.88,1097.52,1097.83
1104.02,1770626400,1104.26,1100.12,1101.34
1103.87,1770626700,1105.38,1101.28,1104.27
1106.3,1770627000,1107.8,1103.31,1103.89
1104.88,1770627300,1106.92,1103.29,1106.4
1110.35,1770627600,1110.35,1104.64,1104.8
1112.08,1770627900,1115.29,1107.85,1109.99
1111.97,1770628200,1112.93,1109.96,1112.01
1112.06,1770628500,1114.47,1110.99,1111.65
1108.48,1770628800,1114.05,1107.63,1111.75
1109.03,1770629100,1109.67,1105.95,1108.88
1113.41,1770629400,1114.82,1108.35,1108.8
1110.0,1770629700,1114.1,1109.52,1113.33
1101.69,1770630000,1109.92,1101.53,1109.55
1103.79,1770630300,1105.44,1101.84,1101.84
1104.28,1770630600,1106.22,1102.78,1103.62
1102.73,1770630900,1104.94,1101.08,1104.2
1099.47,1770631200,1103.09,1097.15,1102.8
1098.54,1770631500,1102.33,1098.54,1099.82
1097.82,1770631800,1100.22,1095.5,1098.68
1095.44,1770632100,1099.11,1095.03,1098.39
1094.24,1770632400,1097.83,1093.75,1094.65
1093.73,1770632700,1097.26,1090.5,1093.97
1094.3,1770633000,1095.68,1092.24,1093.54
1092.89,1770633300,1095.56,1090.93,1094.16
1094.08,1770633600,1095.62,1090.15,1092.97
1096.62,1770633900,1096.68,1092.65,1094.19
1093.94,1770634200,1097.55,1092.49,1096.65
1089.0,1770634500,1094.78,1087.76,1093.84
1095.51,1770634800,1096.6,1088.39,1089.05
1097.32,1770635100,1098.22,1093.41,1095.54
1094.82,1770635400,1097.31,1093.74,1097.12
1093.1,1770635700,1096.06,1092.05,1094.98
1097.51,1770636000,1097.85,1093.08,1093.08
1091.88,1770636300,1098.73,1090.13,1097.79
1093.85,1770636600,1097.1,1091.44,1092.04
1091.91,1770636900,1096.44,1091.75,1093.73
1090.76,1770637200,1093.5,1090.47,1092.13
1092.8,1770637500,1093.59,1091.28,1091.42
1089.94,1770637800,1094.43,1089.69,1092.6
1088.04,1770638100,1093.03,1088.04,1090.0
1086.54,1770638400,1088.97,1085.6,1088.5
1085.81,1770638700,1086.87,1083.14,1086.53
1083.03,1770639000,1086.51,1083.03,1086.06
1087.05,1770639300,1087.34,1082.29,1082.81
1081.91,1770639600,1088.22,1080.43,1087.31
1084.27,1770639900,1087.06,1081.99,1082.27
1079.22,1770640200,1085.59,1079.22,1084.17
1079.11,1770640500,1081.76,1077.34,1078.72
1076.15,1770640800,1079.24,1073.97,1079.24
1070.38,1770641100,1077.67,1070.35,1076.36
1068.33,1770641400,1071.54,1066.92,1070.54
1065.51,1770641700,1069.17,1064.92,1068.01
1066.41,1770642000,1067.53,1062.42,1065.62
1065.48,1770642300,1069.7,1065.08,1066.62
1066.13,1770642600,1067.6,1063.79,1065.51
1066.26,1770642900,1068.02,1065.67,1066.13
1063.82,1770643200,1067.01,1062.92,1065.7
1062.83,1770643500,1064.1,1059.18,1063.93
1067.46,1770643800,1067.61,1062.58,1062.9
1066.06,1770644100,1069.04,1065.17,1067.31
1072.59,1770644400,1073.12,1066.22,1066.28
1068.42,1770644700,1072.82,1067.8,1072.72
1068.23,1770645000,1068.96,1066.18,1068.19
1071.54,1770645300,1071.54,1067.61,1068.38
1072.47,1770645600,1073.05,1069.55,1071.65
1069.06,1770645900,1072.45,1068.07,1072.45
1068.32,1770646200,1070.87,1067.91,1068.86
1067.63,1770646500,1068.8,1065.49,1068.47
1067.79,1770646800,1068.91,1063.79,1067.94
1068.99,1770647100,1073.03,1066.39,1067.79
1072.81,1770647400,1072.83,1068.67,1068.67
1066.27,1770647700,1073.2,1065.1,1072.99
1065.72,1770648000,1067.9,1064.6,1066.18
1069.24,1770648300,1071.11,1065.27,1066.14
1068.77,1770648600,1072.41,1067.99,1069.05
1064.7,1770648900,1068.69,1064.1,1068.69
1062.35,1770649200,1064.91,1058.3,1064.91
1064.91,1770649500,1065.08,1061.03,1062.36
1064.0,1770649800,1066.69,1063.07,1064.66
1068.81,1770650100,1069.52,1062.57,1063.7
1070.08,1770650400,1070.82,1065.72,1068.89
1069.12,1770650700,1071.09,1067.64,1069.62
1074.62,1770651000,1075.18,1068.59,1069.26
1069.52,1770651300,1075.05,1068.94,1074.49
1077.52,1770651600,1077.58,1069.73,1070.02
1082.65,1770651900,1083.46,1077.16,1077.4
1085.66,1770652200,1085.94,1082.19,1082.42
1090.63,1770652500,1092.0,1084.07,1085.91
1090.54,1770652800,1095.74,1089.59,1091.01
1094.73,1770653100,1095.02,1089.92,1090.29
1092.37,1770653400,1095.78,1089.93,1094.58
1089.68,1770653700,1092.29,1088.24,1092.29
1091.67,1770654000,1093.14,1088.83,1089.59
1093.79,1770654300,1094.41,1091.38,1091.38
1093.85,1770654600,1095.18,1092.28,1093.79
1103.21,1770654900,1104.42,1093.01,1093.92
1097.7,1770655200,1103.8,1097.53,1103.38
1095.84,1770655500,1097.87,1092.37,1097.86
1090.6,1770655800,1097.08,1089.77,1095.62
1091.32,1770656100,1092.35,1088.52,1090.29
1096.52,1770656400,1097.48,1089.9,1091.92
1095.04,1770656700,1096.58,1090.72,1096.58
1095.97,1770657000,1097.14,1093.51,1095.04
1093.29,1770657300,1096.54,1091.97,1095.84
1100.5,1770657600,1100.99,1093.01,1093.43
1097.41,1770657900,1101.25,1096.64,1100.12
1097.31,1770658200,1099.7,1095.92,1097.32
1101.81,1770658500,1102.42,1095.74,1096.98
1099.42,1770658800,1102.19,1096.65,1101.51
1096.38,1770659100,1100.43,1095.62,1099.27
1093.18,1770659400,1097.43,1092.45,1096.39
1093.68,1770659700,1095.75,1091.25,1093.33
1097.08,1770660000,1097.76,1093.06,1093.45
1092.17,1770660300,1097.2,1091.91,1097.19
1088.38,1770660600,1092.51,1088.38,1092.05
1088.22,1770660900,1089.51,1084.72,1088.94
1082.66,1770661200,1089.64,1081.45,1088.1
1081.75,1770661500,1086.99,1081.65,1082.81
1078.46,1770661800,1084.47,1077.95,1081.55
1081.79,1770662100,1082.54,1076.11,1078.47
1081.47,1770662400,1083.74,1078.57,1081.64
1079.79,1770662700,1082.92,1079.57,1080.9
1077.39,1770663000,1081.58,1074.95,1079.96
1078.38,1770663300,1080.07,1074.79,1077.47
1074.44,1770663600,1079.37,1074.44,1077.97
1067.57,1770663900,1075.37,1067.31,1074.22
1066.69,1770664200,1070.82,1065.96,1067.86
1062.6,1770664500,1067.61,1061.33,1066.82
1067.12,1770664800,1068.51,1062.39,1063.05
1067.59,1770665100,1068.63,1064.32,1067.18
1063.55,1770665400,1067.84,1063.19,1067.24
1062.36,1770665700,1065.52,1061.21,1063.46
1060.55,1770666000,1061.87,1057.93,1061.87
1060.65,1770666300,1062.43,1058.92,1060.75
1057.58,1770666600,1061.6,1056.85,1060.38
1055.8,1770666900,1058.99,1054.62,1057.6
1058.43,1770667200,1060.18,1055.5,1055.5
1060.67,1770667500,1061.08,1056.95,1057.9
1065.62,1770667800,1066.8,1060.26,1060.26
1060.9,1770668100,1066.03,1060.36,1065.59
1063.01,1770668400,1065.01,1059.65,1061.15
1067.75,1770668700,1068.0,1062.07,1063.05
1067.33,1770669000,1069.81,1066.57,1067.68
1073.56,1770669300,1073.73,1067.26,1067.64
1069.18,1770669600,1074.4,1067.91,1072.99
1067.79,1770669900,1069.77,1066.07,1069.36
1066.82,1770670200,1068.84,1063.7,1067.5
1067.54,1770670500,1068.08,1064.78,1066.42
1063.35,1770670800,1068.09,1063.35,1067.67
1062.58,1770671100,1064.34,1061.62,1063.17
1067.25,1770671400,1067.59,1062.89,1063.3
1063.66,1770671700,1069.95,1063.19,1066.82
1067.09,1770672000,1068.66,1061.59,1063.58
1065.79,1770672300,1070.56,1065.35,1067.04
1065.66,1770672600,1068.38,1064.44,1065.62
1065.73,1770672900,1067.59,1060.57,1065.33
1059.39,1770673200,1066.01,1058.35,1066.01
1063.07,1770673500,1066.35,1059.63,1059.7
1063.81,1770673800,1065.75,1061.76,1063.24
1062.61,1770674100,1066.49,1061.82,1063.6
1066.07,1770674400,1066.75,1061.97,1062.81
1067.04,1770674700,1069.71,1065.74,1066.4
1068.48,1770675000,1069.86,1065.69,1066.6
1070.74,1770675300,1072.31,1067.47,1068.68
1067.26,1770675600,1071.2,1066.98,1071.2
1065.37,1770675900,1068.11,1064.15,1067.04
1062.1,1770676200,1069.18,1060.47,1065.18
1063.14,1770676500,1063.99,1058.61,1061.89
1063.16,1770676800,1064.11,1061.64,1062.35
1062.22,1770677100,1064.09,1060.84,1063.07
1061.59,1770677400,1063.06,1060.05,1061.96
1061.26,1770677700,1063.33,1060.51,1061.5
1062.02,1770678000,1062.33,1058.75,1061.17
1058.98,1770678300,1062.36,1058.51,1062.08
1059.8,1770678600,1059.89,1056.59,1058.74
1059.51,1770678900,1060.6,1057.33,1059.63
1065.5,1770679200,1066.5,1059.58,1059.79
1066.21,1770679500,1070.2,1065.33,1065.33
1064.82,1770679800,1066.65,1063.46,1066.24
1068.66,1770680100,1068.94,1064.64,1065.18
1072.21,1770680400,1072.21,1068.15,1068.71
1069.33,1770680700,1073.89,1066.42,1072.75
1070.09,1770681000,1071.21,1067.47,1069.18
1071.58,1770681300,1072.6,1068.35,1069.9
1073.35,1770681600,1075.58,1071.31,1071.49
1075.15,1770681900,1075.15,1071.48,1073.52
1071.04,1770682200,1076.23,1070.93,1075.04
1075.7,1770682500,1075.7,1070.73,1071.17
1076.83,1770682800,1077.39,1071.6,1076.08
1078.14,1770683100,1078.26,1075.23,1076.63
1079.19,1770683400,1080.73,1077.51,1078.32
1076.59,1770683700,1080.36,1076.12,1079.07
1073.49,1770684000,1079.09,1073.03,1076.7
1069.36,1770684300,1073.94,1068.68,1073.34
1068.38,1770684600,1070.07,1066.08,1069.29
1072.25,1770684900,1072.25,1067.85,1069.11
1070.99,1770685200,1073.99,1070.34,1072.59
1071.43,1770685500,1073.52,1070.18,1071.03
1071.75,1770685800,1072.04,1068.31,1071.63
1072.24,1770686100,1074.32,1071.66,1071.66
1073.41,1770686400,1074.7,1068.74,1072.46
1076.38,1770686700,1077.71,1072.45,1073.3
1076.76,1770687000,1078.87,1074.8,1076.28
1076.2,1770687300,1078.44,1075.12,1076.84
1079.57,1770687600,1079.57,1076.5,1076.56
1081.0,1770687900,1082.59,1079.03,1079.87
1083.66,1770688200,1084.54,1081.03,1081.03
1080.07,1770688500,1083.81,1077.19,1083.81
1083.51,1770688800,1086.41,1079.55,1080.3
1085.13,1770689100,1085.29,1079.89,1083.35
1083.0,1770689400,1086.35,1081.22,1085.09
1087.24,1770689700,1087.24,1082.86,1083.52
1085.15,1770690000,1087.21,1082.0,1087.21
1083.5,1770690300,1087.14,1082.78,1085.2
1086.94,1770690600,1087.43,1083.81,1083.81
1083.32,1770690900,1089.25,1082.95,1087.24
1080.0,1770691200,1083.24,1077.54,1083.24
1078.3,1770691500,1081.16,1076.17,1079.95
1078.73,1770691800,1080.28,1077.37,1078.61
1077.23,1770692100,1081.2,1076.8,1078.46
1073.29,1770692400,1078.05,1072.95,1076.87
1073.24,1770692700,1074.16,1069.34,1073.45
1072.69,1770693000,1073.87,1070.56,1073.61
1075.08,1770693300,1076.21,1072.32,1072.51
1077.72,1770693600,1077.89,1073.59,1074.65
1078.12,1770693900,1080.67,1076.3,1077.64
1075.1,1770694200,1079.15,1073.93,1077.73
1078.61,1770694500,1080.82,1075.12,1075.47
1078.51,1770694800,1080.57,1077.0,1078.49
1077.67,1770695100,1083.67,1077.52,1078.28
1079.42,1770695400,1082.81,1077.54,1077.54
1078.69,1770695700,1082.67,1076.91,1080.08
1077.81,1770696000,1079.97,1073.62,1079.3
1081.93,1770696300,1085.41,1077.22,1078.08
1076.45,1770696600,1083.12,1076.45,1082.22
1072.57,1770696900,1078.58,1071.97,1076.27
1070.59,1770697200,1072.26,1069.61,1072.25
1072.82,1770697500,1073.54,1070.36,1070.52
1080.58,1770697800,1080.81,1072.73,1073.07
1081.38,1770698100,1083.55,1079.18,1080.3
1081.46,1770698400,1084.46,1080.5,1081.51
1081.53,1770698700,1085.02,1080.95,1081.33
1085.28,1770699000,1086.76,1080.01,1081.24
1085.92,1770699300,1087.73,1084.13,1085.34
1090.26,1770699600,1091.92,1083.16,1085.9
1089.3,1770699900,1091.34,1088.29,1089.86
1088.36,1770700200,1092.37,1088.36,1089.04
1089.16,1770700500,1090.4,1087.63,1088.72
1088.37,1770700800,1091.54,1087.17,1089.13
1087.38,1770701100,1092.17,1087.38,1088.84
1084.53,1770701400,1087.59,1082.16,1087.06
1089.99,1770701700,1090.66,1084.27,1084.41
1091.55,1770702000,1091.55,1084.99,1090.06
1092.2,1770702300,1094.3,1090.47,1091.42
1092.73,1770702600,1094.35,1090.4,1092.11
1093.44,1770702900,1094.31,1090.41,1092.62
1095.64,1770703200,1096.79,1092.69,1092.93
1090.68,1770703500,1096.52,1090.68,1095.79
1084.87,1770703800,1091.36,1084.61,1090.6
1083.62,1770704100,1085.83,1082.91,1085.12
1085.12,1770704400,1086.24,1082.55,1083.61
1086.11,1770704700,1087.56,1083.64,1085.08
1088.95,1770705000,1090.18,1085.22,1085.72
1085.43,1770705300,1088.91,1082.88,1088.77
1086.71,1770705600,1087.42,1083.78,1085.23
1081.32,1770705900,1086.87,1081.32,1086.67
1080.48,1770706200,1083.51,1079.27,1081.2
1077.46,1770706500,1081.2,1076.72,1080.67
1073.82,1770706800,1077.88,1072.43,1077.59
1075.61,1770707100,1078.57,1073.2,1074.04
1076.22,1770707400,1076.32,1070.49,1075.38
1072.25,1770707700,1078.14,1071.19,1076.22
1064.06,1770708000,1072.64,1063.96,1072.2
1058.75,1770708300,1064.26,1058.63,1064.26
1058.94,1770708600,1062.49,1056.45,1058.59
1055.14,1770708900,1059.01,1055.14,1058.49
1058.64,1770709200,1059.97,1054.76,1055.18
1057.94,1770709500,1059.35,1055.16,1058.19
1058.78,1770709800,1060.4,1056.01,1058.02
1058.0,1770710100,1060.63,1054.76,1058.73
1052.67,1770710400,1058.44,1052.67,1057.97
1054.08,1770710700,1055.51,1051.86,1052.49
1051.2,1770711000,1054.92,1049.81,1054.48
1048.42,1770711300,1052.28,1048.39,1051.38
1049.52,1770711600,1050.25,1047.11,1048.52
1045.82,1770711900,1052.46,1045.82,1049.53
1053.9,1770712200,1054.33,1045.47,1046.55
1049.61,1770712500,1054.18,1048.97,1053.9
1048.5,1770712800,1049.77,1045.73,1049.51
1045.27,1770713100,1048.52,1045.27,1048.51
1044.69,1770713400,1047.41,1044.44,1045.35
1044.31,1770713700,1045.35,1040.53,1044.69
1048.99,1770714000,1048.99,1043.65,1044.15
1054.95,1770714300,1055.16,1049.0,1049.19
1051.69,1770714600,1056.37,1050.82,1055.03
1049.09,1770714900,1052.57,1048.86,1051.83
1054.73,1770715200,1055.3,1048.65,1049.4
1053.51,1770715500,1056.46,1053.51,1055.0
1055.05,1770715800,1057.32,1052.7,1053.68
1053.89,1770716100,1056.85,1053.35,1055.35
1051.79,1770716400,1054.97,1049.75,1053.9
1048.76,1770716700,1053.79,1048.76,1051.68
1053.33,1770717000,1053.63,1048.55,1048.93
1054.5,1770717300,1056.01,1050.34,1053.27
1051.82,1770717600,1055.77,1049.64,1054.41
1050.99,1770717900,1055.83,1050.23,1052.0
1050.36,1770718200,1052.04,1049.05,1051.02
1051.65,1770718500,1052.69,1049.1,1050.22
1053.96,1770718800,1054.05,1049.68,1052.2
1058.09,1770719100,1058.13,1053.21,1053.59
1061.4,1770719400,1061.4,1057.67,1058.14
1058.11,1770719700,1061.88,1057.03,1061.49
1065.08,1770720000,1065.74,1057.3,1057.3
1066.09,1770720300,1066.65,1062.52,1065.18
1058.39,1770720600,1067.49,1058.0,1066.61
1058.91,1770720900,1059.48,1055.63,1058.7
1061.26,1770721200,1061.26,1059.2,1059.26
1059.93,1770721500,1061.61,1057.49,1061.09
1053.46,1770721800,1060.36,1053.15,1060.36
1049.04,1770722100,1053.17,1045.46,1053.17
1044.06,1770722400,1050.22,1043.06,1049.05
1041.43,1770722700,1044.58,1039.25,1044.23
1042.69,1770723000,1045.48,1040.91,1041.29
1043.11,1770723300,1043.92,1040.08,1042.68
1043.69,1770723600,1047.68,1042.59,1043.45
1043.82,1770723900,1043.82,1041.43,1043.62
1044.91,1770724200,1046.38,1040.43,1043.67
1045.62,1770724500,1049.09,1044.62,1045.1
1044.7,1770724800,1047.23,1043.8,1045.41
1044.39,1770725100,1046.63,1044.16,1044.61
1047.9,1770725400,1048.37,1042.63,1044.62
1044.13,1770725700,1049.72,1044.13,1048.2
1045.93,1770726000,1045.97,1043.09,1043.95
1045.66,1770726300,1046.94,1042.42,1045.88
1043.69,1770726600,1047.17,1043.34,1045.81
1041.15,1770726900,1044.64,1038.43,1043.9
1041.17,1770727200,1042.73,1039.4,1041.54
1041.16,1770727500,1043.37,1039.65,1041.42
1042.32,1770727800,1044.34,1039.46,1041.02
1040.0,1770728100,1042.49,1039.02,1042.43
1041.99,1770728400,1044.04,1040.03,1040.03
1045.44,1770728700,1045.99,1040.34,1042.35
1044.86,1770729000,1046.14,1041.56,1045.36
1042.0,1770729300,1045.3,1039.65,1044.84
1040.85,1770729600,1043.31,1037.52,1042.12
1042.21,1770729900,1043.51,1039.8,1041.01
1036.4,1770730200,1043.84,1036.4,1042.61
1035.43,1770730500,1039.49,1035.4,1036.57
1033.59,1770730800,1037.27,1032.33,1035.71
1034.73,1770731100,1039.26,1033.36,1033.76
1032.64,1770731400,1036.53,1032.64,1034.85
1029.27,1770731700,1033.16,1027.31,1033.08
1033.67,1770732000,1034.27,1027.18,1029.37
1034.87,1770732300,1035.93,1031.39,1033.63
1033.48,1770732600,1037.15,1033.48,1034.61
1035.71,1770732900,1036.23,1033.03,1033.17
1035.39,1770733200,1036.81,1034.3,1035.44
1026.57,1770733500,1035.37,1026.52,1035.37
1032.68,1770733800,1034.19,1024.84,1026.31
1035.43,1770734100,1035.44,1029.92,1032.67
1034.21,1770734400,1038.31,1033.31,1035.16
1032.92,1770734700,1035.7,1031.97,1034.17
1034.26,1770735000,1035.38,1031.66,1033.25
1035.67,1770735300,1036.51,1032.35,1034.44
1033.37,1770735600,1036.64,1032.77,1035.51
1032.64,1770735900,1034.13,1031.61,1033.74
1034.5,1770736200,1034.73,1030.31,1032.38
1035.18,1770736500,1036.52,1033.7,1034.65
1031.01,1770736800,1036.44,1031.01,1034.55
1034.47,1770737100,1034.47,1029.48,1031.03
1037.29,1770737400,1039.22,1034.55,1034.65
1033.41,1770737700,1038.05,1032.63,1037.67
1032.04,1770738000,1034.98,1030.94,1033.18
1030.3,1770738300,1032.58,1029.2,1032.14
1028.08,1770738600,1031.57,1026.85,1030.15
1029.45,1770738900,1031.73,1028.13,1028.13
1035.01,1770739200,1035.29,1028.64,1029.38
1036.18,1770739500,1037.95,1033.72,1035.0
1036.09,1770739800,1037.71,1034.4,1036.67
1044.13,1770740100,1044.41,1035.69,1035.85
1040.99,1770740400,1044.32,1040.03,1044.22
1040.04,1770740700,1041.71,1038.76,1040.98
1036.61,1770741000,1039.99,1035.11,1039.59
1038.97,1770741300,1038.97,1034.37,1036.69
1034.87,1770741600,1039.54,1034.64,1039.0
1037.79,1770741900,1038.34,1032.49,1034.88
1041.36,1770742200,1041.61,1036.86,1037.75
1040.66,1770742500,1044.37,1040.51,1041.33
1039.72,1770742800,1041.07,1036.51,1040.84
1031.44,1770743100,1039.81,1030.27,1039.81
1035.54,1770743400,1037.42,1029.97,1031.75
1033.22,1770743700,1036.77,1029.79,1035.64
1036.75,1770744000,1037.44,1032.83,1033.15
1035.16,1770744300,1036.9,1033.95,1036.11
1035.18,1770744600,1036.82,1032.91,1034.87
1040.54,1770744900,1041.29,1035.17,1035.23
1043.26,1770745200,1043.26,1037.0,1040.43
1042.31,1770745500,1043.33,1039.15,1043.05
1043.02,1770745800,1044.03,1040.71,1042.53
1045.43,1770746100,1048.3,1042.8,1043.01
1044.78,1770746400,1047.5,1042.96,1045.66
1046.01,1770746700,1047.47,1043.84,1044.59
1043.74,1770747000,1047.17,1041.85,1045.63
1044.72,1770747300,1046.39,1041.9,1043.28
1044.59,1770747600,1046.36,1043.08,1044.82
1042.06,1770747900,1044.9,1040.8,1044.26
1032.41,1770748200,1042.46,1032.16,1042.12
1033.29,1770748500,1035.19,1030.44,1032.49
1030.95,1770748800,1033.6,1030.12,1033.5
1033.61,1770749100,1034.24,1028.89,1030.59
1035.61,1770749400,1035.61,1033.19,1033.3
1033.49,1770749700,1036.38,1032.44,1035.68
1033.37,1770750000,1035.9,1032.98,1033.44
1033.41,1770750300,1037.49,1032.47,1033.58
1036.29,1770750600,1037.92,1033.16,1033.27
1038.27,1770750900,1039.77,1036.61,1036.69
1038.39,1770751200,1040.74,1036.04,1037.95
1042.24,1770751500,1043.13,1038.24,1038.52
1045.8,1770751800,1047.24,1041.77,1042.19
1049.31,1770752100,1050.29,1043.19,1045.71
1052.54,1770752400,1054.34,1048.8,1049.3
1053.99,1770752700,1055.37,1052.01,1052.96
1056.49,1770753000,1056.49,1052.05,1053.86
1057.07,1770753300,1058.61,1055.88,1056.34
1055.42,1770753600,1057.12,1054.58,1056.87
1052.44,1770753900,1055.77,1051.47,1055.21
1045.93,1770754200,1052.23,1045.46,1052.04
1043.08,1770754500,1046.04,1042.66,1045.92
1045.62,1770754800,1046.89,1041.95,1042.41
1045.14,1770755100,1047.4,1044.36,1045.58
1044.63,1770755400,1046.4,1044.09,1045.27
1047.33,1770755700,1047.33,1043.64,1045.17
1046.08,1770756000,1047.53,1044.36,1047.42
1042.04,1770756300,1046.49,1041.77,1046.16
1042.78,1770756600,1043.36,1039.11,1041.83
1039.48,1770756900,1043.94,1038.61,1042.98
1036.53,1770757200,1039.32,1035.22,1039.21
1033.27,1770757500,1036.76,1031.46,1036.76
1034.95,1770757800,1037.13,1033.24,1033.24
1028.96,1770758100,1034.91,1028.93,1034.91
1028.85,1770758400,1029.75,1026.61,1029.13
1027.21,1770758700,1030.35,1024.75,1029.32
1026.94,1770759000,1028.83,1026.13,1027.41
1025.99,1770759300,1028.21,1024.36,1026.93
1026.93,1770759600,1027.64,1025.24,1026.14
1023.6,1770759900,1026.94,1022.02,1026.67
1018.71,1770760200,1024.41,1017.76,1023.52
1018.57,1770760500,1021.83,1018.08,1018.55
1016.66,1770760800,1018.9,1014.77,1018.43
1017.65,1770761100,1019.67,1016.57,1016.75
1016.17,1770761400,1017.72,1013.84,1017.55
1020.93,1770761700,1022.65,1015.76,1016.1
1020.31,1770762000,1022.26,1018.94,1020.94
1016.36,1770762300,1020.37,1014.81,1020.37
1012.15,1770762600,1017.8,1012.14,1016.41
1013.4,1770762900,1013.97,1010.89,1012.17
1011.85,1770763200,1013.64,1010.47,1012.99
1011.13,1770763500,1012.07,1007.93,1011.38
1010.25,1770763800,1011.45,1008.19,1011.09
1003.05,1770764100,1011.1,1003.05,1010.61
1005.87,1770764400,1006.1,1002.45,1002.82
1004.61,1770764700,1007.75,1003.44,1006.06
1005.26,1770765000,1007.67,1003.5,1005.05
1004.18,1770765300,1006.43,1002.53,1005.37
1012.09,1770765600,1012.35,1004.46,1004.46
1012.87,1770765900,1014.49,1009.51,1012.0
1008.91,1770766200,1013.01,1005.56,1012.5
1008.26,1770766500,1009.79,1007.34,1008.94
1009.09,1770766800,1011.26,1006.61,1008.25
999.99,1770767100,1009.94,999.99,1009.26
998.95,1770767400,1000.27,996.98,999.82
1002.37,1770767700,1002.37,996.03,998.64
1003.5,1770768000,1004.43,1002.2,1002.97
1004.44,1770768300,1006.43,1002.81,1003.41
1002.58,1770768600,1004.99,1001.43,1004.36
1000.5,1770768900,1003.26,998.23,1002.73
1005.8,1770769200,1006.99,999.96,1000.61
1006.02,1770769500,1006.55,1003.51,1006.05
1004.66,1770769800,1005.87,1001.37,1005.86
1007.2,1770770100,1007.81,1003.88,1004.82
1008.0,1770770400,1010.59,1004.62,1007.21
1007.42,1770770700,1009.67,1004.9,1008.16
1009.49,1770771000,1009.49,1006.19,1007.32
1010.85,1770771300,1011.75,1008.94,1009.93
1008.76,1770771600,1011.71,1006.68,1010.89
1009.9,1770771900,1010.6,1006.95,1008.41
1007.17,1770772200,1010.27,1005.63,1009.73
1008.76,1770772500,1009.57,1004.16,1007.39
1015.97,1770772800,1017.09,1008.87,1009.14
1017.83,1770773100,1018.52,1015.78,1016.39
1013.97,1770773400,1019.47,1012.78,1017.83
1012.34,1770773700,1014.29,1010.02,1014.07
1016.49,1770774000,1016.74,1010.64,1012.47
1016.59,1770774300,1019.5,1016.49,1016.64
1018.18,1770774600,1018.18,1014.26,1016.62
1024.83,1770774900,1025.3,1016.94,1017.93
1030.3,1770775200,1031.32,1023.55,1024.83
1022.19,1770775500,1030.38,1021.19,1030.38
1022.77,1770775800,1023.82,1020.64,1022.2
1018.31,1770776100,1023.56,1017.63,1022.51
1020.35,1770776400,1021.16,1017.33,1018.72
1020.46,1770776700,1024.4,1019.37,1020.34
1020.75,1770777000,1022.32,1018.89,1020.92
1017.88,1770777300,1021.75,1017.28,1021.1
1022.16,1770777600,1022.48,1017.65,1018.05
1019.11,1770777900,1023.62,1018.52,1022.07
1015.43,1770778200,1019.8,1014.77,1019.12
1009.32,1770778500,1016.35,1009.32,1014.97
1015.9,1770778800,1015.9,1008.96,1008.98
1015.34,1770779100,1019.99,1015.03,1015.64
1012.19,1770779400,1015.74,1012.19,1015.18
1011.8,1770779700,1014.6,1011.12,1012.26
1013.24,1770780000,1014.8,1011.03,1011.9
1012.39,1770780300,1013.8,1011.1,1013.32
1013.27,1770780600,1014.4,1011.73,1012.76
1008.86,1770780900,1013.68,1007.58,1013.21
1013.81,1770781200,1014.09,1008.17,1008.63
1014.49,1770781500,1015.64,1010.9,1013.7
1016.05,1770781800,1017.76,1012.36,1014.1
1015.03,1770782100,1018.25,1014.84,1016.23
1019.83,1770782400,1021.88,1014.7,1014.7
1021.63,1770782700,1021.84,1018.97,1019.97
1024.92,1770783000,1026.35,1020.5,1021.39
1025.83,1770783300,1026.21,1022.97,1024.69
1027.38,1770783600,1030.53,1025.51,1026.14
1035.16,1770783900,1035.5,1027.47,1027.56
1035.84,1770784200,1037.57,1034.7,1035.24
1031.18,1770784500,1036.11,1029.53,1036.03
1034.0,1770784800,1034.53,1030.52,1031.2
1036.12,1770785100,1039.53,1034.31,1034.31
1037.16,1770785400,1037.93,1034.49,1036.4
1031.86,1770785700,1036.78,1030.4,1036.58
1032.23,1770786000,1033.06,1030.58,1031.71
1033.51,1770786300,1035.84,1032.14,1032.45
1033.29,1770786600,1035.51,1032.39,1033.47
1030.93,1770786900,1034.58,1030.84,1033.63
1026.71,1770787200,1031.41,1026.55,1031.32
1024.63,1770787500,1027.86,1024.46,1026.9
1025.67,1770787800,1026.83,1023.47,1025.1
1024.23,1770788100,1026.7,1023.81,1025.39
1019.68,1770788400,1024.75,1018.24,1024.0
1025.43,1770788700,1026.44,1019.27,1019.89
1025.75,1770789000,1025.97,1022.25,1025.49
1021.61,1770789300,1025.58,1020.17,1025.58
1021.66,1770789600,1022.46,1017.54,1021.08
1027.27,1770789900,1027.68,1020.82,1021.42
1031.71,1770790200,1032.26,1026.97,1027.01
1030.55,1770790500,1032.07,1029.99,1031.53
1026.56,1770790800,1031.29,1026.47,1030.84
1025.74,1770791100,1028.78,1025.16,1026.55
1025.82,1770791400,1029.36,1024.23,1025.63
1027.15,1770791700,1028.73,1024.68,1025.92
1022.92,1770792000,1027.17,1021.92,1027.11
1016.86,1770792300,1023.53,1016.79,1023.13
1017.48,1770792600,1020.36,1015.74,1016.6
1017.99,1770792900,1019.07,1016.12,1017.49
1016.35,1770793200,1019.91,1016.35,1017.84
1017.8,1770793500,1019.53,1016.11,1016.84
1023.22,1770793800,1023.22,1017.05,1017.66
1023.24,1770794100,1023.56,1020.43,1023.46
1019.33,1770794400,1023.68,1016.66,1023.49
1023.08,1770794700,1023.4,1019.32,1019.32
1021.13,1770795000,1023.65,1020.12,1022.85
1023.01,1770795300,1025.32,1020.03,1020.77
1026.07,1770795600,1027.39,1022.6,1022.78
1033.56,1770795900,1033.61,1025.38,1025.77
1032.5,1770796200,1037.26,1031.41,1033.48
1035.43,1770796500,1035.43,1030.15,1031.99
1033.79,1770796800,1036.05,1031.18,1035.38
1038.56,1770797100,1038.56,1032.87,1033.95
1037.88,1770797400,1038.52,1033.85,1038.47
1034.49,1770797700,1038.85,1033.78,1038.08
1040.09,1770798000,1040.47,1033.16,1034.3
1037.33,1770798300,1040.81,1037.32,1040.16
1031.53,1770798600,1037.66,1031.53,1036.94
1030.6,1770798900,1033.32,1030.52,1031.5
1032.9,1770799200,1034.74,1030.15,1030.28
1030.12,1770799500,1032.83,1027.98,1032.83
1027.32,1770799800,1030.92,1026.33,1029.88
1025.94,1770800100,1029.37,1024.15,1027.81
1032.62,1770800400,1032.62,1026.43,1026.57
1030.05,1770800700,1033.74,1029.77,1032.68
1030.27,1770801000,1030.69,1027.51,1029.98
1032.67,1770801300,1034.96,1030.71,1030.85
1036.54,1770801600,1038.16,1032.67,1032.67
1038.04,1770801900,1039.42,1034.6,1036.66
1042.23,1770802200,1042.83,1037.84,1038.3
1046.03,1770802500,1046.89,1042.01,1042.01
1047.1,1770802800,1049.61,1044.6,1046.23
1041.03,1770803100,1047.42,1040.09,1046.88
1041.47,1770803400,1042.93,1037.09,1040.81
1043.01,1770803700,1045.49,1041.7,1041.76
1045.59,1770804000,1046.06,1041.82,1043.28
1041.78,1770804300,1046.85,1039.49,1045.77
1042.98,1770804600,1043.43,1038.58,1041.93
1039.94,1770804900,1043.45,1039.57,1042.87
1041.5,1770805200,1041.5,1037.22,1039.85
1043.77,1770805500,1044.69,1041.03,1041.4
1047.26,1770805800,1049.25,1043.62,1043.62
1049.63,1770806100,1051.78,1046.7,1047.61
1047.67,1770806400,1051.26,1046.41,1050.15
1048.17,1770806700,1050.51,1047.21,1047.59
1048.45,1770807000,1050.01,1047.6,1047.95
1041.82,1770807300,1048.43,1041.63,1048.43
1043.01,1770807600,1045.23,1039.69,1041.7
1045.01,1770807900,1045.76,1040.8,1043.04
1049.83,1770808200,1050.3,1044.99,1044.99
1045.27,1770808500,1050.43,1044.22,1049.89
1051.2,1770808800,1051.43,1045.0,1045.14
1049.66,1770809100,1053.55,1049.66,1051.28
1046.27,1770809400,1050.22,1043.42,1049.87
1049.27,1770809700,1050.01,1045.57,1045.86
1051.82,1770810000,1052.88,1046.93,1049.01
1051.03,1770810300,1053.57,1050.17,1051.92
1054.32,1770810600,1054.39,1048.64,1050.89
1057.61,1770810900,1058.82,1054.22,1054.74
1058.41,1770811200,1061.58,1057.03,1057.56
1065.98,1770811500,1066.62,1057.82,1058.22
1068.37,1770811800,1071.03,1065.9,1066.13
1065.93,1770812100,1069.5,1065.1,1068.47
1068.7,1770812400,1069.08,1062.93,1065.68
1068.05,1770812700,1069.08,1064.78,1068.92
1068.88,1770813000,1072.69,1067.45,1067.95
1066.02,1770813300,1068.74,1064.4,1068.74
1073.07,1770813600,1074.19,1066.15,1066.68
1074.55,1770813900,1077.08,1071.58,1072.7
1080.81,1770814200,1081.28,1074.33,1074.52
1080.24,1770814500,1084.71,1080.12,1080.55
1076.07,1770814800,1081.63,1076.05,1080.0
1074.92,1770815100,1076.51,1071.73,1075.76
1075.1,1770815400,1077.1,1073.96,1074.58
1075.86,1770815700,1077.02,1072.3,1075.6
1080.46,1770816000,1083.6,1074.93,1075.93
1079.73,1770816300,1082.11,1078.59,1080.83
1081.83,1770816600,1082.45,1078.0,1079.85
1081.17,1770816900,1085.1,1079.23,1082.03
1079.56,1770817200,1083.1,1079.23,1081.3
1076.0,1770817500,1082.19,1076.0,1079.84
1076.75,1770817800,1079.65,1074.47,1076.34
1078.94,1770818100,1081.57,1076.66,1076.66
1075.46,1770818400,1078.93,1074.64,1078.53
1076.06,1770818700,1077.03,1074.35,1075.29
1075.64,1770819000,1077.59,1073.94,1075.9
1074.48,1770819300,1079.69,1073.71,1075.74
1075.16,1770819600,1075.5,1072.81,1074.03
1075.99,1770819900,1077.22,1074.01,1075.47
1080.96,1770820200,1080.96,1075.77,1076.19
1085.23,1770820500,1085.23,1079.68,1080.49
1086.05,1770820800,1087.7,1083.63,1085.12
1080.38,1770821100,1086.74,1080.38,1085.71
1078.16,1770821400,1083.09,1076.8,1080.71
1086.33,1770821700,1086.88,1078.21,1078.21
1085.66,1770822000,1087.95,1084.49,1086.17
1081.15,1770822300,1087.3,1080.94,1085.76
1077.73,1770822600,1081.29,1076.5,1081.29
1077.31,1770822900,1080.25,1077.31,1077.75
1076.24,1770823200,1078.91,1073.05,1077.51
1078.16,1770823500,1078.68,1075.39,1076.55
1081.86,1770823800,1082.96,1075.97,1078.44
1086.88,1770824100,1086.88,1081.9,1081.9
1089.39,1770824400,1092.42,1086.47,1087.3
1084.68,1770824700,1089.4,1084.35,1089.11
1084.54,1770825000,1087.7,1083.19,1084.98
1082.15,1770825300,1087.36,1081.75,1084.63
1072.09,1770825600,1082.27,1071.84,1082.27
1070.83,1770825900,1072.67,1067.74,1072.13
1071.74,1770826200,1073.83,1070.71,1071.17
1074.64,1770826500,1075.97,1069.97,1071.56
1074.24,1770826800,1075.12,1070.98,1074.66
1072.64,1770827100,1075.27,1071.1,1074.37
1070.46,1770827400,1072.77,1068.11,1072.77
1067.53,1770827700,1071.66,1065.37,1070.49
1069.69,1770828000,1070.03,1065.49,1067.95
1069.43,1770828300,1070.26,1067.83,1069.76
1071.51,1770828600,1073.0,1068.08,1069.78
1071.89,1770828900,1072.83,1069.26,1071.57
1075.04,1770829200,1076.16,1071.1,1071.93
1073.9,1770829500,1075.65,1071.94,1074.68
1074.58,1770829800,1076.29,1073.79,1074.49
1074.65,1770830100,1076.64,1073.91,1074.81
1073.92,1770830400,1075.3,1071.88,1074.55
1072.19,1770830700,1075.44,1070.63,1074.18
1075.66,1770831000,1075.89,1071.79,1071.79
1076.62,1770831300,1078.58,1075.28,1075.78
1075.91,1770831600,1079.44,1075.46,1076.3
1076.47,1770831900,1080.46,1075.86,1076.09
1077.7,1770832200,1078.16,1073.21,1076.82
1076.42,1770832500,1079.22,1075.36,1077.43
1073.67,1770832800,1076.85,1073.5,1076.45
1072.54,1770833100,1075.52,1072.27,1073.77
1072.96,1770833400,1074.58,1071.89,1073.0
1077.6,1770833700,1078.21,1072.39,1072.85
1080.09,1770834000,1081.21,1075.93,1077.71
1074.0,1770834300,1080.0,1073.87,1079.54
1073.29,1770834600,1075.8,1072.91,1073.78
1074.39,1770834900,1075.45,1070.8,1072.82
1072.67,1770835200,1074.42,1071.87,1074.42
1076.38,1770835500,1078.47,1071.71,1072.84
1079.24,1770835800,1080.83,1076.83,1076.83
1082.69,1770836100,1083.0,1078.5,1079.37
1075.02,1770836400,1083.37,1072.69,1082.69
1071.28,1770836700,1077.3,1071.28,1075.19
1070.17,1770837000,1075.38,1069.78,1071.44
1074.46,1770837300,1074.65,1068.74,1070.72
1074.56,1770837600,1075.57,1071.56,1074.49
1074.02,1770837900,1077.42,1073.71,1074.18
1074.28,1770838200,1076.57,1071.76,1074.28
1070.3,1770838500,1074.92,1069.68,1074.39
1076.09,1770838800,1076.09,1069.5,1070.02
1070.58,1770839100,1079.13,1070.58,1076.29
1066.62,1770839400,1071.8,1066.04,1070.22
1062.89,1770839700,1066.84,1060.51,1066.84
1061.29,1770840000,1063.29,1058.65,1063.29
1056.61,1770840300,1061.6,1056.35,1061.38
1056.26,1770840600,1058.19,1055.61,1056.41
1056.02,1770840900,1059.15,1055.37,1056.1
1049.25,1770841200,1056.15,1048.73,1056.0
1046.2,1770841500,1050.31,1046.2,1049.36
1042.53,1770841800,1048.75,1042.16,1046.06
1039.83,1770842100,1043.04,1039.15,1041.96
1037.89,1770842400,1041.65,1034.68,1039.86
1038.52,1770842700,1040.21,1037.36,1038.31
1038.98,1770843000,1040.6,1037.74,1039.06
1036.43,1770843300,1038.83,1034.52,1038.64
1038.6,1770843600,1040.62,1036.42,1036.69
1032.68,1770843900,1038.38,1031.03,1037.99
1034.83,1770844200,1035.2,1031.27,1032.75
1033.18,1770844500,1035.22,1032.55,1034.73
1030.14,1770844800,1034.68,1029.98,1033.56
1028.17,1770845100,1031.6,1027.88,1030.55
1028.58,1770845400,1030.9,1027.51,1028.08
1022.84,1770845700,1031.2,1022.57,1028.54
1022.43,1770846000,1023.9,1021.18,1022.72
1022.4,1770846300,1022.96,1020.18,1022.25
1022.99,1770846600,1023.56,1018.08,1022.24
1027.35,1770846900,1027.41,1022.54,1022.64
1028.85,1770847200,1030.43,1026.43,1026.78
1021.85,1770847500,1029.8,1021.82,1028.63
1025.79,1770847800,1026.07,1021.18,1021.69
1023.61,1770848100,1025.96,1022.84,1025.83
1013.72,1770848400,1023.68,1013.66,1023.68
1008.57,1770848700,1014.58,1008.4,1014.12
1010.7,1770849000,1013.24,1006.6,1008.38
1009.21,1770849300,1012.62,1009.21,1010.93
1008.5,1770849600,1012.09,1007.49,1009.12
1007.14,1770849900,1009.46,1006.74,1008.36
1013.02,1770850200,1013.24,1006.71,1007.3
1005.37,1770850500,1013.15,1004.87,1013.15
1006.99,1770850800,1008.06,1005.43,1005.59
1005.54,1770851100,1009.03,1005.46,1007.16
1000.49,1770851400,1006.82,1000.49,1005.81
1003.0,1770851700,1004.11,1000.07,1000.22
1003.69,1770852000,1005.17,1002.33,1003.45
1003.91,1770852300,1007.73,1003.39,1003.94
1004.43,1770852600,1005.44,1001.91,1003.73
1007.53,1770852900,1007.64,1003.39,1004.23
1006.13,1770853200,1008.19,1004.2,1007.42
1005.67,1770853500,1007.42,1004.36,1006.54
999.95,1770853800,1006.13,998.53,1005.5
991.62,1770854100,999.58,991.1,999.58
997.67,1770854400,999.04,991.8,991.89
996.92,1770854700,999.13,995.11,997.29
994.62,1770855000,997.68,993.66,997.24
993.5,1770855300,994.66,991.49,994.31
995.09,1770855600,995.36,991.13,993.28
991.53,1770855900,996.15,990.84,994.91
993.55,1770856200,995.24,990.63,991.69
995.28,1770856500,998.38,993.02,993.74
1002.69,1770856800,1003.26,995.05,995.05
1003.16,1770857100,1006.85,1002.85,1002.85
1005.67,1770857400,1006.69,1002.83,1003.25
1005.7,1770857700,1007.62,1003.79,1005.77
1004.51,1770858000,1006.83,1002.08,1005.53
1002.11,1770858300,1007.03,1000.93,1004.92
994.55,1770858600,1003.35,994.11,1002.37
994.36,1770858900,996.26,992.38,994.45
996.23,1770859200,996.23,992.77,994.33
994.57,1770859500,998.17,993.86,996.39
996.35,1770859800,997.46,994.05,994.65
995.72,1770860100,996.53,991.66,996.2
995.37,1770860400,996.72,993.47,995.37
994.4,1770860700,995.19,990.57,995.19
991.93,1770861000,995.84,990.49,994.66
994.08,1770861300,995.02,990.58,991.83
996.16,1770861600,997.95,993.71,994.02
991.21,1770861900,997.86,991.2,995.9
993.58,1770862200,997.13,990.31,991.5
990.84,1770862500,994.12,990.06,993.52
986.28,1770862800,990.93,985.33,990.53
985.16,1770863100,987.05,984.18,986.24
985.99,1770863400,986.51,982.87,985.4
984.76,1770863700,986.92,982.48,985.97
986.79,1770864000,987.66,984.39,984.71
991.53,1770864300,991.53,986.48,986.48
992.13,1770864600,992.93,990.3,991.38
989.95,1770864900,994.37,989.87,992.05
990.27,1770865200,991.83,988.78,990.34
998.95,1770865500,998.95,990.05,990.71
999.56,1770865800,1001.78,998.42,998.84
995.14,1770866100,999.76,994.65,999.76
999.46,1770866400,999.83,995.13,995.59
1001.45,1770866700,1002.03,998.37,999.37
1001.36,1770867000,1003.61,999.53,1001.72
998.86,1770867300,1002.33,997.7,1002.0
1005.78,1770867600,1007.85,998.68,998.79
1007.03,1770867900,1008.04,1005.2,1006.04
1006.96,1770868200,1009.3,1006.61,1007.23
1006.13,1770868500,1009.86,1005.76,1007.22
1003.98,1770868800,1006.91,1002.68,1006.15
1003.71,1770869100,1005.85,1002.48,1003.96
1008.17,1770869400,1008.8,1001.99,1004.12
1009.98,1770869700,1009.98,1006.51,1008.14
1009.29,1770870000,1013.98,1007.2,1010.19
1012.93,1770870300,1013.94,1008.64,1008.97
1012.24,1770870600,1013.68,1010.69,1012.73
1009.77,1770870900,1013.1,1009.76,1012.77
1007.87,1770871200,1010.43,1007.3,1009.72
1005.31,1770871500,1009.58,1004.58,1008.01
1000.58,1770871800,1006.87,1000.48,1005.36
1000.55,1770872100,1002.39,999.11,1000.42
1000.09,1770872400,1002.1,999.45,1000.95
1004.95,1770872700,1006.01,1000.41,1000.41
1002.99,1770873000,1005.74,1002.36,1005.15
998.92,1770873300,1004.42,998.12,1002.62
1002.18,1770873600,1003.03,998.74,999.0
1009.34,1770873900,1009.34,1001.91,1002.29
1008.63,1770874200,1010.9,1006.79,1009.32
1011.41,1770874500,1011.5,1007.57,1008.26
1012.71,1770874800,1013.68,1009.88,1011.61
1012.03,1770875100,1015.53,1010.56,1012.84
1015.88,1770875400,1019.29,1011.69,1011.83
1018.13,1770875700,1021.43,1015.61,1015.99
1017.95,1770876000,1020.7,1016.61,1018.01
1020.15,1770876300,1022.9,1017.97,1017.97
1019.75,1770876600,1021.03,1018.28,1020.23
1022.29,1770876900,1022.29,1018.56,1020.32
1023.53,1770877200,1023.97,1020.9,1022.45
1025.44,1770877500,1025.45,1019.07,1023.35
1026.33,1770877800,1028.75,1024.72,1025.42
1028.4,1770878100,1030.18,1026.72,1026.72
1028.8,1770878400,1030.57,1025.82,1028.35
1032.74,1770878700,1032.86,1028.18,1028.69
1033.38,1770879000,1035.4,1032.13,1032.75
1034.99,1770879300,1035.06,1031.37,1033.18
1038.65,1770879600,1039.52,1034.24,1034.97
1039.16,1770879900,1041.47,1037.4,1038.7
1037.75,1770880200,1039.0,1035.79,1039.0
1038.27,1770880500,1039.39,1033.97,1037.8
1032.62,1770880800,1038.67,1031.13,1038.29
1034.82,1770881100,1035.23,1031.67,1032.72
1042.28,1770881400,1042.95,1034.04,1034.82
1040.81,1770881700,1042.42,1036.61,1042.38
1042.64,1770882000,1044.04,1038.91,1040.51
1040.07,1770882300,1043.66,1039.51,1042.5
1040.97,1770882600,1042.67,1036.73,1039.81
1042.45,1770882900,1043.35,1037.74,1041.01
1049.99,1770883200,1050.65,1042.79,1042.97
1048.45,1770883500,1050.23,1047.19,1050.12
1047.33,1770883800,1048.35,1044.24,1048.35
1050.81,1770884100,1051.39,1046.06,1047.59
1048.37,1770884400,1050.79,1046.41,1050.79
1053.52,1770884700,1055.14,1048.46,1048.46
1049.26,1770885000,1056.9,1047.98,1053.02
1046.48,1770885300,1049.85,1046.33,1049.06
1047.98,1770885600,1048.44,1042.0,1046.25
1053.06,1770885900,1054.4,1048.06,1048.06
1053.36,1770886200,1054.99,1051.18,1052.68
1052.33,1770886500,1055.55,1050.68,1052.97
1050.48,1770886800,1052.83,1049.65,1052.57
1049.43,1770887100,1051.52,1048.42,1050.65
1049.59,1770887400,1049.99,1046.38,1049.34
1053.91,1770887700,1054.83,1049.57,1049.97
1055.35,1770888000,1056.58,1052.83,1053.74
1056.05,1770888300,1057.39,1053.17,1055.05
1059.87,1770888600,1059.87,1053.62,1055.96
1061.41,1770888900,1062.97,1059.49,1059.88
1065.28,1770889200,1066.35,1060.74,1061.43
1062.08,1770889500,1065.49,1060.77,1065.49
1061.41,1770889800,1064.04,1060.34,1062.29
1060.9,1770890100,1061.71,1057.89,1061.71
1057.04,1770890400,1063.92,1056.86,1060.57
1055.23,1770890700,1058.35,1053.96,1056.8
1058.11,1770891000,1058.61,1053.92,1055.35
1057.12,1770891300,1058.64,1055.87,1057.85
1057.49,1770891600,1058.67,1054.76,1057.03
1054.43,1770891900,1058.28,1053.38,1057.64
1052.61,1770892200,1057.47,1051.5,1054.42
1057.62,1770892500,1058.32,1052.63,1052.64
1059.66,1770892800,1060.23,1056.06,1058.14
1063.8,1770893100,1064.02,1059.47,1059.74
1070.04,1770893400,1070.04,1063.64,1064.01
1071.65,1770893700,1072.76,1068.88,1069.88
1074.5,1770894000,1074.5,1069.25,1071.87
1077.94,1770894300,1078.25,1073.95,1074.67
1078.62,1770894600,1081.83,1077.75,1077.75
1077.06,1770894900,1080.96,1075.91,1078.63
1075.83,1770895200,1078.97,1074.92,1076.82
1072.85,1770895500,1076.77,1071.38,1075.92
1071.57,1770895800,1075.47,1071.57,1073.64
1072.91,1770896100,1073.35,1068.31,1072.07
1073.64,1770896400,1075.08,1071.66,1072.53
1074.5,1770896700,1076.91,1073.66,1073.89
1073.94,1770897000,1074.56,1071.02,1074.48
1072.58,1770897300,1074.43,1070.45,1073.9
1077.35,1770897600,1077.35,1071.41,1072.76
1077.6,1770897900,1079.76,1075.65,1077.84
1080.07,1770898200,1080.71,1075.97,1077.53
1083.52,1770898500,1083.52,1079.65,1079.9
1082.3,1770898800,1084.03,1080.29,1083.36
1085.61,1770899100,1086.73,1078.74,1082.16
1086.06,1770899400,1088.04,1083.2,1085.42
1079.83,1770899700,1085.54,1079.83,1085.13
1079.81,1770900000,1080.59,1077.21,1079.84
1075.53,1770900300,1080.75,1073.62,1079.37
1079.58,1770900600,1079.58,1073.79,1075.75
1085.32,1770900900,1085.58,1077.79,1079.66
1084.42,1770901200,1086.55,1082.27,1085.15
1088.48,1770901500,1089.86,1083.45,1083.86
1087.81,1770901800,1088.88,1083.94,1088.38
1091.52,1770902100,1091.69,1084.9,1088.1
1091.94,1770902400,1095.75,1091.04,1091.54
1097.03,1770902700,1097.46,1089.13,1091.88
1098.28,1770903000,1098.91,1095.61,1097.0
1101.76,1770903300,1102.44,1098.23,1098.23
1109.73,1770903600,1109.73,1101.29,1101.4
1109.87,1770903900,1111.31,1107.37,1109.76
1106.77,1770904200,1110.69,1106.53,1109.96
1109.06,1770904500,1110.7,1106.2,1107.1
1107.01,1770904800,1110.28,1104.39,1109.11
1108.66,1770905100,1110.73,1106.22,1107.42
1109.63,1770905400,1111.82,1107.8,1108.75
1109.4,1770905700,1112.01,1108.45,1110.01
1108.97,1770906000,1110.56,1107.7,1109.32
1108.42,1770906300,1110.45,1107.29,1108.96
1107.33,1770906600,1109.64,1105.36,1108.48
1106.61,1770906900,1108.79,1105.31,1106.89
1105.97,1770907200,1107.16,1102.61,1106.55
1106.68,1770907500,1107.5,1102.47,1105.67
1110.53,1770907800,1110.93,1105.16,1107.23
1119.02,1770908100,1119.23,1110.27,1110.55
1119.14,1770908400,1122.11,1117.86,1118.62
1113.92,1770908700,1119.58,1113.43,1119.46
1122.07,1770909000,1123.41,1112.94,1113.64
1119.71,1770909300,1125.9,1119.7,1122.5
1122.93,1770909600,1123.96,1119.33,1119.73
1122.15,1770909900,1123.91,1120.63,1122.99
1120.71,1770910200,1123.44,1119.59,1122.04
1118.0,1770910500,1121.18,1117.45,1120.75
1119.33,1770910800,1122.71,1117.61,1118.13
1116.04,1770911100,1119.53,1114.81,1119.26
1111.16,1770911400,1116.07,1110.51,1116.07
1113.36,1770911700,1113.63,1110.46,1110.82
1115.58,1770912000,1115.93,1111.05,1113.08
1114.9,1770912300,1117.4,1113.49,1115.78
1118.55,1770912600,1119.4,1112.93,1114.62
1117.07,1770912900,1119.69,1115.76,1118.04
1113.73,1770913200,1117.66,1113.05,1117.66
1109.33,1770913500,1115.42,1109.28,1113.99
1108.9,1770913800,1111.38,1105.49,1109.27
1111.16,1770914100,1112.33,1107.49,1108.71
1110.03,1770914400,1110.96,1105.79,1110.96
1111.68,1770914700,1115.23,1109.03,1109.89
1115.04,1770915000,1115.83,1111.1,1111.57
1121.33,1770915300,1121.33,1113.34,1115.52
1121.06,1770915600,1122.07,1119.0,1121.1
1122.25,1770915900,1122.66,1117.99,1121.17
1117.41,1770916200,1122.76,1116.58,1121.94
1114.31,1770916500,1117.31,1113.79,1117.31
1113.39,1770916800,1114.93,1112.83,1114.35
1119.3,1770917100,1119.3,1111.26,1112.85
1121.53,1770917400,1121.58,1117.75,1119.65
1126.18,1770917700,1127.1,1120.9,1121.02
1133.28,1770918000,1135.1,1126.38,1126.38
1131.84,1770918300,1135.7,1131.44,1133.53
1128.02,1770918600,1132.05,1126.42,1131.49
1124.02,1770918900,1128.45,1123.76,1127.74
1121.54,1770919200,1129.33,1121.46,1124.0
1121.65,1770919500,1121.98,1117.19,1121.53
1124.22,1770919800,1124.58,1119.86,1121.37
1125.91,1770920100,1130.06,1123.95,1124.05
1121.17,1770920400,1125.97,1121.17,1125.88
1112.68,1770920700,1121.35,1111.27,1121.35
1113.55,1770921000,1117.13,1112.38,1112.58
1106.03,1770921300,1114.51,1104.6,1113.05
1108.33,1770921600,1109.05,1105.11,1106.23
1103.56,1770921900,1108.11,1101.29,1107.95
1100.89,1770922200,1105.23,1100.88,1103.19
1102.53,1770922500,1103.94,1099.61,1100.85
1106.88,1770922800,1107.28,1102.19,1102.83
1105.99,1770923100,1106.67,1103.16,1106.5
1107.94,1770923400,1109.48,1105.28,1106.03
1107.78,1770923700,1111.43,1106.04,1108.29
1104.19,1770924000,1108.17,1103.77,1108.17
1106.13,1770924300,1109.79,1103.25,1104.44
1106.29,1770924600,1108.79,1104.79,1106.29
1107.49,1770924900,1108.01,1105.0,1105.9
1105.08,1770925200,1109.15,1104.63,1107.6
1105.52,1770925500,1108.1,1101.15,1105.07
1107.22,1770925800,1109.63,1105.42,1105.42
1114.77,1770926100,1114.9,1106.25,1107.44
1111.64,1770926400,1116.01,1111.44,1115.19
1110.28,1770926700,1114.1,1108.62,1111.87
1111.85,1770927000,1114.02,1108.54,1110.56
1109.84,1770927300,1114.35,1109.37,1111.73
1106.74,1770927600,1111.37,1106.34,1109.36
1096.86,1770927900,1107.71,1096.86,1107.15
1100.65,1770928200,1102.01,1095.32,1097.19
1102.46,1770928500,1104.16,1099.21,1100.46
1103.9,1770928800,1104.9,1099.46,1102.52
1104.6,1770929100,1107.33,1104.04,1104.04
1102.13,1770929400,1104.84,1100.49,1104.75
1101.06,1770929700,1103.31,1099.59,1102.19
1105.68,1770930000,1105.79,1098.2,1100.88
1107.2,1770930300,1110.06,1104.72,1105.63
1102.69,1770930600,1107.69,1101.12,1107.41
1099.26,1770930900,1103.15,1098.83,1102.78
1104.49,1770931200,1104.97,1098.62,1099.26
1107.44,1770931500,1108.08,1102.29,1104.51
1103.96,1770931800,1107.47,1102.23,1107.47
1103.44,1770932100,1106.35,1102.16,1103.7
1098.57,1770932400,1104.91,1098.35,1103.38
1099.05,1770932700,1102.49,1098.02,1098.35
1097.33,1770933000,1100.79,1096.65,1098.98
1098.7,1770933300,1099.14,1094.46,1097.38
1100.13,1770933600,1102.43,1098.37,1098.9
1100.22,1770933900,1100.96,1098.06,1100.29
1096.91,1770934200,1100.43,1092.95,1100.43
1096.39,1770934500,1097.57,1093.5,1096.67
1099.28,1770934800,1103.26,1096.75,1096.93
1093.47,1770935100,1099.96,1093.47,1099.13
1092.46,1770935400,1094.47,1090.97,1093.37
1094.87,1770935700,1096.21,1090.8,1091.93
1094.31,1770936000,1095.8,1090.33,1095.42
1096.29,1770936300,1096.57,1092.0,1094.38
1099.14,1770936600,1099.14,1094.77,1096.69
1097.52,1770936900,1100.19,1094.79,1099.38
1101.63,1770937200,1103.26,1097.27,1097.31
1101.84,1770937500,1104.16,1101.16,1101.84
1103.16,1770937800,1106.14,1101.15,1101.95
1101.22,1770938100,1103.22,1098.9,1103.22
1098.73,1770938400,1102.79,1098.66,1101.0
1096.74,1770938700,1099.42,1095.01,1098.61
1094.38,1770939000,1096.81,1091.44,1096.81
1093.96,1770939300,1096.46,1093.7,1094.93
1095.85,1770939600,1096.86,1093.19,1094.0
1096.17,1770939900,1096.74,1092.11,1096.17
1098.59,1770940200,1099.23,1095.97,1096.18
1090.73,1770940500,1098.67,1090.73,1098.67
1095.82,1770940800,1096.25,1090.79,1090.82
1099.09,1770941100,1102.72,1095.82,1095.85
1092.63,1770941400,1098.66,1091.38,1098.43
1099.26,1770941700,1099.9,1092.58,1092.66
1104.66,1770942000,1104.66,1098.74,1099.27
1102.68,1770942300,1106.34,1099.27,1104.53
1101.73,1770942600,1105.33,1100.55,1103.05
1098.1,1770942900,1102.76,1098.1,1101.9
1094.66,1770943200,1099.98,1094.07,1098.52
1092.98,1770943500,1095.04,1092.09,1094.4
1096.26,1770943800,1098.0,1092.66,1093.01
1093.16,1770944100,1096.4,1091.79,1096.4
1093.68,1770944400,1095.37,1090.77,1092.66
1090.91,1770944700,1093.82,1088.04,1093.82
1089.24,1770945000,1091.92,1088.17,1090.99
1091.84,1770945300,1091.84,1087.82,1089.62
1087.92,1770945600,1092.12,1086.04,1092.12
1086.83,1770945900,1089.41,1083.61,1087.97
1090.48,1770946200,1091.11,1086.21,1086.57
1092.45,1770946500,1093.8,1089.44,1090.28
1088.24,1770946800,1093.41,1087.63,1092.68
1093.85,1770947100,1095.78,1087.38,1088.39
1097.28,1770947400,1099.02,1093.14,1094.1
1095.54,1770947700,1098.56,1094.35,1097.77
1087.7,1770948000,1095.63,1087.01,1095.63
1090.33,1770948300,1091.21,1085.89,1087.52
1087.95,1770948600,1089.88,1087.04,1089.88
1088.27,1770948900,1090.77,1087.34,1087.8
1085.78,1770949200,1089.97,1085.28,1088.28
1082.49,1770949500,1086.07,1079.59,1086.07
1080.12,1770949800,1082.54,1079.26,1081.78
1080.64,1770950100,1080.99,1077.87,1079.83
1082.14,1770950400,1083.11,1079.02,1080.77
1080.73,1770950700,1083.22,1079.91,1082.5
1076.37,1770951000,1080.88,1076.17,1080.88
1078.9,1770951300,1080.9,1075.12,1076.31
1076.99,1770951600,1079.64,1076.19,1078.8
1073.68,1770951900,1078.72,1073.0,1077.11
1074.23,1770952200,1076.89,1071.97,1073.98
1073.23,1770952500,1077.38,1073.23,1074.63
1075.02,1770952800,1075.45,1070.34,1073.15
1074.86,1770953100,1077.48,1073.63,1075.03
1071.59,1770953400,1075.04,1069.11,1074.68
1073.42,1770953700,1073.42,1069.8,1071.43
1073.04,1770954000,1073.76,1068.64,1073.58
1073.43,1770954300,1075.72,1071.89,1072.99
1069.8,1770954600,1075.08,1068.99,1073.9
1064.43,1770954900,1070.47,1063.57,1070.16
1066.5,1770955200,1070.04,1064.13,1064.78
1066.58,1770955500,1068.96,1065.12,1066.64
1064.5,1770955800,1068.42,1062.63,1066.83
1065.18,1770956100,1066.9,1061.45,1064.05
1064.51,1770956400,1066.07,1062.81,1065.44
1068.1,1770956700,1068.45,1063.28,1063.95
1062.07,1770957000,1067.91,1061.53,1067.63
1059.51,1770957300,1063.94,1058.57,1062.31
1058.36,1770957600,1061.91,1056.27,1060.15
1055.68,1770957900,1058.67,1054.28,1058.67
1055.37,1770958200,1057.51,1053.6,1055.57
1051.85,1770958500,1056.97,1049.64,1055.25
1054.94,1770958800,1055.72,1051.63,1052.11
1053.46,1770959100,1055.24,1050.65,1054.87
1050.25,1770959400,1054.49,1048.84,1053.18
1050.26,1770959700,1053.83,1050.06,1050.27
1045.39,1770960000,1051.96,1043.51,1050.47
1043.61,1770960300,1046.21,1043.42,1045.39
1040.63,1770960600,1044.8,1039.57,1043.68
1036.62,1770960900,1040.78,1035.5,1040.78
1037.02,1770961200,1039.68,1034.27,1037.23
1032.5,1770961500,1037.33,1031.18,1037.16
1027.03,1770961800,1033.33,1026.69,1032.76
1026.88,1770962100,1029.46,1026.65,1026.91
1022.14,1770962400,1027.71,1021.96,1027.3
1021.88,1770962700,1024.01,1020.2,1022.08
1024.13,1770963000,1025.31,1022.01,1022.01
1023.78,1770963300,1028.19,1022.88,1024.02
1021.02,1770963600,1025.15,1020.29,1023.72
1026.23,1770963900,1026.23,1020.58,1020.85
1025.6,1770964200,1028.49,1025.19,1026.32
1023.96,1770964500,1026.26,1023.49,1025.85
1021.23,1770964800,1024.85,1020.35,1024.7
1021.14,1770965100,1024.34,1020.83,1021.25
1023.5,1770965400,1024.69,1020.13,1020.95
1024.43,1770965700,1028.38,1023.04,1023.49
1024.66,1770966000,1025.93,1023.19,1024.36
1026.82,1770966300,1027.82,1024.6,1024.6
1027.66,1770966600,1030.37,1025.74,1026.78
1027.47,1770966900,1030.91,1025.32,1027.52
1023.03,1770967200,1028.19,1021.73,1027.12
1024.01,1770967500,1027.24,1022.6,1022.99
1026.0,1770967800,1028.42,1022.55,1024.65
1026.57,1770968100,1030.31,1025.7,1025.7
1024.67,1770968400,1029.83,1024.4,1026.04
1021.36,1770968700,1024.66,1020.8,1024.64
1016.37,1770969000,1022.97,1016.34,1021.14
1017.96,1770969300,1019.3,1015.19,1016.35
1013.26,1770969600,1019.25,1013.03,1018.02
1011.45,1770969900,1013.66,1009.05,1013.66
1017.84,1770970200,1018.57,1011.13,1011.37
1017.67,1770970500,1019.23,1015.83,1017.68
1018.54,1770970800,1019.73,1014.82,1017.34
1020.5,1770971100,1020.5,1016.87,1018.61
1020.73,1770971400,1022.91,1019.35,1020.55
1018.2,1770971700,1022.01,1016.21,1020.61
1020.2,1770972000,1021.36,1017.25,1017.72
1015.95,1770972300,1019.49,1014.63,1019.49
1016.71,1770972600,1019.58,1015.9,1015.94
1019.51,1770972900,1019.51,1014.92,1017.24
1024.32,1770973200,1024.5,1019.88,1019.88
1023.09,1770973500,1025.63,1021.02,1024.28
1023.48,1770973800,1024.22,1019.73,1023.43
1020.14,1770974100,1025.1,1018.54,1023.76
1019.51,1770974400,1021.84,1017.81,1020.37
1021.22,1770974700,1021.74,1018.02,1019.1
1011.82,1770975000,1021.54,1011.82,1021.01
1011.59,1770975300,1013.8,1010.22,1011.97
1007.27,1770975600,1012.86,1007.15,1011.71
1010.0,1770975900,1010.0,1004.97,1007.31
1007.43,1770976200,1011.81,1006.11,1010.01
1009.05,1770976500,1010.06,1005.6,1007.29
1006.23,1770976800,1010.33,1005.56,1009.21
1008.17,1770977100,1009.09,1005.32,1006.41
1012.31,1770977400,1012.31,1005.29,1008.21
1013.17,1770977700,1014.13,1010.25,1012.05
1015.79,1770978000,1017.32,1011.81,1012.47
1013.76,1770978300,1018.16,1013.76,1015.71
1017.86,1770978600,1018.13,1012.87,1013.44
1019.09,1770978900,1019.54,1016.19,1017.83
1014.64,1770979200,1019.62,1012.56,1018.43
1016.51,1770979500,1017.54,1014.11,1014.56
1015.99,1770979800,1017.11,1012.99,1016.59
1019.1,1770980100,1019.23,1015.17,1015.81
1014.92,1770980400,1019.27,1014.39,1018.93
1019.88,1770980700,1019.88,1012.68,1014.88
1021.38,1770981000,1022.02,1018.32,1019.48
1023.48,1770981300,1023.48,1020.2,1021.6
1023.3,1770981600,1025.13,1022.7,1023.48
1019.38,1770981900,1023.58,1017.89,1023.38
1023.27,1770982200,1023.27,1019.27,1019.27
1028.55,1770982500,1029.06,1022.54,1023.4
1029.76,1770982800,1032.79,1027.7,1028.67
1033.88,1770983100,1034.13,1028.79,1029.8
1034.82,1770983400,1035.08,1030.55,1033.64
1035.92,1770983700,1038.27,1033.42,1035.04
1034.76,1770984000,1036.91,1033.87,1036.05
1034.3,1770984300,1035.03,1032.13,1034.91
1033.51,1770984600,1035.46,1031.98,1034.46
1034.64,1770984900,1036.05,1031.9,1033.11
1037.88,1770985200,1038.46,1033.05,1034.11
1032.08,1770985500,1037.69,1032.08,1037.24
1036.93,1770985800,1037.9,1031.87,1031.87
1035.61,1770986100,1037.71,1034.73,1036.59
1032.17,1770986400,1036.6,1030.63,1035.78
1033.94,1770986700,1037.76,1031.68,1032.0
1030.92,1770987000,1034.49,1029.91,1034.17
1025.51,1770987300,1031.57,1024.46,1031.27
1026.31,1770987600,1027.67,1024.49,1025.49
1026.62,1770987900,1027.33,1023.28,1026.48
1025.05,1770988200,1027.77,1024.47,1027.09
1030.57,1770988500,1031.22,1023.87,1024.65
1032.02,1770988800,1033.04,1027.96,1030.68
1032.05,1770989100,1034.83,1031.62,1032.16
1035.8,1770989400,1035.81,1031.91,1031.95
1037.3,1770989700,1038.32,1034.04,1035.95
1037.87,1770990000,1038.86,1036.84,1037.47
1037.49,1770990300,1040.34,1036.2,1038.16
1041.06,1770990600,1041.26,1036.16,1037.69
1032.99,1770990900,1040.99,1032.6,1040.99
1038.05,1770991200,1038.56,1032.22,1032.98
1039.31,1770991500,1040.59,1037.5,1037.69
1042.28,1770991800,1044.55,1039.86,1039.86
1040.64,1770992100,1042.84,1039.01,1042.49
1039.69,1770992400,1041.67,1036.65,1040.61
1045.06,1770992700,1045.36,1039.73,1039.88
1046.02,1770993000,1047.71,1042.5,1045.1
1041.66,1770993300,1046.34,1040.03,1045.86
1039.12,1770993600,1042.86,1039.12,1041.71
1039.08,1770993900,1040.59,1034.6,1038.89
1040.29,1770994200,1040.56,1036.5,1039.13
1038.29,1770994500,1040.47,1036.98,1040.13
1031.77,1770994800,1038.5,1031.41,1037.97
1033.81,1770995100,1034.85,1031.47,1031.9
1031.28,1770995400,1034.8,1030.4,1033.71
1032.36,1770995700,1034.15,1030.09,1031.15
1034.85,1770996000,1035.16,1031.66,1032.0
1040.98,1770996300,1040.98,1034.32,1034.5
1044.98,1770996600,1045.16,1038.56,1041.28
1049.57,1770996900,1050.02,1044.99,1045.14
1049.05,1770997200,1051.01,1047.79,1049.51
1051.47,1770997500,1052.12,1046.28,1048.93
1055.34,1770997800,1055.73,1051.01,1051.46
1057.25,1770998100,1057.42,1054.2,1055.3
1065.13,1770998400,1065.52,1057.3,1057.3
1065.47,1770998700,1066.45,1062.78,1065.14
1062.2,1770999000,1066.78,1060.93,1065.48
1056.84,1770999300,1062.37,1056.61,1062.12
1058.48,1770999600,1059.27,1055.7,1056.94
1055.14,1770999900,1059.81,1054.88,1058.45
1056.77,1771000200,1057.33,1051.89,1054.95
1061.73,1771000500,1062.53,1055.85,1056.9
1061.06,1771000800,1064.52,1060.67,1061.68
1064.85,1771001100,1065.61,1060.73,1061.11
1061.43,1771001400,1064.85,1058.83,1064.5
1062.25,1771001700,1062.59,1059.89,1061.34
1066.06,1771002000,1066.89,1061.39,1062.46
1069.53,1771002300,1070.61,1066.28,1066.28
1069.69,1771002600,1071.1,1067.49,1069.33
1067.92,1771002900,1072.59,1067.72,1069.17
1061.24,1771003200,1068.21,1061.24,1067.56
1059.96,1771003500,1063.45,1059.96,1061.7
1059.66,1771003800,1061.85,1057.96,1060.22
1064.27,1771004100,1065.04,1059.69,1059.69
1059.69,1771004400,1065.24,1059.46,1063.85
1059.5,1771004700,1062.32,1056.85,1059.67
1057.2,1771005000,1060.71,1057.2,1059.9
1059.73,1771005300,1059.73,1055.69,1057.05
1053.73,1771005600,1060.22,1052.4,1059.5
1057.37,1771005900,1057.37,1053.5,1053.82
1052.15,1771006200,1058.62,1050.78,1057.39
1053.63,1771006500,1054.77,1050.11,1051.99
1050.41,1771006800,1056.12,1050.15,1053.75
1045.01,1771007100,1050.06,1043.96,1049.94
1039.32,1771007400,1045.11,1036.31,1045.11
1037.24,1771007700,1039.97,1036.34,1039.42
1042.95,1771008000,1043.99,1036.2,1036.93
1043.1,1771008300,1046.27,1042.46,1042.89
1045.23,1771008600,1046.5,1040.21,1043.03
1038.6,1771008900,1045.43,1038.4,1045.3
1038.96,1771009200,1039.67,1036.27,1038.47
1036.19,1771009500,1040.25,1034.37,1039.17
1035.38,1771009800,1038.56,1034.76,1036.56
1033.81,1771010100,1037.44,1033.22,1035.25
1033.41,1771010400,1036.86,1033.36,1034.51
1037.58,1771010700,1037.95,1033.54,1033.88
1031.73,1771011000,1037.74,1031.45,1037.47
1036.01,1771011300,1037.26,1031.34,1031.34
1039.41,1771011600,1039.51,1036.08,1036.08
1041.2,1771011900,1041.83,1038.36,1039.06
1041.93,1771012200,1041.93,1038.41,1041.06
1038.46,1771012500,1042.33,1036.43,1041.96
1040.67,1771012800,1040.73,1037.09,1038.11
1040.95,1771013100,1041.84,1038.92,1040.7
1041.4,1771013400,1042.65,1039.0,1041.34
1046.22,1771013700,1047.07,1040.89,1041.42
1041.96,1771014000,1046.21,1041.41,1046.01
1044.13,1771014300,1045.07,1039.59,1042.11
1048.29,1771014600,1049.28,1043.47,1044.32
1045.41,1771014900,1049.26,1045.41,1048.72
1046.23,1771015200,1049.56,1045.43,1045.59
1043.2,1771015500,1048.0,1042.1,1046.37
1042.61,1771015800,1044.42,1041.48,1042.96
1043.65,1771016100,1046.11,1042.03,1042.36
1044.86,1771016400,1045.99,1041.58,1044.23
1046.5,1771016700,1047.1,1043.91,1044.88
1046.69,1771017000,1048.41,1044.56,1046.74
1045.38,1771017300,1047.42,1044.24,1046.82
1039.26,1771017600,1045.29,1038.27,1045.06
1042.0,1771017900,1042.17,1037.72,1038.98
1046.19,1771018200,1046.19,1040.88,1041.55
1043.43,1771018500,1046.13,1042.52,1046.13
1042.73,1771018800,1044.8,1040.64,1043.68
1037.96,1771019100,1042.92,1034.76,1042.39
1038.36,1771019400,1041.41,1036.66,1038.14
1036.51,1771019700,1039.14,1035.23,1038.47
1032.36,1771020000,1037.3,1031.45,1037.07
1032.39,1771020300,1033.79,1030.1,1032.17
1037.77,1771020600,1038.48,1029.85,1032.19
1037.04,1771020900,1039.63,1036.79,1037.73
1034.56,1771021200,1038.16,1033.76,1036.31
1037.07,1771021500,1040.68,1034.57,1034.71
1037.41,1771021800,1038.13,1034.28,1037.24
1034.95,1771022100,1037.72,1034.23,1036.95
1030.81,1771022400,1035.75,1030.51,1034.82
1036.2,1771022700,1037.02,1030.53,1030.57
1037.09,1771023000,1038.46,1035.51,1036.14
1033.72,1771023300,1038.43,1033.5,1037.42
1036.32,1771023600,1038.37,1033.47,1034.24
1036.49,1771023900,1037.73,1034.34,1035.26
1031.42,1771024200,1038.02,1029.56,1036.45
1033.45,1771024500,1033.49,1030.37,1031.42
1031.12,1771024800,1033.89,1029.8,1033.54
1024.16,1771025100,1031.31,1023.54,1031.31
1023.08,1771025400,1024.59,1021.35,1024.23
1018.16,1771025700,1023.05,1017.47,1022.98
1011.7,1771026000,1019.53,1011.24,1018.29
1008.9,1771026300,1011.73,1008.0,1011.59
1011.35,1771026600,1011.63,1008.63,1008.91
1017.28,1771026900,1017.28,1010.25,1011.37
1016.51,1771027200,1019.92,1015.07,1017.82
1015.3,1771027500,1017.81,1013.57,1016.31
1019.18,1771027800,1019.18,1014.19,1015.37
1024.06,1771028100,1026.28,1019.14,1019.15
1028.13,1771028400,1028.54,1023.22,1024.16
1026.02,1771028700,1029.77,1025.99,1028.38
1022.47,1771029000,1026.57,1020.89,1025.94
1020.64,1771029300,1024.21,1018.28,1022.56
1017.85,1771029600,1022.3,1017.85,1020.95
1017.63,1771029900,1020.51,1017.42,1017.82
1015.03,1771030200,1017.99,1014.47,1017.72
1013.79,1771030500,1016.07,1013.59,1015.12
1011.24,1771030800,1013.84,1009.56,1013.81
1006.41,1771031100,1011.06,1005.74,1010.87
1005.7,1771031400,1007.56,1003.98,1006.64
1009.65,1771031700,1010.33,1005.1,1005.13
1011.69,1771032000,1011.77,1009.03,1010.17
1014.28,1771032300,1015.92,1011.85,1012.15
1010.53,1771032600,1014.91,1010.53,1014.18
1007.05,1771032900,1011.28,1005.91,1010.11
1004.38,1771033200,1009.38,1004.38,1007.64
1001.68,1771033500,1005.46,999.93,1004.32
1006.29,1771033800,1006.35,1001.94,1001.94
1006.23,1771034100,1009.93,1005.09,1006.47
1007.81,1771034400,1010.79,1005.79,1006.36
1002.14,1771034700,1008.11,1001.06,1007.96
1000.91,1771035000,1003.57,1000.22,1002.2
1005.77,1771035300,1006.33,1001.06,1001.47
1012.88,1771035600,1012.88,1004.05,1005.41
1010.43,1771035900,1013.59,1010.19,1012.79
1012.52,1771036200,1014.54,1009.99,1010.36
1009.76,1771036500,1012.59,1009.17,1012.25
1008.82,1771036800,1011.79,1007.88,1009.55
1009.72,1771037100,1010.52,1007.98,1008.91
1006.61,1771037400,1009.97,1005.39,1009.97
1002.49,1771037700,1006.77,999.82,1006.76
1002.61,1771038000,1003.14,1001.04,1002.34
1003.42,1771038300,1003.96,1001.77,1002.39
997.97,1771038600,1004.48,996.86,1003.43
999.42,1771038900,999.42,994.72,997.64
1001.04,1771039200,1001.78,998.22,999.28
996.15,1771039500,1001.98,996.15,1001.06
996.39,1771039800,998.01,993.42,996.72
992.84,1771040100,996.32,992.37,996.32
992.84,1771040400,995.47,991.61,992.78
991.88,1771040700,994.06,990.78,993.04
997.19,1771041000,997.81,990.45,991.88
994.83,1771041300,997.98,992.34,997.19
995.22,1771041600,996.26,993.61,995.05
997.22,1771041900,997.68,994.63,995.27
996.53,1771042200,997.58,993.82,997.4
992.86,1771042500,996.66,992.17,996.43
993.0,1771042800,996.71,992.62,992.62
993.24,1771043100,995.6,991.41,992.75
994.61,1771043400,996.04,993.36,993.47
993.45,1771043700,997.91,993.45,994.56
992.42,1771044000,996.18,991.02,993.44
989.45,1771044300,994.64,988.84,992.42
986.79,1771044600,989.9,985.76,989.46
985.45,1771044900,988.51,983.36,987.01
988.57,1771045200,988.8,984.13,986.05
987.7,1771045500,988.75,985.58,988.75
991.2,1771045800,993.29,986.97,987.7
992.15,1771046100,994.48,990.04,990.68
992.49,1771046400,994.29,990.48,992.52
995.94,1771046700,998.2,991.06,992.5
997.81,1771047000,998.98,995.48,996.28
998.94,1771047300,1001.25,996.8,997.68
996.85,1771047600,1000.41,996.76,998.71
996.4,1771047900,1000.89,996.4,996.77
996.81,1771048200,997.46,993.46,996.08
997.1,1771048500,997.94,994.27,996.81
996.43,1771048800,998.31,993.93,997.26
996.82,1771049100,996.84,993.62,996.04
994.57,1771049400,996.89,991.63,996.89
994.25,1771049700,995.98,992.64,994.8
989.99,1771050000,998.07,989.25,993.76
984.12,1771050300,990.32,982.74,990.23
983.57,1771050600,984.73,981.17,984.26
983.62,1771050900,984.47,981.55,983.2
982.26,1771051200,985.04,980.88,983.53
977.14,1771051500,982.99,977.14,982.29
975.61,1771051800,978.47,974.86,977.05
975.8,1771052100,976.69,973.19,975.66
972.91,1771052400,977.24,972.41,976.01
974.15,1771052700,975.49,972.91,972.93
978.0,1771053000,979.62,974.09,974.29
972.14,1771053300,977.74,971.64,977.74
975.51,1771053600,976.67,971.49,972.34
976.86,1771053900,979.01,973.92,975.46
979.61,1771054200,981.91,976.95,976.96
978.36,1771054500,980.86,977.48,979.25
980.18,1771054800,981.3,978.18,978.18
976.54,1771055100,980.57,976.52,979.87
980.58,1771055400,984.77,976.47,976.63
987.96,1771055700,988.56,980.46,980.51
983.66,1771056000,989.0,983.5,987.84
987.45,1771056300,988.94,983.1,983.63
988.02,1771056600,989.5,986.3,987.64
989.76,1771056900,990.51,985.61,988.28
991.85,1771057200,991.89,988.09,989.65
996.11,1771057500,996.44,991.57,991.66
995.43,1771057800,999.39,995.0,996.03
995.78,1771058100,998.43,994.35,995.51
996.47,1771058400,998.49,995.05,995.71
991.99,1771058700,996.24,991.58,996.0
991.95,1771059000,994.98,991.57,992.33
989.96,1771059300,993.52,987.07,992.78
988.6,1771059600,992.7,986.92,989.85
983.39,1771059900,989.85,982.55,988.63
988.28,1771060200,989.06,982.97,982.97
989.2,1771060500,990.41,987.81,988.36
994.05,1771060800,994.76,988.31,989.17
992.31,1771061100,995.13,991.47,994.21
994.27,1771061400,995.72,992.41,992.62
984.12,1771061700,994.28,984.12,994.25
980.26,1771062000,984.29,976.99,984.29
983.76,1771062300,983.87,980.13,980.13
980.63,1771062600,985.85,980.44,983.83
982.62,1771062900,983.21,980.64,980.64
980.74,1771063200,983.95,980.45,982.69
987.48,1771063500,988.4,980.11,981.09
984.79,1771063800,988.6,983.9,987.83
987.05,1771064100,990.58,984.75,984.75
982.36,1771064400,987.67,981.7,987.1
984.6,1771064700,984.6,980.54,982.17
979.73,1771065000,987.18,979.44,984.47
979.55,1771065300,983.23,979.55,979.98
973.81,1771065600,979.76,972.92,979.76
974.34,1771065900,975.88,971.81,973.71
972.49,1771066200,974.74,971.41,974.63
971.92,1771066500,973.86,970.24,972.34
971.37,1771066800,972.84,969.41,971.49
969.11,1771067100,972.31,967.13,971.25
963.17,1771067400,970.83,963.17,969.07
958.11,1771067700,964.04,958.11,963.29
961.2,1771068000,961.27,957.37,957.68
965.04,1771068300,965.37,961.14,961.28
967.86,1771068600,968.05,964.56,965.18
968.66,1771068900,970.03,966.25,967.7
968.48,1771069200,970.38,967.34,968.62
965.59,1771069500,968.95,963.78,968.31
963.27,1771069800,965.58,960.14,965.48
962.73,1771070100,963.58,961.38,962.76
962.7,1771070400,963.25,960.27,962.98
967.28,1771070700,967.3,961.36,962.77
962.32,1771071000,967.5,962.21,967.2
961.77,1771071300,963.84,961.07,962.49
958.27,1771071600,962.02,956.59,962.02
955.74,1771071900,958.37,954.42,958.33
955.59,1771072200,958.85,954.39,955.93
952.15,1771072500,956.78,951.58,955.83
950.14,1771072800,953.69,949.45,952.17
949.77,1771073100,953.17,949.01,950.28
949.11,1771073400,951.06,947.83,949.7
943.34,1771073700,948.96,942.17,948.9
940.67,1771074000,945.09,939.79,943.47
939.48,1771074300,940.83,937.66,940.31
935.31,1771074600,939.57,934.27,938.83
929.74,1771074900,935.37,929.18,935.37
931.95,1771075200,932.28,928.58,930.08
933.02,1771075500,934.28,931.87,932.43
932.83,1771075800,933.08,930.24,932.91
933.1,1771076100,934.14,931.23,932.78
932.5,1771076400,934.79,930.65,933.12
931.47,1771076700,932.97,929.64,932.24
929.01,1771077000,934.58,929.01,931.59
927.04,1771077300,931.0,927.04,928.86
922.05,1771077600,927.91,921.8,926.67
921.5,1771077900,924.27,920.93,921.96
922.27,1771078200,924.04,921.06,921.28
925.13,1771078500,926.66,922.21,922.37
923.75,1771078800,925.28,922.59,925.21
924.77,1771079100,925.77,922.07,923.83
925.74,1771079400,927.79,924.73,924.81
928.11,1771079700,928.66,925.09,925.64
928.85,1771080000,929.29,925.69,927.99
927.21,1771080300,931.7,925.16,928.75
927.08,1771080600,930.6,927.08,927.44
926.99,1771080900,927.17,923.91,926.92
925.16,1771081200,927.75,923.38,926.84
922.77,1771081500,926.85,922.77,925.17
920.77,1771081800,922.84,918.16,922.73
923.29,1771082100,924.68,920.52,920.8
922.37,1771082400,924.75,919.53,923.64
922.78,1771082700,924.26,921.33,922.55
919.55,1771083000,924.06,919.4,922.59
920.65,1771083300,921.61,918.41,919.87
922.11,1771083600,922.17,919.61,920.72
921.23,1771083900,922.08,919.63,921.81
922.43,1771084200,922.59,919.05,920.82
924.24,1771084500,926.81,922.5,922.57
922.21,1771084800,924.99,920.58,924.34
918.67,1771085100,922.21,918.67,922.17
919.68,1771085400,921.66,917.42,918.48
922.08,1771085700,922.88,917.65,919.67
917.91,1771086000,923.29,917.82,921.9
919.97,1771086300,920.79,916.63,917.67
923.85,1771086600,924.52,918.42,920.27
926.29,1771086900,927.61,922.53,923.72
924.63,1771087200,927.39,923.19,926.55
925.92,1771087500,927.76,924.84,924.84
924.78,1771087800,927.26,924.1,926.18
924.83,1771088100,925.09,922.4,924.83
922.31,1771088400,925.87,922.31,924.7
922.57,1771088700,924.04,921.62,922.18
922.98,1771089000,926.18,921.55,922.58
925.75,1771089300,925.75,921.87,922.66
926.98,1771089600,927.89,925.34,925.52
925.54,1771089900,927.62,923.99,927.27
926.28,1771090200,926.28,922.63,925.69
924.37,1771090500,927.79,924.28,926.13
924.39,1771090800,927.38,923.97,924.17
923.54,1771091100,924.98,922.61,924.18
923.62,1771091400,925.54,922.86,923.24
925.67,1771091700,925.67,922.5,923.84
929.57,1771092000,930.62,923.82,925.55
932.19,1771092300,932.19,928.55,929.6
931.17,1771092600,933.15,930.23,932.18
931.99,1771092900,933.68,928.97,930.84
931.64,1771093200,933.56,929.58,932.19
931.3,1771093500,932.07,929.92,931.47
930.54,1771093800,932.91,929.86,931.2
930.84,1771094100,933.39,930.41,930.52
925.89,1771094400,930.96,924.91,930.69
927.22,1771094700,928.34,925.27,925.87
928.49,1771095000,930.8,927.18,927.52
929.57,1771095300,929.6,926.86,928.45
929.8,1771095600,934.18,929.49,930.16
931.85,1771095900,933.43,930.2,930.21
933.81,1771096200,934.44,931.55,931.7
936.66,1771096500,939.38,934.62,934.62
939.85,1771096800,939.85,936.63,936.63
940.53,1771097100,941.98,938.48,939.98
937.46,1771097400,941.79,936.72,940.83
936.67,1771097700,938.73,936.32,937.14
936.38,1771098000,937.43,933.89,936.81
933.54,1771098300,937.09,932.63,936.13
935.59,1771098600,937.0,933.31,933.31
937.94,1771098900,939.5,934.95,935.7
943.03,1771099200,943.03,936.46,937.81
943.11,1771099500,944.49,940.3,942.81
939.63,1771099800,944.46,938.54,942.94
939.2,1771100100,943.63,938.96,940.1
938.67,1771100400,940.42,936.56,939.35
939.41,1771100700,940.77,937.88,938.9
943.71,1771101000,944.4,938.21,938.93
943.02,1771101300,944.57,941.79,943.63
944.25,1771101600,944.99,940.83,942.66
945.51,1771101900,945.8,942.87,944.06
947.63,1771102200,947.63,944.07,945.52
944.92,1771102500,948.16,944.66,947.33
943.18,1771102800,945.15,941.16,944.9
942.19,1771103100,944.19,938.57,943.19
941.77,1771103400,943.7,940.31,942.58
937.2,1771103700,942.04,937.2,941.79
935.52,1771104000,937.81,933.38,937.24
942.96,1771104300,943.11,935.81,935.81
946.07,1771104600,947.02,943.18,943.31
945.04,1771104900,945.95,942.17,945.95
945.25,1771105200,946.93,943.72,944.8
948.99,1771105500,949.99,943.5,944.98
945.68,1771105800,950.28,945.55,949.29
942.59,1771106100,946.73,942.35,945.75
942.82,1771106400,946.06,942.2,942.66
946.83,1771106700,946.97,941.04,942.68
944.89,1771107000,947.5,944.21,946.85
944.57,1771107300,945.95,942.93,944.74
943.61,1771107600,946.52,942.7,944.53
946.69,1771107900,948.01,942.81,943.54
946.46,1771108200,948.47,945.13,946.63
943.97,1771108500,947.35,943.2,946.3
946.13,1771108800,948.41,943.31,944.01
940.51,1771109100,946.88,940.08,946.13
938.55,1771109400,941.44,938.12,940.55
941.05,1771109700,942.39,937.48,938.86
941.17,1771110000,942.89,937.72,940.82
948.16,1771110300,948.18,941.27,941.63
951.71,1771110600,952.46,947.96,948.47
951.25,1771110900,951.49,949.33,951.4
950.79,1771111200,952.29,949.07,951.25
960.58,1771111500,961.44,951.0,951.13
963.6,1771111800,964.02,960.6,960.6
965.7,1771112100,968.15,963.9,963.9
966.69,1771112400,966.76,963.05,965.77
961.01,1771112700,967.16,960.05,966.78
956.6,1771113000,961.47,955.56,961.02
953.55,1771113300,957.26,953.51,956.61
950.5,1771113600,953.42,948.81,953.42
953.94,1771113900,954.12,949.33,950.63
956.34,1771114200,956.59,951.79,954.01
957.75,1771114500,958.58,955.85,956.63
955.89,1771114800,959.38,955.25,957.86
957.88,1771115100,959.49,955.83,955.92
953.16,1771115400,958.68,952.42,958.17
955.82,1771115700,956.05,953.17,953.43
954.9,1771116000,955.65,953.05,955.46
958.06,1771116300,958.56,953.49,954.96
957.52,1771116600,958.57,955.27,958.07
962.13,1771116900,963.66,957.62,957.74
959.35,1771117200,962.3,957.79,962.3
962.25,1771117500,963.55,958.78,959.39
965.46,1771117800,966.34,961.3,961.83
962.41,1771118100,966.75,960.16,964.62
956.67,1771118400,963.64,956.38,962.88
958.14,1771118700,960.74,955.69,956.84
957.45,1771119000,960.35,956.57,958.74
954.2,1771119300,958.2,953.52,957.21
957.96,1771119600,958.22,952.82,954.12
953.99,1771119900,957.74,953.37,957.69
955.41,1771120200,955.41,951.48,953.99
959.96,1771120500,959.96,954.64,955.44
951.59,1771120800,960.72,951.51,960.15
946.87,1771121100,952.26,945.63,951.84
949.14,1771121400,950.59,946.29,946.67
946.74,1771121700,950.01,946.65,949.43
947.26,1771122000,949.18,945.53,946.58
946.67,1771122300,948.26,945.38,947.4
948.56,1771122600,950.82,946.45,946.45
949.43,1771122900,952.09,947.79,948.5
948.17,1771123200,950.18,948.17,949.45
955.82,1771123500,956.82,947.39,947.95
959.32,1771123800,959.63,955.62,956.03
955.03,1771124100,959.26,954.62,959.11
956.3,1771124400,957.11,954.5,954.67
954.44,1771124700,956.17,953.34,956.17
950.56,1771125000,954.23,948.81,954.23
951.79,1771125300,951.79,946.94,950.44
956.25,1771125600,956.29,950.89,951.86
953.45,1771125900,956.14,951.57,956.14
949.62,1771126200,953.02,949.59,952.92
949.33,1771126500,949.74,946.17,949.74
946.99,1771126800,951.33,946.44,949.23
947.25,1771127100,949.54,946.74,947.07
949.71,1771127400,950.99,947.06,947.66
950.73,1771127700,951.45,948.11,949.84
946.95,1771128000,952.59,946.67,950.96
947.17,1771128300,949.41,945.76,947.19
945.05,1771128600,949.06,944.45,947.29
945.03,1771128900,946.77,942.04,944.93
949.21,1771129200,949.72,944.13,945.08
947.22,1771129500,949.26,945.44,949.26
949.01,1771129800,950.48,946.42,946.71
950.8,1771130100,951.67,948.46,949.08
954.49,1771130400,954.49,949.57,950.75
954.99,1771130700,957.37,954.21,954.44
951.52,1771131000,955.26,951.52,955.26
954.63,1771131300,954.63,950.2,951.54
957.48,1771131600,957.96,953.96,954.48
957.71,1771131900,957.97,954.44,957.2
958.99,1771132200,961.31,956.91,957.94
960.37,1771132500,962.7,958.99,958.99
963.21,1771132800,965.18,960.25,960.29
960.5,1771133100,963.66,960.21,963.22
960.73,1771133400,961.89,958.52,960.94
965.87,1771133700,965.99,959.69,960.41
970.52,1771134000,970.52,964.56,966.15
973.38,1771134300,973.64,968.48,971.05
976.54,1771134600,976.64,972.18,973.44
969.48,1771134900,977.27,969.34,976.73
970.69,1771135200,972.14,968.29,969.54
970.19,1771135500,971.77,969.15,970.73
971.15,1771135800,971.44,968.27,970.19
966.28,1771136100,971.81,966.28,970.77
966.53,1771136400,967.42,963.89,966.46
965.35,1771136700,968.9,964.87,966.83
962.8,1771137000,965.95,960.78,965.47
961.92,1771137300,963.07,961.29,962.19
960.59,1771137600,962.0,959.85,962.0
964.9,1771137900,965.29,959.87,960.06
966.88,1771138200,967.15,963.15,964.73
966.72,1771138500,968.31,965.45,967.14
971.25,1771138800,972.66,965.28,966.77
972.51,1771139100,972.9,969.45,971.13
978.06,1771139400,979.37,972.61,972.91
974.87,1771139700,979.39,974.1,977.74
975.47,1771140000,977.04,974.48,975.28
971.43,1771140300,975.69,971.43,975.54
973.37,1771140600,974.77,970.88,971.21
967.15,1771140900,973.46,967.06,973.46
968.35,1771141200,968.55,963.59,967.21
969.14,1771141500,971.05,968.18,968.89
969.17,1771141800,971.45,967.93,969.1
968.25,1771142100,973.2,967.77,969.55
970.26,1771142400,970.99,968.01,968.5
968.78,1771142700,970.12,966.52,970.12
972.11,1771143000,972.66,968.12,968.96
970.57,1771143300,973.69,969.88,971.74
966.09,1771143600,971.63,966.0,970.62
968.13,1771143900,969.37,965.84,965.84
968.18,1771144200,969.1,964.77,968.0
969.92,1771144500,970.1,966.86,967.97
971.72,1771144800,972.6,968.72,970.17
972.21,1771145100,972.8,970.18,972.06
972.45,1771145400,974.46,970.84,972.29
976.15,1771145700,976.89,972.51,972.51
969.6,1771146000,975.95,967.06,975.95
965.68,1771146300,970.63,965.68,969.18
967.96,1771146600,969.79,965.48,965.9
967.9,1771146900,968.38,965.63,967.67
971.65,1771147200,972.04,967.52,968.06
971.32,1771147500,973.95,970.14,971.1
971.99,1771147800,972.14,968.58,971.36
967.79,1771148100,972.74,967.6,972.47
971.74,1771148400,971.74,966.51,967.78
971.11,1771148700,971.82,968.27,971.71
975.17,1771149000,975.17,969.76,970.99
972.33,1771149300,977.57,970.24,975.05
972.45,1771149600,974.12,970.6,972.41
971.35,1771149900,974.12,969.85,972.73
972.2,1771150200,973.35,971.06,971.26
964.05,1771150500,974.16,963.38,972.47
963.26,1771150800,966.47,962.31,963.82
961.3,1771151100,963.26,959.26,963.07
960.44,1771151400,961.65,958.6,961.35
960.89,1771151700,961.05,958.6,960.36
963.23,1771152000,963.99,959.06,961.01
964.84,1771152300,965.18,962.14,963.0
961.83,1771152600,965.89,961.2,965.24
962.24,1771152900,963.44,960.58,961.9
962.86,1771153200,965.39,961.32,962.26
964.96,1771153500,965.09,960.4,962.69
962.82,1771153800,966.26,962.41,964.88
967.94,1771154100,968.45,962.66,962.79
971.24,1771154400,972.37,967.59,968.08
971.31,1771154700,973.15,970.76,970.99
971.05,1771155000,971.65,968.5,971.13
972.88,1771155300,974.96,971.1,971.34
976.48,1771155600,977.02,972.34,972.74
969.75,1771155900,976.06,968.68,976.06
972.75,1771156200,975.13,969.18,970.0
969.75,1771156500,972.77,967.54,972.77
972.07,1771156800,972.19,967.19,969.79
970.59,1771157100,973.22,970.16,971.67
971.36,1771157400,973.6,970.0,970.43
971.13,1771157700,972.47,968.21,971.53
975.93,1771158000,976.23,970.98,971.14
976.17,1771158300,978.21,975.05,976.23
975.48,1771158600,976.64,973.02,976.32
978.17,1771158900,980.13,975.89,975.89
983.6,1771159200,984.03,977.99,978.24
986.1,1771159500,986.1,981.67,983.66
982.81,1771159800,987.96,982.44,986.09
984.87,1771160100,984.87,981.42,982.66
984.2,1771160400,985.16,982.43,984.83
987.67,1771160700,990.28,983.48,984.25
982.64,1771161000,988.72,981.62,987.61
982.48,1771161300,984.43,980.21,982.74
980.81,1771161600,982.65,978.35,982.6
981.71,1771161900,982.38,978.97,980.86
981.36,1771162200,982.57,979.88,981.64
984.71,1771162500,985.52,978.8,981.43
989.42,1771162800,989.79,984.44,984.58
987.47,1771163100,991.71,987.21,989.54
986.0,1771163400,987.69,984.71,987.13
987.14,1771163700,987.93,983.77,985.68
992.08,1771164000,992.15,987.17,987.17
990.32,1771164300,993.86,989.79,992.48
990.84,1771164600,991.22,987.85,990.04
991.0,1771164900,992.3,989.4,990.76
990.78,1771165200,993.52,989.48,991.13
991.45,1771165500,993.24,990.31,991.07
989.29,1771165800,991.38,988.82,991.09
993.35,1771166100,993.41,988.91,988.91
994.53,1771166400,994.81,992.13,993.69
985.83,1771166700,996.46,985.83,994.25
987.1,1771167000,987.69,982.86,985.85
986.53,1771167300,989.69,985.56,987.41
985.8,1771167600,987.51,984.55,986.44
986.92,1771167900,988.33,984.72,985.57
987.3,1771168200,988.73,984.25,987.26
990.45,1771168500,992.03,987.11,987.11
984.52,1771168800,990.48,984.01,990.2
982.75,1771169100,986.69,981.38,984.06
985.24,1771169400,985.62,980.17,982.73
989.36,1771169700,989.36,984.47,984.97
989.64,1771170000,992.0,989.08,989.51
991.95,1771170300,991.95,987.53,989.31
992.16,1771170600,993.78,989.42,991.85
989.7,1771170900,992.0,987.08,992.0
991.09,1771171200,991.09,987.79,989.72
994.65,1771171500,995.47,990.41,991.37
995.75,1771171800,998.16,993.0,994.78
1001.01,1771172100,1001.03,994.56,995.53
1001.38,1771172400,1003.49,999.94,1000.97
1001.47,1771172700,1003.05,998.27,1001.39
996.79,1771173000,1001.66,995.22,1001.42
990.73,1771173300,998.74,990.73,996.76
991.29,1771173600,991.99,988.5,990.57
992.93,1771173900,994.56,991.27,991.27
992.99,1771174200,994.81,990.87,993.14
998.9,1771174500,998.9,992.15,992.97
994.66,1771174800,999.99,994.27,998.88
990.51,1771175100,995.5,989.04,994.79
992.47,1771175400,993.18,990.12,990.46
994.72,1771175700,995.09,990.21,992.44
992.36,1771176000,995.31,991.79,994.72
986.43,1771176300,992.15,985.55,992.07
983.04,1771176600,988.48,983.04,986.51
985.51,1771176900,986.13,982.57,982.57
984.86,1771177200,986.84,982.75,985.86
985.92,1771177500,989.85,984.59,984.63
981.7,1771177800,986.44,980.74,985.79
980.94,1771178100,981.81,977.35,981.48
975.82,1771178400,981.12,975.2,980.75
976.39,1771178700,976.95,973.24,976.17
976.85,1771179000,978.5,974.79,975.99
978.05,1771179300,979.65,975.82,976.66
977.14,1771179600,980.78,977.14,977.85
982.01,1771179900,982.01,976.63,977.09
982.45,1771180200,983.19,979.12,982.22
975.96,1771180500,983.89,975.96,982.69
972.91,1771180800,976.59,971.2,976.29
972.21,1771181100,973.14,969.4,973.01
969.4,1771181400,972.49,968.5,972.21
967.05,1771181700,971.27,967.05,969.67
968.84,1771182000,969.39,966.3,966.89
962.34,1771182300,968.48,961.8,968.48
961.22,1771182600,963.94,959.66,961.79
961.7,1771182900,962.26,959.18,961.14
960.33,1771183200,963.31,959.49,961.32
959.2,1771183500,962.95,957.58,960.4
961.19,1771183800,961.24,958.09,959.21
964.49,1771184100,964.65,960.8,961.1
962.83,1771184400,964.54,960.78,964.03
963.2,1771184700,963.74,960.8,962.7
966.27,1771185000,967.25,962.02,962.98
971.17,1771185300,971.54,964.74,966.22
970.28,1771185600,973.66,969.87,971.44
967.33,1771185900,971.38,966.64,970.45
969.56,1771186200,972.25,967.01,967.74
973.26,1771186500,973.58,968.72,969.68
974.04,1771186800,974.95,970.14,972.71
974.75,1771187100,976.56,971.8,973.98
982.64,1771187400,983.09,974.55,974.55
984.95,1771187700,986.69,981.68,982.79
986.32,1771188000,987.14,984.25,984.99
984.29,1771188300,986.25,983.65,985.9
984.06,1771188600,984.15,981.26,984.15
975.3,1771188900,984.3,975.26,984.15
982.17,1771189200,982.35,975.31,975.31
984.1,1771189500,984.18,978.47,982.02
983.87,1771189800,985.32,982.62,983.93
980.57,1771190100,984.08,979.81,984.01
982.27,1771190400,982.27,978.65,980.09
983.28,1771190700,984.11,978.65,982.86
982.59,1771191000,984.33,980.09,983.1
980.9,1771191300,982.89,980.39,982.74
979.79,1771191600,981.35,978.67,980.88
976.45,1771191900,981.72,975.89,979.74
974.31,1771192200,977.1,973.93,976.35
969.98,1771192500,975.55,969.98,974.5
967.06,1771192800,971.23,966.78,970.28
964.22,1771193100,967.72,963.04,967.15
966.13,1771193400,968.75,963.93,964.08
968.62,1771193700,968.62,964.49,966.21
972.95,1771194000,973.39,968.27,968.39
976.39,1771194300,977.16,971.87,972.68
976.48,1771194600,979.22,975.85,975.9
973.51,1771194900,977.51,973.4,976.48
973.01,1771195200,974.48,971.75,973.42
970.25,1771195500,973.89,969.33,972.86
967.58,1771195800,971.0,967.33,970.47
968.12,1771196100,968.13,965.17,967.63
968.8,1771196400,969.33,965.74,967.87
968.78,1771196700,972.42,967.49,968.95
971.27,1771197000,971.27,968.67,968.82
970.51,1771197300,972.53,969.37,970.86
974.99,1771197600,976.11,968.28,970.24
975.76,1771197900,976.07,971.77,974.98
977.36,1771198200,978.56,974.76,975.09
977.43,1771198500,978.37,974.55,977.03
978.72,1771198800,980.8,976.76,977.23
978.74,1771199100,981.2,977.71,978.58
975.1,1771199400,978.78,974.29,978.49
972.27,1771199700,976.51,971.23,974.91
970.09,1771200000,972.15,968.57,971.89
967.53,1771200300,970.85,966.88,970.07
966.43,1771200600,968.84,964.54,967.72
972.96,1771200900,974.01,965.92,966.36
970.12,1771201200,973.36,969.64,973.04
973.03,1771201500,974.49,969.05,970.14
972.88,1771201800,976.99,972.68,972.94
972.6,1771202100,973.32,969.69,972.37
972.89,1771202400,975.88,971.81,972.27
974.99,1771202700,975.53,970.94,972.94
977.73,1771203000,978.11,973.49,974.81
976.56,1771203300,979.88,976.19,977.72
975.76,1771203600,979.18,975.69,976.62
982.01,1771203900,982.01,975.06,976.15
986.92,1771204200,987.42,981.67,982.21
985.5,1771204500,988.1,984.33,986.84
982.6,1771204800,987.14,982.32,985.29
978.83,1771205100,983.45,978.63,982.51
976.91,1771205400,982.05,976.91,978.98
981.64,1771205700,981.64,976.58,976.83
983.53,1771206000,983.82,980.6,981.81
985.09,1771206300,985.53,982.79,983.52
987.7,1771206600,987.79,983.86,985.19
986.14,1771206900,988.11,984.51,987.81
983.78,1771207200,987.8,983.78,986.0
982.0,1771207500,984.23,979.04,983.48
981.64,1771207800,984.35,979.74,981.92
982.36,1771208100,985.08,980.83,981.5
977.06,1771208400,983.31,976.47,982.42
977.48,1771208700,979.82,976.11,977.09
978.42,1771209000,980.93,976.38,976.96
980.17,1771209300,980.72,977.47,978.08
980.9,1771209600,983.33,979.01,980.0
981.56,1771209900,982.67,980.32,980.76
977.78,1771210200,981.82,977.09,981.82
973.49,1771210500,977.95,971.39,977.86
971.86,1771210800,974.14,969.77,973.59
968.8,1771211100,972.61,968.21,972.22
967.8,1771211400,970.18,965.82,968.72
965.76,1771211700,969.19,964.44,968.09
963.88,1771212000,967.18,963.85,965.75
962.21,1771212300,964.68,961.2,964.13
962.76,1771212600,965.07,962.47,962.47
961.68,1771212900,963.47,960.68,962.72
952.66,1771213200,961.41,952.66,961.38
953.41,1771213500,953.55,949.98,952.62
952.72,1771213800,955.25,951.25,953.98
955.85,1771214100,956.86,952.31,952.31
957.38,1771214400,958.91,955.65,955.82
959.49,1771214700,961.04,955.66,957.4
962.72,1771215000,962.77,959.29,959.9
956.13,1771215300,962.43,956.13,962.43
951.65,1771215600,957.03,950.57,956.14
951.72,1771215900,951.98,946.53,951.63
946.82,1771216200,952.89,945.85,951.71
947.33,1771216500,950.9,945.26,946.83
943.65,1771216800,947.56,943.65,947.48
939.21,1771217100,943.92,938.85,943.63
937.65,1771217400,939.79,937.06,939.08
934.63,1771217700,938.5,934.42,937.66
939.62,1771218000,939.9,934.04,934.86
941.84,1771218300,941.84,937.75,939.69
935.87,1771218600,942.32,935.87,941.85
936.08,1771218900,939.9,934.79,935.63
933.5,1771219200,938.07,933.5,935.76
931.14,1771219500,933.59,930.66,933.16
929.74,1771219800,930.96,928.59,930.79
931.44,1771220100,931.9,929.06,929.61
939.32,1771220400,939.39,931.55,931.55
939.46,1771220700,941.33,938.66,939.5
937.08,1771221000,939.99,936.77,939.64
934.98,1771221300,937.78,934.77,936.9
931.04,1771221600,936.49,931.04,934.97
930.88,1771221900,931.98,929.69,931.42
933.46,1771222200,935.13,930.87,930.93
934.95,1771222500,935.81,930.22,933.5
936.37,1771222800,939.16,934.77,934.95
937.07,1771223100,937.07,933.91,936.26
941.25,1771223400,942.5,937.04,937.04
941.53,1771223700,943.4,940.11,941.09
935.99,1771224000,941.1,934.81,941.1
934.38,1771224300,938.95,934.37,936.23
933.25,1771224600,936.1,932.64,934.41
929.05,1771224900,933.6,928.09,933.46
928.3,1771225200,931.01,927.46,929.48
931.58,1771225500,933.04,928.34,928.35
937.31,1771225800,937.82,930.9,931.59
935.01,1771226100,937.77,935.01,937.26
938.98,1771226400,938.98,935.37,935.47
941.3,1771226700,941.66,938.03,938.75
943.32,1771227000,944.43,941.0,941.34
944.66,1771227300,950.01,943.47,943.47
946.89,1771227600,947.91,942.36,944.71
949.52,1771227900,949.85,945.77,947.61
948.12,1771228200,950.69,947.6,949.45
951.16,1771228500,951.95,946.8,948.06
949.02,1771228800,952.14,948.14,951.38
947.82,1771229100,952.24,947.82,949.04
946.67,1771229400,948.83,945.88,947.57
943.11,1771229700,947.86,942.69,946.83
942.46,1771230000,943.38,939.14,943.24
941.54,1771230300,943.17,939.93,941.91
939.15,1771230600,942.75,939.15,941.86
936.06,1771230900,939.91,935.44,939.19
936.88,1771231200,937.8,934.74,936.03
931.22,1771231500,937.9,930.57,936.76
932.03,1771231800,932.73,928.52,931.36
929.34,1771232100,932.82,928.98,932.15
925.72,1771232400,929.97,925.72,929.64
928.44,1771232700,928.51,924.95,926.11
930.43,1771233000,930.43,926.27,928.59
930.89,1771233300,932.04,929.34,930.49
932.39,1771233600,935.42,930.66,931.08
930.22,1771233900,933.78,929.5,932.53
929.02,1771234200,932.05,929.02,930.35
928.15,1771234500,929.74,926.87,929.12
930.84,1771234800,932.73,927.68,927.68
931.62,1771235100,931.64,928.8,931.08
930.72,1771235400,933.84,930.72,931.72
925.79,1771235700,930.74,924.43,930.74
926.31,1771236000,928.84,924.62,925.48
921.96,1771236300,926.3,921.75,926.11
921.34,1771236600,922.77,919.44,922.08
922.54,1771236900,922.78,920.39,921.51
920.58,1771237200,924.18,919.86,922.87
917.63,1771237500,922.65,917.24,920.76
916.4,1771237800,918.2,915.43,917.29
916.16,1771238100,920.64,915.82,916.26
916.32,1771238400,920.65,915.92,916.73
920.18,1771238700,920.31,915.57,916.42
919.42,1771239000,921.72,918.69,920.06
919.68,1771239300,921.23,917.61,919.73
918.98,1771239600,920.56,917.02,919.6
921.59,1771239900,921.92,917.43,918.55
923.18,1771240200,923.61,919.97,921.93
926.61,1771240500,927.57,921.64,923.08
924.23,1771240800,927.64,924.05,926.24
923.56,1771241100,924.45,919.55,924.45
922.75,1771241400,924.05,920.87,923.52
921.35,1771241700,925.41,919.56,923.02
924.17,1771242000,925.29,919.97,921.68
926.75,1771242300,927.07,922.2,923.98
928.12,1771242600,928.86,925.45,926.66
926.84,1771242900,928.48,925.57,927.91
926.38,1771243200,927.0,924.44,926.8
921.08,1771243500,927.74,921.08,925.98
924.49,1771243800,924.89,918.79,921.21
928.51,1771244100,928.58,924.08,924.29
926.57,1771244400,931.95,926.57,928.52
930.04,1771244700,930.05,925.84,926.89
932.6,1771245000,932.6,929.54,929.76
930.77,1771245300,933.33,929.81,932.89
930.56,1771245600,932.35,929.69,931.06
928.77,1771245900,932.83,928.11,930.21
928.55,1771246200,931.18,927.4,928.62
930.75,1771246500,931.06,927.58,928.84
929.79,1771246800,932.04,928.76,930.98
926.76,1771247100,930.39,926.32,929.72
929.91,1771247400,930.88,926.38,926.61
932.54,1771247700,932.98,929.16,930.12
931.35,1771248000,933.93,929.48,932.48
933.79,1771248300,934.19,928.92,931.11
932.18,1771248600,933.9,930.87,933.39
934.89,1771248900,936.33,931.12,931.78
934.91,1771249200,937.66,933.34,935.01
937.45,1771249500,937.84,933.49,934.59
938.17,1771249800,940.55,936.98,937.38
936.76,1771250100,940.29,936.18,938.1
935.95,1771250400,937.1,933.41,936.85
941.3,1771250700,941.3,934.64,935.77
944.6,1771251000,945.12,941.24,941.38
943.0,1771251300,944.95,941.45,944.43
943.66,1771251600,946.08,942.86,943.03
939.82,1771251900,943.8,938.29,943.24
936.36,1771252200,939.68,936.36,939.65
938.16,1771252500,938.68,935.46,936.43
937.87,1771252800,940.58,937.53,938.17
940.86,1771253100,941.36,937.88,938.06
936.73,1771253400,941.44,936.3,940.94
936.14,1771253700,939.12,934.92,936.12
935.19,1771254000,937.69,934.48,936.12
928.2,1771254300,935.3,927.86,935.3
920.97,1771254600,929.37,919.71,928.01
923.66,1771254900,924.26,920.92,920.92
927.67,1771255200,928.27,923.71,923.71
928.75,1771255500,929.25,926.05,927.54
926.0,1771255800,929.37,925.48,929.04
925.47,1771256100,929.8,925.47,926.47
928.87,1771256400,929.25,924.61,925.97
929.17,1771256700,929.24,925.02,929.17
931.67,1771257000,933.83,929.19,929.19
930.49,1771257300,932.73,927.57,931.71
929.76,1771257600,931.74,928.5,930.65
929.44,1771257900,932.58,927.78,930.05
929.65,1771258200,932.44,928.87,929.35
931.99,1771258500,932.57,929.02,929.81
928.24,1771258800,931.82,927.86,931.2
925.97,1771259100,929.01,924.92,928.61
929.04,1771259400,929.43,924.03,925.81
928.0,1771259700,930.41,926.8,929.3
928.22,1771260000,928.74,925.7,927.52
928.95,1771260300,928.95,926.23,928.29
927.4,1771260600,928.75,926.25,928.64
926.25,1771260900,928.65,924.52,927.18
925.49,1771261200,928.49,925.2,926.19
927.28,1771261500,928.88,925.18,925.55
928.44,1771261800,930.71,926.55,927.19
930.1,1771262100,930.56,926.37,928.66
926.36,1771262400,930.92,926.28,930.2
930.53,1771262700,930.97,925.29,926.28
926.68,1771263000,930.82,925.82,930.16
930.8,1771263300,931.14,925.95,926.68
928.82,1771263600,930.55,926.5,930.55
928.82,1771263900,929.23,925.75,928.53
928.97,1771264200,930.7,927.32,928.7
929.17,1771264500,930.17,926.47,928.6
930.24,1771264800,931.51,928.25,929.01
925.87,1771265100,931.16,925.38,930.23
929.11,1771265400,929.18,925.07,925.82
929.37,1771265700,930.96,928.45,929.13
929.95,1771266000,930.69,927.44,929.5
928.76,1771266300,930.74,927.26,930.0
931.39,1771266600,933.41,928.22,928.37
928.9,1771266900,931.34,927.54,931.34
924.34,1771267200,929.25,923.98,929.06
919.89,1771267500,925.2,918.82,924.48
923.35,1771267800,926.19,919.71,919.71
918.45,1771268100,924.69,918.45,923.32
918.37,1771268400,920.29,916.92,918.6
920.0,1771268700,920.25,917.03,918.26
921.27,1771269000,921.27,917.38,919.83
917.35,1771269300,921.77,916.93,921.58
911.83,1771269600,917.94,911.83,917.54
909.81,1771269900,911.85,909.31,911.77
912.99,1771270200,913.56,909.59,909.91
908.48,1771270500,913.06,907.85,912.7
908.03,1771270800,908.57,905.7,908.51
905.05,1771271100,908.12,904.7,908.12
904.23,1771271400,905.62,902.86,905.42
902.12,1771271700,904.24,901.57,904.19
900.41,1771272000,902.74,898.97,902.34
903.12,1771272300,903.66,899.61,900.06
907.46,1771272600,907.8,903.3,903.3
908.36,1771272900,910.28,905.93,907.34
906.53,1771273200,909.78,906.06,908.34
908.12,1771273500,910.2,905.35,906.28
905.47,1771273800,908.45,903.53,908.19
907.59,1771274100,909.79,904.4,905.7
900.33,1771274400,907.33,900.17,907.2
896.66,1771274700,900.77,895.1,900.55
899.33,1771275000,900.33,894.78,896.69
897.75,1771275300,900.39,897.08,899.06
898.87,1771275600,899.59,897.29,897.73
896.17,1771275900,899.96,895.29,898.71
894.64,1771276200,897.82,893.62,896.1
894.5,1771276500,896.18,891.71,894.42
889.64,1771276800,894.44,888.48,894.1
889.62,1771277100,889.85,886.14,889.27
890.05,1771277400,891.17,887.05,889.99
887.81,1771277700,891.05,887.81,890.04
882.39,1771278000,888.0,882.05,888.0
878.42,1771278300,882.51,878.04,882.22
877.6,1771278600,880.14,876.77,878.37
879.42,1771278900,879.74,875.43,877.64
878.4,1771279200,880.52,877.73,879.44
879.11,1771279500,882.38,877.71,878.31
881.48,1771279800,882.32,878.91,879.15
882.06,1771280100,882.33,879.06,881.3
881.96,1771280400,884.06,880.79,882.09
876.59,1771280700,882.37,876.3,882.37
877.04,1771281000,877.22,874.39,876.37
877.71,1771281300,879.3,876.23,877.36
877.09,1771281600,879.6,877.09,877.5
873.77,1771281900,878.78,873.77,877.01
875.07,1771282200,875.07,871.19,873.73
870.96,1771282500,876.46,870.25,875.05
867.72,1771282800,871.46,867.55,871.0
868.07,1771283100,868.71,865.21,867.29
868.67,1771283400,869.98,866.22,868.32
873.39,1771283700,873.61,868.54,868.95
875.57,1771284000,876.3,873.57,873.73
872.69,1771284300,876.21,872.1,875.52
878.53,1771284600,878.92,872.39,872.64
871.99,1771284900,878.92,871.97,878.47
868.45,1771285200,871.75,867.85,871.59
872.05,1771285500,872.77,867.34,868.46
871.62,1771285800,873.83,871.2,872.09
868.57,1771286100,871.71,867.25,871.58
867.1,1771286400,869.82,865.24,868.7
863.26,1771286700,868.31,861.66,867.23
860.43,1771287000,864.0,859.92,863.42
861.26,1771287300,862.29,859.13,860.02
862.28,1771287600,865.69,860.95,861.27
862.17,1771287900,863.82,860.5,862.13
861.9,1771288200,863.43,860.71,862.06
860.78,1771288500,863.36,859.09,861.89
862.1,1771288800,864.28,860.11,860.58
859.46,1771289100,862.57,857.84,862.3
863.67,1771289400,865.11,859.01,859.45
867.03,1771289700,867.23,862.34,863.87
865.44,1771290000,867.09,864.41,866.58
865.42,1771290300,867.83,864.43,865.6
868.97,1771290600,869.3,863.67,865.47
869.14,1771290900,870.5,867.56,868.96
866.48,1771291200,869.55,865.02,869.41
869.36,1771291500,869.65,864.43,866.69
874.79,1771291800,875.36,869.11,869.24
871.94,1771292100,875.63,871.94,875.0
867.67,1771292400,872.33,867.44,872.0
865.96,1771292700,870.43,865.96,867.61
865.34,1771293000,866.97,864.05,865.35
866.59,1771293300,867.31,864.32,864.84
869.15,1771293600,870.52,866.34,866.69
868.12,1771293900,871.55,867.01,868.82
869.35,1771294200,869.81,867.83,868.14
869.76,1771294500,871.52,868.93,869.58
866.35,1771294800,870.58,866.35,869.79
865.94,1771295100,870.72,865.51,866.31
868.02,1771295400,869.54,865.38,866.01
871.52,1771295700,872.62,867.61,868.09
871.05,1771296000,872.85,869.16,872.02
870.66,1771296300,871.1,868.03,870.81
869.04,1771296600,871.62,866.89,870.41
865.61,1771296900,869.96,865.42,868.98
866.92,1771297200,868.25,864.79,865.68
871.37,1771297500,871.43,866.55,866.75
870.42,1771297800,874.24,870.37,871.41
866.56,1771298100,870.34,865.94,870.34
864.92,1771298400,866.9,864.05,866.49
864.33,1771298700,866.56,862.94,864.75
864.93,1771299000,868.26,864.42,864.42
859.9,1771299300,864.63,859.71,864.63
858.21,1771299600,861.19,857.92,859.96
857.69,1771299900,859.72,856.8,858.3
852.04,1771300200,858.15,851.61,857.36
851.69,1771300500,852.89,850.94,852.11
851.99,1771300800,852.55,849.88,851.58
851.44,1771301100,854.13,850.59,851.37
850.35,1771301400,852.5,849.01,851.86
853.87,1771301700,855.15,850.51,850.51
855.27,1771302000,855.33,851.79,854.22
849.37,1771302300,855.49,849.32,855.13
846.81,1771302600,850.57,846.6,849.4
843.31,1771302900,847.48,842.48,846.84
845.55,1771303200,845.93,842.82,843.16
846.55,1771303500,846.93,843.88,845.89
846.18,1771303800,848.52,845.52,846.7
845.26,1771304100,846.82,844.03,846.2
843.81,1771304400,846.45,842.9,845.52
844.49,1771304700,845.42,842.72,843.71
840.83,1771305000,845.45,840.83,845.03
845.08,1771305300,845.58,840.25,840.85
843.56,1771305600,845.44,840.91,844.85
843.52,1771305900,844.74,841.69,843.91
843.54,1771306200,845.17,841.37,843.68
850.1,1771306500,850.75,843.51,843.61
852.92,1771306800,854.04,848.99,850.17
852.28,1771307100,853.53,850.08,852.53
849.54,1771307400,852.34,847.95,852.34
851.05,1771307700,851.92,849.47,849.95
852.79,1771308000,853.62,850.16,851.29
854.22,1771308300,854.95,852.14,852.83
855.5,1771308600,857.42,853.39,854.41
860.14,1771308900,860.14,855.66,855.76
864.64,1771309200,864.64,859.76,859.88
861.28,1771309500,866.17,860.78,864.87
864.6,1771309800,864.79,860.59,861.22
862.63,1771310100,864.58,861.43,864.45
862.68,1771310400,866.34,861.92,862.6
861.45,1771310700,862.67,858.93,862.15
858.61,1771311000,862.53,858.28,861.4
862.97,1771311300,862.97,858.55,858.89
867.03,1771311600,868.14,863.01,863.1
867.86,1771311900,868.12,864.73,866.88
867.74,1771312200,869.83,866.58,867.17
863.69,1771312500,868.36,862.92,867.76
865.94,1771312800,866.12,862.76,863.71
865.16,1771313100,866.57,863.9,865.99
859.33,1771313400,865.92,859.02,865.21
857.56,1771313700,860.21,856.87,859.25
861.44,1771314000,861.87,857.69,857.71
862.72,1771314300,863.89,859.99,861.26
863.57,1771314600,863.98,861.26,863.07
858.92,1771314900,864.3,858.75,863.69
855.48,1771315200,859.8,854.66,858.72
857.74,1771315500,858.24,853.67,855.72
856.5,1771315800,859.18,856.5,857.98
857.79,1771316100,860.03,855.04,856.46
857.07,1771316400,859.43,856.32,857.97
863.53,1771316700,863.53,856.31,856.85
869.3,1771317000,869.56,862.6,863.2
866.85,1771317300,871.85,866.58,869.54
866.88,1771317600,868.25,865.93,866.61
867.99,1771317900,869.16,865.83,867.16
866.84,1771318200,870.65,866.73,868.17
867.37,1771318500,867.73,864.81,866.91
867.89,1771318800,869.67,866.81,867.23
869.42,1771319100,869.45,866.19,868.39
869.01,1771319400,871.04,868.8,869.24
870.81,1771319700,871.24,866.17,869.05
870.46,1771320000,871.65,867.27,870.98
872.4,1771320300,873.58,869.88,870.03
870.71,1771320600,873.19,870.3,872.41
874.12,1771320900,876.1,870.15,870.5
873.99,1771321200,875.88,872.61,874.33
874.48,1771321500,877.77,873.66,874.13
876.66,1771321800,877.88,874.37,874.41
878.75,1771322100,880.4,874.49,876.57
876.12,1771322400,880.55,876.12,878.87
875.95,1771322700,877.06,874.38,875.97
877.19,1771323000,878.68,875.45,876.18
876.62,1771323300,878.27,876.06,877.34
875.52,1771323600,877.39,872.65,876.32
878.73,1771323900,879.52,875.23,875.78
873.73,1771324200,878.97,873.54,878.47
872.87,1771324500,874.31,871.83,873.86
872.51,1771324800,873.01,870.07,873.01
873.0,1771325100,873.77,871.52,872.57
875.67,1771325400,876.47,870.64,873.09
875.62,1771325700,877.51,874.6,876.02
872.55,1771326000,875.69,871.3,875.23
871.19,1771326300,875.1,871.1,872.49
870.7,1771326600,872.81,869.78,871.25
870.59,1771326900,871.56,869.22,871.03
873.03,1771327200,875.22,870.48,870.48
874.68,1771327500,875.63,872.16,873.45
869.8,1771327800,875.28,869.8,875.12
870.32,1771328100,870.86,867.21,869.57
873.18,1771328400,873.18,870.52,870.52
874.4,1771328700,874.4,871.38,872.89
874.59,1771329000,875.5,872.73,874.27
874.57,1771329300,876.22,873.5,874.25
875.32,1771329600,875.58,872.46,874.74
879.18,1771329900,880.04,875.19,875.19
880.35,1771330200,880.36,877.68,879.15
883.73,1771330500,883.85,878.59,880.3
888.32,1771330800,888.32,882.1,883.71
884.27,1771331100,890.24,884.2,888.28
886.02,1771331400,887.38,883.56,884.38
885.72,1771331700,888.12,885.6,886.14
890.14,1771332000,890.54,885.45,885.45
888.98,1771332300,890.14,886.61,889.9
893.05,1771332600,893.05,886.94,888.64
893.43,1771332900,894.19,891.71,893.22
891.53,1771333200,894.82,890.57,893.51
891.14,1771333500,893.58,890.58,891.26
889.3,1771333800,892.7,889.15,891.06
889.31,1771334100,890.28,887.38,889.2
890.88,1771334400,891.51,889.21,889.32
888.39,1771334700,890.92,887.0,890.88
887.86,1771335000,888.9,886.12,888.3
890.1,1771335300,890.71,886.56,887.57
887.66,1771335600,890.32,887.47,890.05
890.89,1771335900,891.47,887.49,887.84
889.65,1771336200,891.16,888.43,890.63
892.64,1771336500,893.65,888.32,889.39
893.9,1771336800,895.14,890.2,892.49
892.32,1771337100,893.76,890.22,893.68
887.32,1771337400,894.12,887.12,892.39
885.78,1771337700,887.56,884.15,887.33
885.92,1771338000,888.6,884.54,885.95
885.08,1771338300,887.28,882.57,886.23
884.9,1771338600,886.06,881.78,884.95
883.11,1771338900,885.04,881.79,884.83
882.36,1771339200,883.74,881.46,883.41
885.65,1771339500,886.01,882.24,882.41
878.63,1771339800,885.77,878.58,885.77
881.98,1771340100,882.19,878.71,878.81
878.33,1771340400,881.9,876.8,881.9
877.6,1771340700,879.29,876.68,878.54
873.46,1771341000,878.39,872.55,877.85
873.61,1771341300,874.32,868.07,873.4
876.99,1771341600,879.43,872.93,873.63
872.32,1771341900,877.48,872.01,876.88
874.2,1771342200,874.67,870.67,872.46
874.52,1771342500,875.43,873.01,874.24
873.6,1771342800,876.46,872.61,874.88
870.3,1771343100,874.06,869.74,873.47
866.79,1771343400,870.57,866.79,870.04
870.62,1771343700,870.66,865.54,867.23
871.57,1771344000,873.38,869.97,870.54
866.97,1771344300,871.9,866.97,871.9
863.82,1771344600,868.01,863.33,867.12
862.46,1771344900,865.45,862.02,863.93
864.37,1771345200,866.43,862.38,862.38
865.7,1771345500,868.08,864.11,864.48
867.51,1771345800,868.08,865.13,865.47
864.95,1771346100,867.98,864.8,867.07
866.26,1771346400,866.39,863.08,864.64
866.03,1771346700,868.8,865.79,866.2
867.48,1771347000,869.16,866.04,866.04
869.61,1771347300,871.21,866.88,867.5
869.38,1771347600,870.95,867.67,869.99
867.45,1771347900,870.75,866.19,869.32
868.86,1771348200,869.44,865.83,867.06
867.5,1771348500,870.22,866.49,868.88
865.0,1771348800,867.25,863.81,867.02
866.62,1771349100,867.19,864.01,865.09
868.5,1771349400,868.78,865.38,866.5
863.9,1771349700,869.33,863.33,868.45
860.74,1771350000,863.96,859.78,863.96
863.64,1771350300,864.63,859.49,860.66
861.86,1771350600,864.07,858.92,863.65
864.95,1771350900,864.96,861.48,861.91
863.79,1771351200,866.43,862.1,865.0
865.4,1771351500,865.84,863.11,863.52
866.13,1771351800,867.32,864.16,865.7
866.59,1771352100,868.69,864.3,866.26
872.68,1771352400,873.12,866.87,866.87
872.98,1771352700,874.17,870.98,872.61
875.31,1771353000,875.61,871.36,873.04
880.89,1771353300,880.89,875.26,875.64
879.8,1771353600,882.68,878.61,880.48
881.19,1771353900,881.71,878.77,879.85
876.32,1771354200,882.56,876.0,881.41
878.26,1771354500,880.22,876.02,876.34
870.83,1771354800,878.28,870.24,878.05
871.81,1771355100,873.8,870.4,871.07
879.73,1771355400,879.91,871.71,871.71
880.88,1771355700,881.16,876.33,879.6
880.89,1771356000,882.27,879.21,881.13
878.61,1771356300,881.15,876.76,880.92
883.12,1771356600,883.38,878.3,878.67
888.36,1771356900,888.57,882.7,882.77
888.12,1771357200,888.65,884.78,888.37
885.59,1771357500,888.81,885.58,888.14
884.46,1771357800,887.36,883.6,885.75
883.37,1771358100,884.93,882.59,884.69
881.02,1771358400,884.47,880.45,883.61
879.45,1771358700,881.95,879.0,881.33
877.27,1771359000,880.62,876.22,879.57
877.29,1771359300,879.32,874.79,876.98
875.47,1771359600,877.4,874.29,877.27
876.14,1771359900,876.7,874.15,875.24
875.67,1771360200,877.22,873.41,876.03
872.18,1771360500,875.84,871.91,875.74
868.97,1771360800,872.2,868.31,872.2
872.64,1771361100,873.78,869.63,869.63
872.34,1771361400,875.64,872.18,872.5
871.73,1771361700,874.72,871.14,872.2
872.59,1771362000,873.57,871.27,872.4
871.93,1771362300,872.46,869.83,872.4
873.33,1771362600,874.62,870.4,871.91
873.15,1771362900,874.68,871.03,873.4
876.36,1771363200,876.36,872.61,873.47
876.52,1771363500,881.87,876.33,876.37
876.96,1771363800,876.96,872.6,876.55
882.44,1771364100,882.6,877.0,877.0
885.71,1771364400,886.11,882.01,882.37
882.0,1771364700,885.86,879.57,885.4
883.25,1771365000,884.58,881.13,881.73
878.84,1771365300,883.52,878.55,883.52
880.86,1771365600,882.17,877.65,878.77
878.53,1771365900,881.82,877.27,880.87
880.65,1771366200,880.95,877.9,878.51
878.52,1771366500,881.06,877.54,880.94
879.26,1771366800,880.28,877.8,878.84
884.66,1771367100,885.49,877.85,879.32
882.46,1771367400,886.55,882.46,884.54
878.55,1771367700,882.57,878.27,882.5
884.32,1771368000,884.32,878.79,878.79
882.9,1771368300,886.17,882.31,884.25
882.52,1771368600,885.39,881.58,882.85
880.89,1771368900,883.18,879.64,882.36
882.19,1771369200,883.15,879.54,880.61
881.41,1771369500,883.98,881.16,882.24
874.88,1771369800,881.19,874.62,881.19
869.78,1771370100,874.78,869.66,874.78
865.2,1771370400,869.87,864.33,869.68
863.63,1771370700,866.59,862.81,865.39
861.97,1771371000,863.98,861.27,863.98
863.81,1771371300,863.92,859.91,862.17
863.8,1771371600,864.33,861.19,863.61
861.25,1771371900,864.92,861.08,863.9
859.89,1771372200,862.17,859.54,861.53
862.24,1771372500,863.17,858.76,859.77
870.97,1771372800,871.03,861.85,861.94
872.55,1771373100,873.34,870.57,870.96
871.58,1771373400,873.3,869.58,872.55
869.87,1771373700,872.19,868.74,871.7
871.55,1771374000,872.94,868.58,869.78
868.69,1771374300,871.92,868.69,871.75
868.21,1771374600,869.35,867.16,868.83
867.44,1771374900,868.95,866.14,868.0
865.7,1771375200,869.45,865.7,867.04
862.41,1771375500,865.56,862.41,865.35
862.68,1771375800,864.21,862.09,862.22
861.75,1771376100,864.01,861.75,862.37
862.24,1771376400,862.88,860.68,861.88
863.15,1771376700,863.46,859.26,861.87
861.15,1771377000,863.29,860.2,863.26
859.67,1771377300,862.43,858.24,861.21
857.2,1771377600,860.57,856.82,859.45
858.15,1771377900,858.15,854.95,857.39
857.48,1771378200,858.96,855.42,858.24
853.82,1771378500,857.39,853.03,857.27
848.11,1771378800,853.84,848.11,853.84
847.99,1771379100,850.11,845.59,848.4
849.46,1771379400,850.1,846.51,848.04
849.1,1771379700,850.53,847.27,849.7
848.84,1771380000,851.3,848.08,849.49
848.29,1771380300,849.6,846.92,848.95
846.16,1771380600,847.83,844.8,847.76
844.65,1771380900,846.41,843.47,846.19
843.73,1771381200,846.31,843.37,844.88
843.6,1771381500,845.35,843.09,843.72
844.54,1771381800,844.54,840.42,843.28
845.59,1771382100,846.62,844.29,844.72
849.14,1771382400,849.46,844.65,845.64
851.34,1771382700,852.09,848.84,849.24
847.75,1771383000,851.71,847.1,851.49
853.17,1771383300,853.54,847.81,848.25
847.33,1771383600,854.45,847.28,853.19
849.09,1771383900,850.89,847.12,847.73
844.34,1771384200,849.89,844.34,849.36
840.18,1771384500,844.54,840.09,844.23
840.67,1771384800,840.67,838.33,839.91
842.05,1771385100,844.09,840.45,840.45
838.29,1771385400,842.42,837.63,842.04
838.04,1771385700,840.54,837.52,838.18
836.08,1771386000,838.83,834.96,837.52
839.56,1771386300,839.71,836.17,836.17
834.86,1771386600,839.86,834.68,839.8
838.54,1771386900,838.86,834.85,834.85
837.02,1771387200,840.57,834.11,838.61
837.82,1771387500,839.6,836.89,836.97
832.55,1771387800,837.81,832.37,837.48
830.77,1771388100,832.79,830.64,832.43
831.48,1771388400,832.85,829.12,830.66
827.72,1771388700,831.73,827.13,831.71
829.64,1771389000,830.15,827.24,827.49
826.92,1771389300,829.45,826.21,829.4
821.65,1771389600,827.66,821.65,826.85
820.27,1771389900,824.02,820.07,821.91
820.43,1771390200,821.42,819.43,820.71
822.05,1771390500,824.71,819.93,820.4
823.57,1771390800,823.64,821.52,821.93
819.13,1771391100,824.53,818.88,823.67
819.43,1771391400,819.98,816.76,819.17
819.0,1771391700,819.49,816.66,819.38
819.29,1771392000,820.79,818.49,819.14
817.0,1771392300,819.78,816.73,819.32
818.47,1771392600,818.7,815.55,816.62
813.37,1771392900,818.46,812.77,818.46
814.77,1771393200,815.85,811.56,813.44
813.14,1771393500,815.75,813.0,814.31
813.71,1771393800,814.32,811.94,813.26
816.51,1771394100,816.7,812.46,813.87
812.58,1771394400,816.19,812.22,816.19
815.41,1771394700,816.18,812.19,812.47
813.92,1771395000,815.41,812.54,815.18
816.31,1771395300,816.31,811.11,813.82
814.99,1771395600,816.67,814.99,816.09
821.63,1771395900,822.64,814.55,815.15
820.61,1771396200,822.4,819.95,821.59
820.73,1771396500,821.75,819.29,820.75
820.97,1771396800,823.43,819.97,820.64
818.24,1771397100,821.68,816.79,820.97
821.92,1771397400,822.59,818.48,818.48
822.7,1771397700,823.28,821.1,821.78
823.33,1771398000,825.43,821.7,822.7
825.23,1771398300,825.23,821.85,823.41
826.43,1771398600,826.73,823.75,825.13
828.8,1771398900,830.2,825.7,826.42
833.28,1771399200,834.13,828.76,829.16
832.9,1771399500,833.86,831.46,833.12
834.56,1771399800,835.1,832.2,832.96
835.3,1771400100,838.15,834.6,834.6
836.09,1771400400,837.06,834.57,835.21
834.69,1771400700,836.95,832.79,836.47
829.51,1771401000,835.98,829.51,834.75
826.13,1771401300,829.12,825.34,829.12
826.89,1771401600,828.0,826.15,826.15
823.92,1771401900,826.91,823.74,826.91
816.99,1771402200,823.8,816.7,823.7
817.19,1771402500,819.75,817.0,817.14
817.52,1771402800,818.71,816.84,817.17
819.96,1771403100,821.02,816.63,817.37
818.93,1771403400,821.05,818.47,819.63
822.72,1771403700,823.26,818.36,818.67
823.99,1771404000,824.18,821.79,822.82
818.88,1771404300,824.35,818.77,824.17
821.2,1771404600,821.63,818.5,818.81
823.48,1771404900,824.74,820.59,821.43
821.21,1771405200,823.62,820.65,823.55
824.28,1771405500,824.34,820.52,821.12
823.49,1771405800,824.36,822.02,824.15
823.44,1771406100,823.76,819.68,823.53
821.97,1771406400,823.9,819.63,823.44
824.15,1771406700,824.65,821.16,821.88
824.81,1771407000,826.75,823.51,823.71
826.66,1771407300,830.13,824.87,825.01
830.03,1771407600,830.94,826.37,826.53
830.27,1771407900,830.53,827.45,829.72
828.45,1771408200,832.5,828.45,830.33
831.22,1771408500,831.39,826.13,828.34
827.11,1771408800,831.77,827.11,831.24
831.36,1771409100,831.98,827.02,827.14
825.75,1771409400,831.94,825.75,831.67
828.66,1771409700,829.29,825.59,825.74
825.35,1771410000,829.42,825.01,828.52
822.84,1771410300,825.95,822.44,825.49
823.89,1771410600,825.07,822.21,822.57
822.68,1771410900,825.07,821.69,823.94
822.56,1771411200,823.73,821.24,822.74
820.94,1771411500,822.97,820.67,822.38
821.18,1771411800,821.64,818.73,821.03
820.75,1771412100,823.42,820.14,821.03
818.53,1771412400,820.88,816.85,820.73
817.42,1771412700,819.84,816.97,818.47
816.76,1771413000,817.5,814.88,817.5
816.92,1771413300,817.32,815.33,816.45
815.88,1771413600,819.73,815.43,817.34
814.83,1771413900,817.91,814.68,815.96
814.98,1771414200,816.47,813.61,814.97
815.45,1771414500,816.42,814.14,815.06
817.45,1771414800,818.09,814.84,815.41
817.89,1771415100,821.02,817.38,817.38
819.71,1771415400,821.48,816.85,818.15
818.29,1771415700,821.03,818.29,819.64
813.96,1771416000,818.47,813.43,818.27
816.92,1771416300,817.21,813.93,813.93
818.07,1771416600,818.95,815.39,817.17
815.9,1771416900,818.49,815.9,818.09
816.69,1771417200,816.69,814.34,815.5
822.42,1771417500,822.63,815.93,816.6
824.29,1771417800,825.57,821.86,822.57
822.56,1771418100,824.53,821.6,823.94
821.77,1771418400,823.84,820.47,823.07
816.91,1771418700,822.09,816.06,821.85
820.47,1771419000,820.73,815.27,816.6
818.56,1771419300,821.24,818.2,820.65
821.56,1771419600,821.97,817.33,818.43
819.31,1771419900,822.9,817.78,821.33
818.03,1771420200,820.03,816.12,818.8
816.31,1771420500,818.02,815.24,817.71
815.74,1771420800,816.8,814.58,816.13
819.86,1771421100,821.63,815.48,815.54
817.11,1771421400,821.82,817.11,820.13
819.02,1771421700,820.11,816.62,816.7
822.02,1771422000,822.41,818.89,818.92
821.55,1771422300,825.05,821.21,821.9
826.01,1771422600,826.8,821.37,821.37
829.39,1771422900,829.55,825.86,826.44
832.43,1771423200,832.77,829.11,829.59
837.69,1771423500,838.58,831.2,832.5
833.19,1771423800,837.68,833.17,837.63
834.1,1771424100,836.32,831.96,833.53
841.37,1771424400,842.17,833.5,834.0
845.8,1771424700,847.24,840.9,841.6
847.25,1771425000,848.01,844.26,845.57
848.02,1771425300,848.77,845.35,847.42
846.29,1771425600,849.84,845.56,848.36
847.33,1771425900,848.62,846.79,846.81
846.66,1771426200,848.36,845.63,847.24
848.02,1771426500,848.59,844.61,846.56
851.66,1771426800,852.18,848.19,848.39
849.44,1771427100,851.83,848.8,851.65
848.79,1771427400,849.96,847.29,849.5
849.42,1771427700,850.73,847.08,848.86
844.98,1771428000,849.91,844.88,849.11
842.32,1771428300,846.09,842.28,844.63
847.99,1771428600,848.04,841.36,842.1
851.78,1771428900,852.82,848.47,848.65
852.36,1771429200,854.83,851.62,851.62
854.8,1771429500,855.89,852.02,852.26
851.36,1771429800,855.18,850.86,854.75
855.12,1771430100,855.46,850.69,851.37
858.26,1771430400,859.5,855.01,855.46
856.67,1771430700,858.71,856.06,858.18
859.99,1771431000,860.09,855.75,856.95
860.07,1771431300,863.5,859.69,859.78
861.62,1771431600,862.17,858.03,859.9
865.3,1771431900,866.35,860.24,861.66
867.49,1771432200,867.8,864.26,865.81
870.1,1771432500,870.73,866.79,867.29
872.21,1771432800,874.32,870.21,870.22
876.23,1771433100,878.08,872.13,872.3
880.23,1771433400,880.44,875.24,876.37
878.31,1771433700,881.61,877.69,880.73
878.46,1771434000,881.45,877.15,877.99
882.05,1771434300,883.22,877.29,878.48
884.17,1771434600,885.17,881.58,881.74
885.4,1771434900,887.27,883.5,884.49
884.13,1771435200,887.44,884.13,885.4
888.01,1771435500,888.28,884.11,884.11
886.14,1771435800,889.18,885.87,887.7
889.92,1771436100,891.66,886.07,886.13
892.15,1771436400,892.36,888.84,889.86
892.91,1771436700,893.4,891.09,892.19
887.55,1771437000,893.07,887.55,892.82
884.73,1771437300,888.45,884.55,887.77
881.89,1771437600,885.26,880.82,884.78
877.76,1771437900,882.12,877.71,882.12
877.6,1771438200,879.67,876.72,877.72
871.93,1771438500,877.85,871.51,877.12
874.95,1771438800,875.92,871.83,871.95
875.43,1771439100,875.85,872.57,875.03
879.36,1771439400,879.61,874.37,875.41
879.65,1771439700,879.65,877.12,879.58
878.09,1771440000,881.15,877.96,879.66
879.75,1771440300,881.11,877.3,878.24
880.72,1771440600,880.99,878.21,879.82
880.29,1771440900,880.97,878.33,880.76
880.66,1771441200,881.9,879.4,880.42
878.11,1771441500,881.49,877.52,880.93
878.59,1771441800,879.28,875.21,878.47
883.53,1771442100,884.21,878.06,878.65
883.25,1771442400,886.58,882.79,883.5
878.76,1771442700,885.29,877.71,883.25
882.43,1771443000,882.94,878.56,878.75
885.16,1771443300,885.25,882.41,882.43
889.91,1771443600,890.19,885.21,885.25
887.08,1771443900,889.6,886.66,889.6
883.64,1771444200,887.69,883.03,886.93
882.92,1771444500,884.14,880.66,883.64
878.39,1771444800,883.16,875.81,882.78
880.08,1771445100,880.84,877.9,878.8
876.26,1771445400,880.0,875.57,880.0
873.47,1771445700,876.99,873.19,876.06
876.04,1771446000,876.04,871.73,873.52
874.89,1771446300,876.16,873.56,876.16
872.89,1771446600,876.15,871.5,874.9
872.71,1771446900,873.54,869.68,872.64
873.93,1771447200,874.07,871.59,872.69
875.05,1771447500,875.58,872.44,873.91
874.72,1771447800,875.42,872.14,874.91
880.54,1771448100,880.81,873.56,875.12
879.14,1771448400,882.06,877.47,880.6
876.13,1771448700,879.05,874.45,879.05
878.63,1771449000,879.57,875.48,876.01
877.13,1771449300,878.65,874.87,878.65
882.45,1771449600,883.6,876.95,876.95
879.8,1771449900,883.69,879.27,882.26
875.06,1771450200,880.14,873.93,879.8
883.38,1771450500,883.71,873.5,875.12
883.78,1771450800,885.28,880.66,883.45
879.67,1771451100,884.88,879.47,884.1
879.49,1771451400,881.03,878.47,879.56
876.13,1771451700,879.14,874.72,879.14
878.34,1771452000,879.25,876.05,876.05
879.19,1771452300,881.11,878.25,878.54
875.15,1771452600,879.98,873.92,878.83
871.8,1771452900,875.68,871.8,874.75
872.81,1771453200,874.13,870.61,871.73
875.54,1771453500,876.62,872.39,873.09
876.19,1771453800,877.31,874.55,875.59
881.29,1771454100,881.59,876.0,876.06
877.69,1771454400,882.11,877.23,881.53
874.79,1771454700,878.37,874.79,877.34
872.76,1771455000,876.3,872.56,874.92
869.32,1771455300,872.91,869.32,872.38
873.83,1771455600,874.0,868.95,869.39
873.67,1771455900,876.17,873.24,873.97
869.8,1771456200,875.06,869.76,873.8
866.35,1771456500,871.38,866.18,869.73
865.87,1771456800,868.24,865.83,866.04
870.05,1771457100,870.32,864.88,865.48
871.19,1771457400,872.2,869.6,870.06
869.19,1771457700,871.03,868.02,871.03
868.91,1771458000,869.9,865.92,868.95
866.51,1771458300,869.39,864.59,868.93
865.9,1771458600,867.23,863.26,866.66
863.58,1771458900,865.65,862.2,865.65
860.11,1771459200,865.13,859.33,863.68
858.72,1771459500,860.99,858.67,859.96
858.76,1771459800,862.06,857.84,859.03
857.58,1771460100,859.82,855.53,858.69
859.13,1771460400,859.36,855.28,857.54
861.91,1771460700,862.91,859.24,859.24
863.35,1771461000,865.2,861.51,862.26
860.7,1771461300,863.9,860.05,862.87
859.44,1771461600,860.71,857.11,860.71
857.38,1771461900,860.56,857.07,859.17
853.54,1771462200,858.27,853.54,857.43
849.72,1771462500,854.35,848.5,853.86
852.65,1771462800,852.65,848.82,849.53
848.06,1771463100,852.46,847.27,852.43
848.05,1771463400,848.7,846.55,847.88
852.36,1771463700,852.36,847.75,847.79
852.86,1771464000,854.36,851.86,852.19
855.68,1771464300,856.81,852.29,852.71
852.22,1771464600,856.24,851.24,855.57
846.98,1771464900,852.75,846.94,852.57
845.41,1771465200,848.0,844.23,846.95
847.62,1771465500,847.97,844.7,845.31
852.62,1771465800,852.62,847.29,847.29
852.82,1771466100,856.13,852.26,852.86
855.45,1771466400,855.96,852.94,852.94
854.77,1771466700,856.39,853.26,855.31
853.53,1771467000,855.87,852.96,855.05
849.83,1771467300,852.93,848.62,852.93
846.86,1771467600,850.05,844.62,849.86
849.08,1771467900,850.54,845.61,846.99
846.47,1771468200,850.15,845.85,849.08
847.86,1771468500,848.05,844.41,846.81
847.05,1771468800,847.83,843.83,847.83
848.01,1771469100,848.01,845.21,846.99
853.47,1771469400,853.82,847.78,848.29
852.71,1771469700,854.74,852.35,853.75
853.4,1771470000,853.92,851.34,852.55
854.99,1771470300,855.99,852.25,853.42
853.05,1771470600,855.56,852.66,854.62
849.23,1771470900,853.52,848.55,852.75
847.25,1771471200,849.47,846.23,849.3
852.35,1771471500,852.45,847.06,847.06
850.47,1771471800,854.23,850.14,851.96
852.16,1771472100,852.72,849.21,850.69
852.55,1771472400,853.84,850.77,851.92
851.8,1771472700,855.14,851.2,852.39
850.09,1771473000,853.37,849.77,851.82
847.66,1771473300,850.42,845.71,849.96
846.21,1771473600,848.57,844.41,847.38
849.48,1771473900,849.63,845.18,846.24
851.57,1771474200,853.6,849.45,849.69
856.72,1771474500,856.95,851.3,851.3
856.29,1771474800,856.58,854.22,856.33
857.18,1771475100,858.0,854.8,856.32
861.76,1771475400,861.76,856.86,857.31
861.01,1771475700,862.02,860.49,861.44
862.11,1771476000,862.26,859.34,860.95
860.58,1771476300,863.22,859.77,862.26
863.03,1771476600,863.21,859.52,860.64
862.79,1771476900,864.76,861.29,863.08
865.8,1771477200,867.27,861.98,862.51
867.09,1771477500,867.82,862.81,865.61
872.07,1771477800,872.27,867.37,867.37
868.24,1771478100,873.13,867.49,871.93
864.21,1771478400,867.93,861.99,867.93
862.79,1771478700,865.86,861.73,864.12
865.33,1771479000,865.74,861.48,862.69
864.83,1771479300,865.34,862.83,864.98
863.46,1771479600,866.32,863.21,865.24
864.52,1771479900,867.16,863.09,863.66
862.0,1771480200,865.96,861.96,864.5
862.58,1771480500,864.62,859.26,861.91
862.67,1771480800,863.89,861.52,862.17
860.83,1771481100,862.8,859.3,862.67
861.02,1771481400,862.64,859.47,860.97
858.07,1771481700,862.05,856.96,861.02
854.12,1771482000,857.92,853.44,857.92
853.02,1771482300,855.29,852.42,853.91
849.57,1771482600,852.87,849.56,852.78
847.47,1771482900,850.36,846.89,849.79
846.5,1771483200,849.09,845.73,847.82
849.99,1771483500,851.55,845.29,846.61
851.79,1771483800,852.4,848.82,849.92
851.4,1771484100,853.73,850.24,851.83
849.71,1771484400,851.07,848.1,851.07
845.17,1771484700,850.21,844.57,849.67
845.25,1771485000,846.49,843.8,844.85
840.46,1771485300,845.7,840.34,845.31
837.26,1771485600,841.13,836.56,840.43
835.3,1771485900,837.83,834.23,837.25
837.91,1771486200,838.23,835.45,835.45
837.03,1771486500,839.39,835.82,837.91
835.35,1771486800,837.32,834.56,836.5
837.41,1771487100,838.01,834.1,835.35
832.54,1771487400,837.47,832.27,837.47
835.65,1771487700,835.79,832.13,832.27
834.95,1771488000,836.44,834.39,835.7
838.73,1771488300,838.81,834.34,834.86
841.63,1771488600,841.73,838.01,838.95
841.86,1771488900,842.09,839.75,841.43
845.56,1771489200,846.02,839.17,841.73
843.45,1771489500,845.61,841.02,845.61
844.84,1771489800,844.84,842.18,843.56
848.1,1771490100,849.31,843.55,844.26
849.27,1771490400,850.25,846.69,848.34
851.48,1771490700,851.48,848.75,849.32
852.67,1771491000,853.13,850.57,851.38
853.23,1771491300,853.8,851.89,852.93
855.02,1771491600,855.19,851.71,853.25
851.64,1771491900,855.5,851.41,855.28
853.54,1771492200,853.89,851.36,851.59
853.34,1771492500,854.3,851.68,853.41
852.32,1771492800,854.87,851.51,853.56
849.9,1771493100,852.62,848.84,852.4
849.55,1771493400,850.84,848.58,850.06
849.09,1771493700,851.03,847.34,849.43
849.92,1771494000,852.04,848.12,849.07
849.51,1771494300,851.08,847.37,849.86
847.7,1771494600,849.47,845.65,849.47
845.61,1771494900,849.57,845.18,847.9
839.47,1771495200,845.65,839.41,845.62
840.06,1771495500,840.96,837.57,839.9
840.38,1771495800,841.82,839.45,840.15
840.86,1771496100,842.33,838.07,840.35
839.01,1771496400,844.99,839.01,841.13
834.12,1771496700,838.63,833.6,838.63
834.44,1771497000,835.43,832.72,834.02
833.41,1771497300,835.97,832.62,834.48
830.1,1771497600,833.4,829.36,833.12
832.27,1771497900,834.13,830.19,830.19
829.6,1771498200,832.54,829.43,832.38
827.78,1771498500,831.14,827.29,829.53
831.46,1771498800,831.46,826.83,828.01
833.65,1771499100,834.26,830.91,831.29
831.93,1771499400,833.64,829.38,833.51
835.43,1771499700,835.44,831.48,831.85
832.13,1771500000,836.63,831.24,835.55
833.68,1771500300,833.81,831.81,831.94
831.63,1771500600,835.72,829.75,833.76
833.58,1771500900,833.93,830.87,832.19
831.65,1771501200,835.32,831.31,833.5
831.93,1771501500,833.34,830.22,831.83
837.97,1771501800,838.38,832.09,832.09
838.62,1771502100,840.47,836.38,838.23
840.45,1771502400,841.32,838.52,838.52
838.31,1771502700,840.88,838.14,840.68
842.65,1771503000,843.02,837.93,838.19
839.74,1771503300,843.31,839.04,843.12
838.59,1771503600,840.47,835.88,839.68
834.68,1771503900,839.17,833.43,838.37
833.02,1771504200,836.17,833.02,834.86
826.54,1771504500,833.24,826.54,833.17
827.03,1771504800,828.09,825.96,826.97
825.17,1771505100,827.8,825.0,826.73
826.36,1771505400,827.35,823.77,825.51
823.13,1771505700,827.67,823.05,826.71
825.71,1771506000,827.24,822.64,823.32
825.15,1771506300,828.13,824.17,825.86
825.37,1771506600,826.66,824.16,825.43
824.4,1771506900,828.09,823.6,825.53
824.78,1771507200,826.11,823.4,824.59
823.91,1771507500,824.34,822.09,824.21
824.65,1771507800,825.05,822.75,823.84
830.71,1771508100,831.46,824.28,824.44
832.05,1771508400,833.88,829.48,830.6
828.15,1771508700,832.28,827.77,831.92
828.16,1771509000,828.66,825.48,827.76
824.62,1771509300,828.61,824.36,828.05
831.95,1771509600,832.01,824.56,824.57
833.23,1771509900,833.66,830.9,831.99
834.56,1771510200,834.74,832.17,833.33
839.5,1771510500,839.58,834.67,834.69
837.45,1771510800,839.62,837.07,839.46
837.8,1771511100,840.72,837.51,837.56
834.6,1771511400,837.72,833.82,837.72
833.75,1771511700,834.62,831.65,834.19
833.04,1771512000,836.16,832.82,834.06
831.85,1771512300,833.18,831.19,832.91
831.1,1771512600,832.11,829.22,831.51
833.16,1771512900,833.31,829.58,831.22
830.02,1771513200,833.07,829.72,833.07
829.41,1771513500,830.46,826.07,830.09
828.2,1771513800,830.07,827.34,829.52
828.62,1771514100,829.16,825.74,828.09
826.14,1771514400,829.23,825.36,828.64
825.19,1771514700,829.11,825.11,826.15
827.56,1771515000,828.9,824.64,825.38
826.75,1771515300,828.3,825.84,827.52
828.21,1771515600,828.87,826.04,826.92
832.04,1771515900,834.11,828.14,828.19
829.19,1771516200,831.88,828.94,831.88
827.7,1771516500,829.93,826.07,829.28
827.28,1771516800,828.92,825.25,827.42
829.89,1771517100,831.17,827.17,827.33
826.1,1771517400,830.46,826.1,829.83
828.01,1771517700,829.08,825.51,825.89
828.27,1771518000,828.93,827.16,828.15
828.02,1771518300,829.4,827.31,828.62
829.21,1771518600,830.29,827.27,827.65
830.98,1771518900,832.64,829.19,829.49
827.37,1771519200,831.05,826.41,830.87
828.98,1771519500,829.26,826.13,827.42
833.84,1771519800,834.1,828.36,828.91
836.26,1771520100,837.09,833.0,833.44
834.53,1771520400,837.13,832.48,836.23
837.05,1771520700,837.71,834.11,834.42
840.75,1771521000,841.22,835.57,836.86
836.86,1771521300,840.75,836.57,840.75
833.24,1771521600,836.56,832.6,836.45
834.03,1771521900,836.0,833.25,833.44
831.11,1771522200,835.38,830.13,834.01
833.35,1771522500,833.84,829.57,831.35
833.24,1771522800,834.22,832.21,833.57
837.72,1771523100,838.04,832.75,833.31
843.2,1771523400,843.2,837.89,838.04
841.27,1771523700,846.46,840.09,843.54
841.93,1771524000,842.48,838.73,841.32
843.13,1771524300,843.53,840.6,842.04
842.53,1771524600,846.44,842.53,842.99
844.08,1771524900,844.57,840.96,842.39
840.41,1771525200,844.33,840.17,844.23
839.6,1771525500,841.39,838.3,840.48
842.11,1771525800,843.52,838.85,839.63
845.02,1771526100,846.06,841.33,841.83
844.12,1771526400,845.5,842.2,845.07
844.29,1771526700,846.74,843.39,843.95
841.59,1771527000,845.12,840.75,844.11
846.75,1771527300,847.08,840.89,841.69
844.22,1771527600,847.67,843.63,846.69
844.31,1771527900,845.13,842.18,843.66
844.7,1771528200,844.97,842.79,844.02
843.32,1771528500,847.59,842.38,844.5
846.6,1771528800,847.19,843.27,843.36
845.9,1771529100,848.63,845.42,846.44
848.35,1771529400,851.04,845.32,845.77
850.48,1771529700,850.48,846.87,848.47
843.76,1771530000,851.2,843.76,850.18
846.32,1771530300,846.32,842.07,843.88
847.98,1771530600,847.98,843.92,846.23
849.14,1771530900,850.02,846.69,848.0
851.09,1771531200,851.98,847.49,849.12
851.68,1771531500,852.34,848.62,851.3
854.41,1771531800,855.42,850.63,851.76
854.5,1771532100,854.57,852.61,854.1
850.8,1771532400,855.29,850.8,854.5
856.33,1771532700,857.36,850.51,850.97
853.12,1771533000,859.34,852.78,856.67
852.02,1771533300,854.64,849.89,852.92
850.01,1771533600,852.32,847.64,851.54
852.18,1771533900,852.63,849.67,850.05
852.51,1771534200,854.91,850.74,852.67
853.61,1771534500,855.06,851.5,852.78
856.46,1771534800,856.55,852.44,853.79
854.85,1771535100,857.87,854.56,856.25
855.19,1771535400,855.76,852.71,854.75
852.49,1771535700,856.46,851.84,855.09
850.51,1771536000,854.62,850.35,852.62
847.99,1771536300,850.28,846.39,850.28
846.97,1771536600,848.95,844.26,848.0
846.56,1771536900,848.68,845.09,847.26
848.21,1771537200,850.42,846.31,846.56
850.31,1771537500,850.84,847.76,848.27
849.93,1771537800,851.22,849.54,850.35
849.46,1771538100,850.78,848.22,849.67
849.4,1771538400,853.36,848.88,849.63
847.82,1771538700,849.58,846.67,849.43
849.6,1771539000,850.83,847.69,848.26
849.12,1771539300,851.79,848.5,849.38
854.52,1771539600,855.08,849.11,849.17
856.7,1771539900,858.16,853.54,854.79
860.51,1771540200,860.97,855.91,856.9
859.2,1771540500,860.34,856.67,860.34
854.53,1771540800,859.38,854.53,859.17
855.38,1771541100,857.03,854.85,854.85
853.24,1771541400,857.01,852.4,855.52
851.8,1771541700,853.46,850.97,853.18
853.24,1771542000,854.22,852.05,852.1
855.2,1771542300,856.26,852.78,852.78
854.03,1771542600,857.5,853.35,855.22
853.21,1771542900,855.36,852.75,854.09
846.61,1771543200,853.29,846.61,853.29
849.27,1771543500,850.02,846.78,846.82
853.51,1771543800,853.88,848.55,849.24
851.7,1771544100,853.52,850.3,853.31
853.47,1771544400,853.99,850.67,851.86
856.54,1771544700,856.63,852.69,853.94
856.64,1771545000,857.49,854.25,856.7
854.18,1771545300,856.85,852.0,856.69
853.56,1771545600,854.51,852.6,854.14
859.47,1771545900,859.79,853.45,853.45
862.69,1771546200,863.55,858.11,859.35
867.01,1771546500,867.04,862.34,862.52
869.11,1771546800,869.85,866.78,866.88
870.01,1771547100,870.2,867.46,869.51
869.92,1771547400,871.67,869.15,869.54
866.77,1771547700,872.48,865.37,870.12
868.45,1771548000,869.72,866.79,866.81
868.2,1771548300,868.83,866.48,868.26
864.72,1771548600,868.66,863.5,867.9
865.0,1771548900,866.89,863.93,864.6
865.69,1771549200,867.06,864.54,865.21
867.32,1771549500,868.48,864.92,865.56
871.22,1771549800,871.56,866.44,867.57
875.38,1771550100,877.26,871.06,871.06
876.2,1771550400,876.7,874.31,874.73
873.3,1771550700,876.49,872.28,876.25
877.93,1771551000,877.93,872.31,873.27
877.92,1771551300,881.36,877.24,878.13
880.33,1771551600,880.74,878.08,878.08
878.85,1771551900,880.12,876.19,880.12
876.81,1771552200,879.49,874.11,878.81
876.35,1771552500,879.72,876.09,876.9
880.43,1771552800,881.39,876.87,876.87
881.4,1771553100,882.59,879.83,880.74
884.95,1771553400,886.14,881.47,881.47
884.42,1771553700,885.52,882.09,885.02
886.33,1771554000,887.54,883.43,884.22
884.36,1771554300,886.99,883.95,886.35
882.42,1771554600,885.71,879.77,884.2
881.67,1771554900,885.2,881.45,882.45
880.7,1771555200,884.62,880.58,881.6
880.25,1771555500,881.44,879.6,880.73
880.23,1771555800,880.63,877.61,880.15
881.0,1771556100,882.11,877.65,879.98
882.82,1771556400,883.16,880.14,880.8
889.16,1771556700,890.14,882.53,882.66
888.75,1771557000,890.12,887.88,888.97
892.66,1771557300,893.28,888.64,889.04
894.01,1771557600,896.61,892.07,892.69
893.92,1771557900,897.4,892.7,894.39
896.81,1771558200,898.05,893.11,893.9
898.18,1771558500,899.32,895.8,896.79
902.76,1771558800,903.01,897.92,897.92
901.75,1771559100,903.55,899.69,902.89
904.4,1771559400,904.4,899.38,901.54
908.0,1771559700,910.04,904.7,904.7
907.96,1771560000,908.17,906.27,908.17
910.61,1771560300,910.61,907.97,908.24
913.57,1771560600,914.71,910.31,910.35
914.03,1771560900,915.08,911.61,913.55
915.1,1771561200,916.44,913.32,913.74
916.04,1771561500,918.46,913.46,914.96
916.79,1771561800,918.34,915.5,916.11
914.48,1771562100,917.04,914.48,916.42
910.04,1771562400,916.8,909.81,914.59
907.67,1771562700,910.63,907.44,909.68
909.31,1771563000,909.31,906.28,907.31
905.94,1771563300,909.17,903.76,908.9
906.53,1771563600,907.65,905.61,906.19
908.36,1771563900,908.93,904.86,907.05
907.45,1771564200,908.82,906.65,908.36
909.13,1771564500,910.26,906.39,907.32
910.08,1771564800,910.76,907.28,909.47
908.14,1771565100,910.57,907.7,910.04
904.95,1771565400,909.59,904.35,907.8
909.77,1771565700,911.45,904.86,904.92
908.25,1771566000,910.23,907.68,909.9
907.13,1771566300,909.02,905.32,908.4
908.84,1771566600,911.82,906.84,907.15
913.73,1771566900,913.73,906.83,908.61
914.67,1771567200,915.89,913.29,913.92
911.37,1771567500,916.06,910.62,914.77
914.57,1771567800,915.19,910.86,911.39
916.97,1771568100,918.0,914.03,914.34
918.14,1771568400,919.12,914.84,917.0
915.59,1771568700,918.05,914.15,918.05
915.8,1771569000,916.69,914.4,915.18
916.55,1771569300,919.76,915.36,916.12
916.59,1771569600,918.27,915.31,916.29
915.85,1771569900,917.85,914.72,916.02
911.46,1771570200,916.73,910.94,916.33
908.83,1771570500,912.68,908.61,911.25
909.04,1771570800,910.24,907.96,908.83
906.33,1771571100,911.13,905.84,909.12
913.07,1771571400,913.12,906.02,906.22
917.01,1771571700,917.01,912.87,913.24
918.96,1771572000,919.69,915.61,916.99
922.42,1771572300,923.12,917.62,918.51
922.02,1771572600,924.77,921.56,922.96
920.11,1771572900,922.34,919.88,922.33
918.18,1771573200,921.27,917.71,919.94
917.17,1771573500,919.85,916.74,918.17
918.52,1771573800,920.35,915.41,917.67
920.98,1771574100,922.79,917.82,918.38
920.41,1771574400,922.51,920.09,921.27
918.29,1771574700,921.03,917.94,920.62
918.46,1771575000,920.59,917.55,918.35
917.86,1771575300,919.18,916.71,918.34
912.72,1771575600,917.69,912.46,917.69
911.41,1771575900,914.48,910.96,913.0
908.56,1771576200,914.25,908.27,911.64
911.43,1771576500,911.54,906.92,908.41
914.09,1771576800,914.53,910.54,911.34
911.49,1771577100,913.91,910.62,913.91
914.62,1771577400,914.62,910.93,911.73
909.23,1771577700,915.63,909.23,915.05
910.87,1771578000,911.58,907.2,908.67
916.54,1771578300,916.9,909.78,911.17
915.37,1771578600,918.91,915.16,917.01
909.79,1771578900,915.19,909.22,914.93
908.58,1771579200,911.4,908.4,909.49
911.3,1771579500,912.23,908.79,908.79
910.04,1771579800,912.71,909.63,911.34
913.68,1771580100,913.95,908.93,909.74
913.09,1771580400,917.31,913.01,913.3
910.77,1771580700,913.74,909.55,913.18
908.36,1771581000,910.79,906.73,910.79
907.13,1771581300,909.4,906.6,908.06
903.85,1771581600,907.66,903.67,907.28
907.17,1771581900,907.17,903.29,903.66
909.5,1771582200,910.9,906.32,907.17
909.9,1771582500,910.7,907.96,909.5
905.92,1771582800,912.22,905.92,909.54
905.34,1771583100,908.8,904.07,905.77
900.55,1771583400,906.05,898.97,905.86
900.36,1771583700,901.28,899.5,900.33
903.3,1771584000,905.58,900.46,900.46
905.23,1771584300,905.84,903.02,903.29
908.8,1771584600,908.94,904.94,904.94
910.44,1771584900,910.89,907.37,908.68
911.0,1771585200,911.94,909.49,910.2
908.95,1771585500,911.62,908.43,910.82
908.01,1771585800,909.03,906.12,909.03
903.4,1771586100,908.87,903.09,908.28
899.17,1771586400,903.12,898.44,903.0
901.81,1771586700,902.3,899.09,899.34
906.98,1771587000,907.72,901.84,901.84
905.69,1771587300,908.22,904.84,906.94
907.14,1771587600,908.84,904.21,905.5
904.79,1771587900,907.95,904.39,907.34
908.17,1771588200,909.88,904.15,904.53
911.18,1771588500,911.73,907.32,907.7
916.27,1771588800,916.74,909.91,911.32
922.14,1771589100,922.4,914.73,915.92
923.71,1771589400,923.71,921.8,922.07
926.31,1771589700,926.41,922.33,923.29
925.15,1771590000,927.0,923.82,926.12
926.84,1771590300,927.46,924.01,924.81
927.24,1771590600,929.13,926.77,927.1
926.71,1771590900,927.12,923.69,927.12
927.03,1771591200,929.0,926.48,926.65
928.13,1771591500,928.17,924.86,927.23
929.49,1771591800,931.19,928.18,928.18
930.73,1771592100,931.26,927.99,929.36
928.77,1771592400,930.63,925.51,930.19
929.25,1771592700,929.84,927.37,928.84
930.32,1771593000,930.62,928.02,929.45
927.63,1771593300,930.11,926.01,930.11
929.2,1771593600,929.94,926.66,927.67
933.25,1771593900,933.67,928.63,929.08
931.19,1771594200,934.37,930.55,933.5
927.38,1771594500,932.78,927.38,931.33
928.58,1771594800,928.9,926.1,927.12
935.99,1771595100,935.99,927.0,928.38
941.82,1771595400,942.51,936.33,936.33
944.59,1771595700,945.7,942.12,942.12
942.0,1771596000,945.52,941.26,944.6
941.69,1771596300,943.98,939.32,942.25
939.77,1771596600,941.59,937.64,941.59
940.01,1771596900,941.04,937.92,939.74
937.53,1771597200,940.56,937.27,940.26
931.65,1771597500,937.72,928.77,937.72
924.77,1771597800,931.82,924.24,931.7
927.26,1771598100,928.24,924.53,924.53
928.7,1771598400,931.01,926.83,926.83
927.55,1771598700,929.84,925.02,928.25
927.26,1771599000,929.03,927.25,927.62
930.49,1771599300,930.64,927.48,927.48
932.31,1771599600,932.82,930.19,930.52
927.46,1771599900,932.57,926.99,932.15
931.22,1771600200,931.22,927.6,927.72
931.5,1771600500,933.04,929.24,931.65
934.89,1771600800,934.95,930.7,931.58
935.36,1771601100,935.55,930.72,934.94
936.76,1771601400,937.84,935.13,935.24
935.55,1771601700,938.71,935.53,936.61
933.35,1771602000,936.44,933.35,935.2
930.29,1771602300,934.32,929.69,933.23
926.13,1771602600,931.71,925.94,930.18
922.97,1771602900,927.63,922.95,926.61
926.33,1771603200,926.78,922.7,922.84
923.73,1771603500,927.4,921.95,926.6
926.78,1771603800,928.52,922.9,923.63
928.23,1771604100,929.37,925.03,927.11
928.13,1771604400,929.14,925.88,928.05
926.76,1771604700,929.0,925.86,927.94
925.73,1771605000,927.73,924.87,927.0
925.36,1771605300,928.1,925.05,925.24
924.6,1771605600,925.77,922.64,925.44
925.74,1771605900,928.09,924.11,924.74
924.08,1771606200,926.69,922.52,925.74
926.22,1771606500,927.37,923.85,924.33
926.41,1771606800,927.1,924.23,926.37
925.83,1771607100,928.97,925.12,926.61
931.44,1771607400,932.42,925.76,926.13
926.8,1771607700,931.63,926.64,931.46
927.9,1771608000,928.59,925.73,926.64
925.94,1771608300,929.84,925.94,928.05
931.58,1771608600,932.42,925.35,925.71
928.72,1771608900,933.2,928.13,931.65
930.85,1771609200,931.68,927.4,929.12
933.59,1771609500,934.77,930.05,930.8
933.75,1771609800,934.95,931.74,933.94
936.17,1771610100,937.14,932.76,933.52
937.09,1771610400,937.32,934.0,935.71
935.25,1771610700,938.57,934.05,937.24
931.52,1771611000,936.76,930.13,935.5
929.49,1771611300,934.74,928.44,931.95
930.88,1771611600,932.5,929.34,929.86
933.52,1771611900,933.52,929.22,930.75
932.84,1771612200,934.77,932.56,933.91
932.56,1771612500,934.89,931.34,932.7
930.52,1771612800,933.17,929.91,932.32
927.68,1771613100,932.43,927.1,930.31
927.59,1771613400,928.53,926.17,927.8
927.24,1771613700,928.88,926.17,927.47
928.18,1771614000,928.7,925.35,927.28
928.94,1771614300,928.96,925.76,928.08
929.53,1771614600,930.92,927.65,928.6
929.21,1771614900,931.05,928.4,929.58
930.16,1771615200,931.71,928.82,929.06
929.66,1771615500,930.76,926.07,930.18
929.32,1771615800,931.95,928.56,929.28
931.52,1771616100,933.95,929.2,929.2
927.3,1771616400,932.32,926.47,931.36
925.84,1771616700,927.72,924.96,927.26
922.26,1771617000,925.51,921.63,925.39
918.11,1771617300,921.99,917.57,921.99
917.49,1771617600,920.6,917.34,918.51
920.6,1771617900,921.04,917.42,917.77
926.8,1771618200,926.83,919.4,920.16
924.6,1771618500,927.55,923.42,926.64
921.93,1771618800,924.29,920.27,924.29
919.16,1771619100,921.85,918.6,921.85
923.76,1771619400,924.18,918.63,919.31
920.85,1771619700,924.65,920.45,923.87
919.26,1771620000,924.3,918.93,920.95
923.07,1771620300,923.53,919.15,919.3
921.04,1771620600,924.7,919.94,923.16
916.85,1771620900,921.74,915.71,920.58
916.37,1771621200,919.95,915.43,917.3
919.46,1771621500,919.46,915.44,916.48
920.6,1771621800,920.6,915.81,919.64
916.95,1771622100,922.63,916.95,920.29
916.55,1771622400,918.35,914.4,917.02
922.18,1771622700,922.72,916.78,916.78
920.25,1771623000,922.63,918.97,922.13
916.65,1771623300,920.3,915.01,920.23
921.16,1771623600,921.55,915.98,916.67
918.94,1771623900,921.8,918.11,920.97
917.35,1771624200,921.64,916.73,918.87
916.85,1771624500,919.46,916.29,917.21
919.41,1771624800,919.47,916.28,916.85
923.3,1771625100,923.74,917.65,919.22
924.78,1771625400,926.84,923.36,923.54
921.98,1771625700,925.11,921.94,924.79
924.12,1771626000,925.2,921.11,922.34
923.1,1771626300,926.09,922.33,924.22
921.24,1771626600,923.69,919.88,923.58
916.25,1771626900,921.8,916.25,921.3
914.04,1771627200,917.56,913.7,916.12
913.16,1771627500,916.0,912.39,913.94
912.99,1771627800,913.68,909.37,913.1
914.06,1771628100,914.62,911.38,913.07
910.43,1771628400,915.91,910.38,914.07
910.93,1771628700,912.94,910.54,910.54
906.34,1771629000,910.7,904.69,910.7
902.92,1771629300,906.77,902.92,906.47
900.83,1771629600,904.64,900.83,903.05
899.59,1771629900,900.64,898.73,900.64
905.42,1771630200,905.43,899.55,899.7
906.52,1771630500,906.94,904.11,905.31
913.86,1771630800,914.46,906.52,906.52
915.5,1771631100,915.5,911.6,914.14
915.15,1771631400,916.47,913.53,915.36
916.45,1771631700,916.63,912.58,915.1
913.13,1771632000,917.74,913.13,916.29
908.89,1771632300,913.17,908.38,913.17
906.47,1771632600,909.06,905.64,908.62
908.64,1771632900,910.7,906.38,906.38
912.49,1771633200,913.5,908.26,908.56
908.94,1771633500,912.78,908.15,912.78
909.78,1771633800,911.1,908.23,909.37
906.13,1771634100,909.56,905.47,909.56
908.71,1771634400,908.99,906.24,906.26
907.17,1771634700,909.96,905.81,908.85
908.22,1771635000,908.96,906.16,907.27
901.15,1771635300,908.78,901.15,908.35
899.75,1771635600,903.32,898.94,901.05
904.4,1771635900,904.66,899.52,900.25
901.73,1771636200,905.28,901.62,904.67
898.88,1771636500,901.84,898.67,901.36
895.3,1771636800,900.3,894.59,898.87
894.4,1771637100,896.79,892.56,895.48
891.64,1771637400,897.32,890.46,894.54
892.8,1771637700,892.9,889.83,891.4
892.87,1771638000,893.45,889.58,892.86
893.92,1771638300,895.22,891.37,892.82
895.94,1771638600,895.94,891.57,893.67
893.65,1771638900,899.18,893.65,896.03
896.74,1771639200,898.29,891.93,893.27
893.56,1771639500,896.78,891.65,896.78
891.8,1771639800,893.63,891.18,893.49
894.45,1771640100,896.74,891.57,891.57
891.25,1771640400,894.68,890.38,894.27
895.45,1771640700,895.74,891.17,891.21
896.0,1771641000,896.44,894.39,895.63
900.08,1771641300,900.48,895.59,895.71
902.97,1771641600,903.79,899.77,899.95
900.21,1771641900,903.35,899.87,902.98
900.14,1771642200,901.59,898.92,900.44
902.26,1771642500,903.04,898.05,900.64
897.45,1771642800,903.56,896.96,902.05
897.32,1771643100,898.65,895.11,897.98
902.32,1771643400,903.15,897.11,897.11
901.49,1771643700,903.74,899.8,902.74
899.96,1771644000,901.55,898.54,901.55
897.91,1771644300,900.41,897.11,900.15
898.88,1771644600,898.88,896.56,898.32
894.59,1771644900,899.14,893.93,899.14
890.75,1771645200,894.65,890.56,894.65
893.03,1771645500,893.94,888.83,890.9
893.69,1771645800,894.09,891.19,892.96
891.88,1771646100,894.96,891.5,893.85
889.34,1771646400,891.64,886.9,891.62
885.62,1771646700,890.1,884.72,889.29
890.74,1771647000,890.74,885.48,885.48
891.89,1771647300,895.26,890.0,890.92
892.44,1771647600,894.59,889.52,892.17
893.77,1771647900,894.4,891.48,892.43
896.26,1771648200,897.65,893.58,893.86
896.33,1771648500,896.91,893.7,895.87
892.83,1771648800,896.38,890.98,896.19
891.96,1771649100,894.29,888.7,892.66
894.82,1771649400,895.58,890.03,892.16
898.9,1771649700,898.9,894.75,894.75
900.86,1771650000,901.09,898.55,899.09
899.44,1771650300,900.66,897.9,900.66
898.37,1771650600,900.97,897.18,899.56
896.95,1771650900,898.66,894.75,898.66
895.11,1771651200,899.17,893.79,896.95
898.44,1771651500,898.48,894.3,895.15
893.76,1771651800,899.65,893.16,898.49
892.31,1771652100,894.73,891.71,893.66
889.2,1771652400,893.47,888.04,892.34
886.48,1771652700,890.06,885.46,889.08
887.57,1771653000,888.31,886.0,886.62
885.56,1771653300,888.22,885.39,887.65
883.68,1771653600,885.91,880.72,885.91
883.15,1771653900,884.77,880.4,884.09
883.49,1771654200,884.51,881.15,883.32
885.26,1771654500,885.55,881.1,883.55
886.73,1771654800,887.76,884.79,885.23
887.5,1771655100,889.02,886.04,886.47
882.83,1771655400,887.29,882.48,887.18
883.19,1771655700,885.57,882.6,883.08
876.27,1771656000,883.27,875.95,883.17
874.01,1771656300,876.92,874.0,876.29
875.64,1771656600,878.84,874.21,874.21
871.32,1771656900,876.74,871.26,875.74
873.73,1771657200,874.35,870.89,871.53
873.48,1771657500,875.03,871.84,874.17
871.92,1771657800,875.09,871.82,873.68
872.91,1771658100,873.57,870.15,871.85
868.83,1771658400,873.3,868.83,873.3
871.06,1771658700,872.34,867.89,868.78
870.12,1771659000,872.06,868.99,871.01
872.0,1771659300,873.09,869.63,870.02
875.96,1771659600,876.71,872.14,872.42
879.85,1771659900,879.85,874.89,875.87
878.69,1771660200,880.26,877.59,879.57
876.43,1771660500,879.82,876.2,878.54
878.96,1771660800,880.28,876.29,876.32
875.95,1771661100,880.21,875.53,878.83
874.9,1771661400,877.82,874.73,876.3
871.76,1771661700,875.63,869.92,875.18
866.99,1771662000,873.12,866.86,871.96
863.77,1771662300,867.36,863.67,866.7
862.63,1771662600,864.6,861.92,863.73
861.84,1771662900,864.34,860.69,862.53
868.01,1771663200,868.1,861.3,861.43
861.93,1771663500,867.94,859.84,867.94
864.9,1771663800,866.23,860.68,862.04
865.42,1771664100,868.53,865.05,865.05
859.95,1771664400,866.14,858.81,865.79
864.21,1771664700,865.92,859.39,859.9
865.53,1771665000,866.48,864.03,864.1
869.34,1771665300,869.69,864.8,865.72
865.14,1771665600,870.0,864.26,869.28
865.35,1771665900,866.92,863.19,864.96
866.12,1771666200,868.23,865.28,865.28
873.99,1771666500,874.21,866.44,866.49
869.15,1771666800,874.28,867.96,874.14
866.69,1771667100,870.11,866.23,869.17
865.05,1771667400,867.91,864.39,866.53
865.19,1771667700,866.87,863.4,865.1
863.46,1771668000,866.49,861.34,865.26
868.65,1771668300,870.57,863.75,863.77
871.24,1771668600,871.92,867.79,868.91
868.04,1771668900,872.11,868.04,871.02
867.44,1771669200,869.1,866.6,868.33
869.83,1771669500,870.95,867.42,867.7
868.75,1771669800,870.09,866.99,869.61
870.84,1771670100,870.97,868.35,869.02
869.25,1771670400,871.31,868.44,870.73
869.98,1771670700,870.75,868.47,869.31
874.09,1771671000,874.97,869.04,869.71
872.39,1771671300,875.88,871.15,874.52
874.43,1771671600,874.73,871.86,872.4
875.39,1771671900,876.39,872.95,874.86
871.45,1771672200,875.56,870.99,875.3
871.27,1771672500,873.14,870.65,871.66
867.69,1771672800,871.21,865.78,871.21
870.25,1771673100,872.54,867.52,867.9
872.77,1771673400,873.79,869.25,870.25
873.42,1771673700,873.48,870.25,872.91
874.34,1771674000,876.3,872.49,873.68
877.71,1771674300,878.35,874.41,874.51
877.42,1771674600,878.55,876.07,877.64
880.54,1771674900,881.86,876.97,877.38
876.88,1771675200,881.79,876.14,880.71
878.55,1771675500,880.44,875.84,876.76
881.36,1771675800,882.7,877.37,878.37
879.26,1771676100,882.94,878.82,881.53
884.38,1771676400,885.09,878.91,879.47
883.17,1771676700,886.35,882.58,884.82
882.05,1771677000,883.91,881.21,883.25
882.81,1771677300,882.81,879.88,882.21
884.48,1771677600,886.1,881.31,882.85
880.41,1771677900,884.09,880.1,884.09
877.69,1771678200,881.32,876.8,880.42
873.19,1771678500,877.8,873.19,877.8
873.29,1771678800,875.19,872.64,873.28
869.73,1771679100,873.44,869.73,873.44
868.19,1771679400,872.31,867.59,869.49
870.62,1771679700,870.85,866.4,868.08
870.79,1771680000,872.98,869.39,870.52
863.08,1771680300,870.8,862.78,870.57
861.38,1771680600,864.35,860.15,863.39
863.4,1771680900,865.27,860.88,861.29
864.63,1771681200,865.15,862.96,863.41
868.98,1771681500,868.98,864.58,864.58
870.72,1771681800,871.24,868.23,869.11
874.46,1771682100,874.46,869.75,870.86
876.4,1771682400,877.45,874.04,874.32
872.94,1771682700,876.57,872.0,875.91
872.53,1771683000,874.19,870.66,873.1
875.06,1771683300,875.96,872.64,872.65
876.26,1771683600,878.17,874.33,875.05
873.63,1771683900,877.71,873.52,876.53
873.99,1771684200,874.04,869.09,873.66
871.77,1771684500,873.86,871.02,873.82
873.95,1771684800,874.27,869.79,871.31
874.06,1771685100,874.93,872.59,874.01
872.8,1771685400,874.92,872.29,873.73
874.6,1771685700,875.53,871.48,872.79
875.44,1771686000,876.84,873.86,874.76
872.9,1771686300,875.8,872.22,875.24
873.74,1771686600,874.88,872.49,872.89
869.44,1771686900,874.19,868.5,873.76
873.27,1771687200,873.64,868.49,869.48
868.34,1771687500,873.49,867.37,873.49
867.48,1771687800,870.24,866.94,868.56
871.42,1771688100,871.65,867.28,867.8
869.82,1771688400,871.61,868.39,871.29
871.26,1771688700,872.31,868.93,869.51
871.43,1771689000,873.65,870.38,871.57
870.85,1771689300,872.09,870.13,871.48
871.3,1771689600,873.47,870.54,871.2
874.61,1771689900,875.44,871.18,871.49
873.3,1771690200,875.8,872.51,874.54
874.9,1771690500,876.57,873.03,873.19
874.88,1771690800,875.68,872.52,875.27
869.77,1771691100,874.87,868.9,874.87
863.92,1771691400,871.48,863.92,869.83
862.87,1771691700,865.02,862.14,863.9
865.99,1771692000,865.99,862.74,862.86
865.03,1771692300,868.67,865.03,865.73
868.73,1771692600,869.53,865.1,865.19
868.4,1771692900,870.78,867.53,868.86
866.73,1771693200,868.66,865.96,868.32
865.58,1771693500,869.04,865.52,866.55
860.38,1771693800,865.48,859.33,865.48
857.5,1771694100,862.75,857.0,860.14
861.02,1771694400,861.16,856.85,857.76
858.16,1771694700,861.3,857.73,860.66
860.94,1771695000,862.32,857.95,858.48
863.27,1771695300,864.09,860.78,860.78
869.95,1771695600,870.68,863.06,863.13
868.25,1771695900,870.91,867.59,869.96
867.89,1771696200,868.28,865.42,868.06
867.83,1771696500,868.96,866.63,867.95
870.91,1771696800,870.91,867.61,867.61
878.73,1771697100,878.73,870.08,870.73
876.82,1771697400,879.51,875.74,878.76
875.1,1771697700,877.07,874.09,876.69
877.26,1771698000,878.9,875.28,875.29
876.34,1771698300,877.85,873.98,877.71
874.49,1771698600,876.78,873.0,875.6
872.77,1771698900,877.15,871.76,874.57
871.29,1771699200,873.14,869.77,872.98
873.31,1771699500,874.77,871.3,871.71
873.09,1771699800,874.09,871.65,873.47
874.99,1771700100,875.27,871.35,872.79
874.69,1771700400,875.87,872.32,874.52
876.98,1771700700,877.02,873.14,874.94
879.6,1771701000,880.53,877.27,877.33
879.43,1771701300,881.23,878.08,879.67
880.82,1771701600,880.82,879.05,879.4
880.49,1771701900,881.9,876.36,881.01
877.35,1771702200,882.24,876.79,880.48
876.14,1771702500,878.95,875.51,877.42
884.48,1771702800,884.48,875.33,875.87
885.7,1771703100,885.7,882.37,884.27
882.78,1771703400,886.01,882.7,885.62
883.45,1771703700,883.84,881.33,882.87
886.32,1771704000,886.66,883.3,883.64
889.03,1771704300,890.49,886.08,886.61
886.82,1771704600,889.83,886.15,889.11
885.86,1771704900,888.64,885.54,887.06
882.28,1771705200,887.45,882.28,885.83
881.83,1771705500,882.02,879.48,881.98
882.08,1771705800,884.35,880.76,881.89
889.65,1771706100,889.65,881.62,882.43
887.57,1771706400,890.78,886.26,889.71
889.22,1771706700,890.26,886.83,887.6
888.95,1771707000,890.98,886.58,889.35
886.49,1771707300,889.33,885.86,888.95
885.65,1771707600,887.6,884.84,886.82
885.16,1771707900,885.96,883.36,885.3
880.59,1771708200,885.25,880.57,885.25
884.9,1771708500,884.9,880.55,880.67
882.91,1771708800,885.29,881.66,884.59
882.58,1771709100,883.7,880.53,882.91
885.14,1771709400,885.27,880.96,882.76
883.86,1771709700,887.09,883.36,885.07
880.93,1771710000,885.39,879.83,883.97
879.11,1771710300,882.5,877.47,880.84
880.0,1771710600,881.6,878.28,879.13
882.88,1771710900,882.98,879.79,880.06
879.96,1771711200,883.04,879.36,882.86
875.03,1771711500,880.18,875.03,879.95
875.12,1771711800,876.86,874.1,874.75
875.71,1771712100,876.47,873.67,875.05
877.2,1771712400,878.54,875.5,875.96
872.29,1771712700,877.27,872.26,877.27
874.44,1771713000,874.95,870.64,872.45
875.79,1771713300,878.11,874.52,874.77
877.43,1771713600,879.16,875.64,876.03
876.77,1771713900,877.98,875.55,877.62
877.06,1771714200,878.35,876.04,876.44
874.14,1771714500,877.15,873.06,876.95
871.26,1771714800,874.32,868.59,874.11
875.88,1771715100,877.45,869.6,871.22
874.61,1771715400,876.64,873.91,875.76
872.46,1771715700,874.69,871.84,874.69
872.29,1771716000,873.39,870.89,872.33
869.1,1771716300,872.96,868.06,872.12
871.22,1771716600,872.33,868.67,868.9
867.34,1771716900,871.69,865.3,871.18
862.22,1771717200,867.36,861.31,867.11
863.12,1771717500,864.16,861.56,861.92
862.53,1771717800,863.7,861.71,863.49
862.04,1771718100,863.92,860.97,862.55
862.11,1771718400,865.72,860.86,862.02
865.87,1771718700,866.29,860.67,862.25
857.11,1771719000,866.64,857.11,865.73
860.26,1771719300,861.49,856.87,856.87
857.5,1771719600,860.42,856.17,860.09
858.75,1771719900,858.95,854.48,857.69
855.06,1771720200,860.54,854.94,858.99
861.31,1771720500,861.32,854.81,855.17
862.91,1771720800,866.49,861.44,861.44
865.75,1771721100,866.0,862.5,862.62
869.17,1771721400,869.59,864.87,865.92
867.53,1771721700,870.54,867.26,868.94
867.3,1771722000,868.9,866.22,867.71
865.08,1771722300,867.24,863.4,867.24
866.78,1771722600,867.84,864.36,865.0
867.48,1771722900,868.85,865.61,866.3
869.11,1771723200,870.14,866.82,867.58
868.82,1771723500,871.14,867.41,869.15
872.0,1771723800,872.0,865.5,868.91
872.72,1771724100,874.67,869.92,871.86
873.1,1771724400,874.45,870.98,873.09
871.02,1771724700,874.36,870.32,873.13
870.0,1771725000,872.85,869.34,871.32
873.2,1771725300,873.2,867.84,869.93
874.88,1771725600,875.65,872.63,873.48
879.57,1771725900,880.03,874.82,875.28
883.88,1771726200,883.88,879.64,879.64
882.38,1771726500,886.63,881.85,884.24
883.19,1771726800,883.84,881.56,882.26
887.05,1771727100,887.05,882.04,883.18
887.74,1771727400,888.15,885.29,887.07
891.98,1771727700,892.52,888.14,888.14
890.34,1771728000,892.43,889.54,891.78
887.02,1771728300,890.73,886.26,890.36
884.9,1771728600,888.07,884.25,887.01
887.12,1771728900,887.12,884.18,885.08
888.99,1771729200,890.22,886.74,887.53
887.82,1771729500,890.12,885.94,889.4
888.2,1771729800,889.39,887.14,887.66
889.34,1771730100,890.86,887.9,888.71
888.51,1771730400,890.98,887.78,889.39
888.01,1771730700,890.97,887.72,888.48
887.61,1771731000,887.84,885.5,887.84
883.57,1771731300,887.36,881.87,887.36
879.95,1771731600,884.11,879.95,883.63
876.47,1771731900,879.66,876.18,879.63
875.61,1771732200,878.16,874.72,876.55
872.43,1771732500,876.19,872.13,875.82
875.75,1771732800,875.82,871.02,872.18
878.98,1771733100,879.79,875.83,875.83
877.96,1771733400,880.93,877.74,879.63
876.65,1771733700,878.72,876.01,877.59
875.57,1771734000,877.81,874.52,876.71
869.28,1771734300,875.75,868.92,875.47
870.23,1771734600,870.97,868.14,869.18
876.46,1771734900,876.46,868.87,870.28
873.1,1771735200,877.97,872.91,876.11
876.83,1771735500,877.34,872.22,873.22
877.42,1771735800,878.29,875.89,876.94
878.97,1771736100,879.16,875.72,877.47
880.5,1771736400,881.96,879.24,879.24
878.6,1771736700,882.35,875.91,880.69
881.84,1771737000,881.84,878.15,878.58
883.04,1771737300,884.48,881.08,881.93
884.52,1771737600,886.18,882.59,883.12
882.19,1771737900,885.26,882.11,884.27
880.81,1771738200,883.68,880.22,882.38
882.24,1771738500,884.28,880.67,880.67
878.46,1771738800,883.74,878.46,882.09
880.3,1771739100,880.78,877.43,878.28
880.1,1771739400,881.84,878.69,880.1
877.63,1771739700,880.03,877.21,879.95
874.22,1771740000,878.37,873.0,877.76
871.5,1771740300,875.9,871.49,873.87
875.29,1771740600,875.29,869.68,871.43
874.02,1771740900,876.31,873.53,875.12
874.09,1771741200,876.98,873.3,873.83
875.56,1771741500,877.15,873.09,874.1
873.58,1771741800,877.34,873.58,875.63
871.49,1771742100,873.94,871.2,873.21
877.38,1771742400,877.88,871.31,871.34
875.44,1771742700,877.57,874.52,877.57
877.59,1771743000,878.46,875.62,875.75
876.89,1771743300,878.43,875.01,877.57
877.18,1771743600,878.49,875.64,877.1
879.1,1771743900,879.12,876.38,877.11
878.61,1771744200,880.79,877.67,878.83
870.65,1771744500,879.27,870.65,878.93
870.72,1771744800,871.51,868.14,870.53
870.05,1771745100,873.57,869.9,870.7
875.47,1771745400,875.67,870.24,870.24
872.72,1771745700,876.98,872.29,875.76
876.77,1771746000,877.04,872.03,873.17
873.83,1771746300,878.85,873.79,876.53
876.96,1771746600,877.27,873.38,873.68
874.15,1771746900,877.76,873.79,876.91
868.72,1771747200,874.22,867.06,873.97
869.08,1771747500,870.69,867.26,869.12
867.01,1771747800,870.73,866.82,869.07
866.88,1771748100,867.31,864.21,866.84
867.08,1771748400,867.22,865.4,866.69
862.99,1771748700,866.86,862.99,866.86
860.0,1771749000,863.14,857.68,862.34
855.73,1771749300,860.3,855.2,860.3
851.8,1771749600,856.19,850.23,855.61
852.86,1771749900,854.07,850.34,851.68
851.58,1771750200,854.12,851.58,853.12
850.22,1771750500,853.26,850.22,851.58
850.14,1771750800,852.02,849.54,850.73
846.64,1771751100,849.98,845.97,849.64
845.87,1771751400,849.11,845.0,846.3
843.63,1771751700,846.28,843.41,845.57
843.92,1771752000,845.78,843.39,843.96
845.84,1771752300,847.42,842.91,843.77
848.61,1771752600,848.71,844.7,845.99
848.82,1771752900,850.93,847.42,848.73
848.01,1771753200,849.08,846.06,848.46
850.97,1771753500,850.97,847.01,847.79
855.3,1771753800,856.25,850.98,851.3
861.07,1771754100,861.14,853.86,855.31
863.43,1771754400,863.43,860.91,861.01
863.27,1771754700,865.72,862.67,863.05
866.75,1771755000,867.52,862.38,863.11
867.43,1771755300,869.17,865.3,866.44
871.98,1771755600,871.98,866.25,867.21
873.19,1771755900,874.87,869.91,872.01
868.85,1771756200,873.81,868.81,873.17
866.0,1771756500,869.64,865.22,868.77
865.39,1771756800,866.74,864.2,865.88
863.29,1771757100,866.55,861.78,865.36
864.06,1771757400,865.05,862.76,863.6
864.07,1771757700,865.56,863.73,864.19
863.92,1771758000,867.83,863.3,864.29
865.9,1771758300,866.68,863.89,864.19
860.84,1771758600,866.19,860.64,865.86
862.59,1771758900,863.21,860.7,861.25
867.78,1771759200,868.13,862.39,862.39
865.52,1771759500,867.92,864.85,867.84
866.31,1771759800,868.6,863.98,865.25
862.7,1771760100,866.74,862.44,866.37
861.55,1771760400,863.89,861.35,862.64
864.9,1771760700,867.59,861.73,861.73
862.71,1771761000,864.97,861.73,864.96
862.64,1771761300,864.69,862.25,863.03
861.34,1771761600,862.67,859.4,862.5
862.12,1771761900,862.53,859.66,860.92
859.82,1771762200,862.5,859.82,862.19
862.49,1771762500,862.64,859.4,859.86
861.66,1771762800,862.97,860.4,862.76
860.1,1771763100,863.21,860.1,861.83
858.03,1771763400,860.68,857.18,859.94
853.55,1771763700,858.7,853.55,858.03
854.53,1771764000,854.55,851.65,853.6
855.69,1771764300,858.57,853.86,854.52
852.7,1771764600,857.02,851.94,855.56
850.28,1771764900,853.38,848.5,852.84
849.99,1771765200,852.4,848.91,850.28
848.96,1771765500,851.22,846.34,850.38
850.41,1771765800,851.63,847.74,849.21
850.97,1771766100,853.98,849.64,850.28
851.42,1771766400,852.6,850.26,851.09
850.81,1771766700,851.97,849.46,851.18
849.28,1771767000,851.13,848.29,850.93
852.22,1771767300,853.89,848.63,849.17
852.91,1771767600,854.61,852.32,852.36
853.65,1771767900,854.78,851.46,853.04
854.32,1771768200,856.74,853.55,853.55
857.81,1771768500,859.29,854.29,854.29
859.35,1771768800,859.47,855.7,857.97
858.96,1771769100,861.35,858.82,859.7
856.78,1771769400,859.39,856.07,859.14
856.93,1771769700,857.98,854.67,857.29
858.24,1771770000,860.0,856.93,857.15
857.75,1771770300,860.2,856.0,858.27
854.16,1771770600,858.43,853.27,857.61
848.19,1771770900,853.77,847.17,853.77
847.6,1771771200,848.94,845.8,848.23
841.45,1771771500,848.67,841.01,847.71
838.95,1771771800,842.15,838.09,841.05
840.33,1771772100,841.88,838.88,839.09
840.36,1771772400,840.86,837.45,840.33
840.49,1771772700,842.43,839.53,840.17
841.12,1771773000,841.64,839.4,840.38
842.23,1771773300,843.53,840.83,841.19
840.35,1771773600,844.21,840.13,842.31
839.49,1771773900,840.36,838.06,840.33
841.9,1771774200,843.78,839.23,839.84
843.47,1771774500,843.8,841.33,841.74
845.04,1771774800,846.49,842.73,843.63
844.0,1771775100,845.68,842.8,844.89
842.91,1771775400,845.6,842.91,843.63
840.68,1771775700,842.94,840.38,842.94
836.99,1771776000,840.73,836.48,840.65
835.49,1771776300,837.23,834.02,837.23
832.49,1771776600,835.81,831.36,835.45
839.4,1771776900,839.62,832.0,832.37
840.59,1771777200,840.87,838.48,839.42
842.52,1771777500,844.08,840.65,840.71
846.49,1771777800,846.77,842.3,842.61
845.42,1771778100,847.34,844.85,846.82
844.7,1771778400,846.11,842.8,845.54
843.89,1771778700,845.74,842.63,845.04
838.85,1771779000,843.52,838.28,843.42
841.45,1771779300,842.04,836.12,838.3
842.72,1771779600,843.28,840.19,841.56
840.13,1771779900,843.4,838.71,842.76
840.33,1771780200,842.62,837.52,840.08
848.16,1771780500,848.16,839.78,840.53
846.45,1771780800,849.45,844.92,848.37
844.62,1771781100,848.18,843.79,846.45
845.22,1771781400,847.23,842.97,844.61
846.61,1771781700,846.61,842.62,844.98
846.44,1771782000,848.66,846.33,846.68
846.9,1771782300,848.51,845.86,846.28
847.82,1771782600,850.06,846.35,847.01
850.58,1771782900,851.56,846.49,847.73
846.16,1771783200,850.32,846.04,850.32
846.07,1771783500,847.5,844.12,846.32
842.12,1771783800,846.1,840.73,845.82
843.88,1771784100,845.0,840.61,841.61
846.82,1771784400,846.88,843.69,843.76
848.75,1771784700,848.75,845.58,846.38
847.5,1771785000,849.96,846.71,848.56
847.64,1771785300,848.23,846.23,847.73
850.04,1771785600,850.79,847.62,848.02
846.17,1771785900,850.21,845.47,850.17
846.44,1771786200,848.8,845.31,845.91
842.35,1771786500,847.59,842.21,846.67
844.17,1771786800,845.58,841.62,842.26
845.03,1771787100,845.66,843.42,843.9
847.48,1771787400,847.99,843.97,844.89
849.17,1771787700,849.75,847.07,847.64
847.72,1771788000,850.25,846.65,849.09
848.68,1771788300,849.4,845.5,847.58
848.75,1771788600,850.52,847.49,848.65
847.65,1771788900,849.58,846.2,848.58
850.37,1771789200,850.65,846.85,847.95
848.0,1771789500,851.1,847.65,850.58
844.42,1771789800,847.69,843.04,847.56
842.43,1771790100,844.37,841.42,844.37
841.22,1771790400,842.58,838.99,842.31
836.73,1771790700,842.45,836.66,841.35
836.61,1771791000,838.66,835.73,837.14
832.75,1771791300,837.93,832.75,836.44
827.66,1771791600,832.54,827.66,832.54
826.82,1771791900,828.43,825.33,827.26
828.31,1771792200,830.39,826.68,826.84
829.54,1771792500,830.34,827.36,828.16
830.19,1771792800,832.47,829.5,829.5
830.48,1771793100,831.65,829.17,830.25
830.66,1771793400,830.9,827.06,830.76
836.44,1771793700,836.73,830.61,830.61
831.44,1771794000,836.59,831.44,836.59
836.69,1771794300,836.8,830.92,831.41
837.42,1771794600,838.31,834.28,836.84
837.96,1771794900,838.94,836.23,837.65
840.29,1771795200,840.33,837.37,837.52
840.0,1771795500,841.03,837.96,840.21
840.18,1771795800,840.67,838.46,840.11
839.31,1771796100,840.88,837.16,840.04
838.12,1771796400,840.09,837.96,839.24
837.66,1771796700,839.92,836.35,838.05
836.82,1771797000,840.0,836.82,837.22
830.65,1771797300,836.89,830.58,836.62
825.57,1771797600,831.64,824.28,831.04
824.04,1771797900,826.58,824.02,825.31
823.26,1771798200,825.35,821.87,823.88
821.95,1771798500,823.69,820.51,823.3
820.31,1771798800,822.36,820.2,821.9
814.6,1771799100,820.27,812.98,820.27
810.84,1771799400,815.93,809.94,814.58
813.48,1771799700,814.33,810.63,810.96
815.24,1771800000,815.68,812.98,813.84
815.17,1771800300,816.74,813.31,815.15
819.19,1771800600,820.66,814.0,815.07
820.87,1771800900,821.54,817.77,819.29
825.32,1771801200,826.14,820.76,820.77
826.4,1771801500,827.91,824.67,824.96
827.47,1771801800,828.49,825.23,826.41
828.27,1771802100,828.64,825.55,827.86
829.93,1771802400,830.38,826.87,828.06
833.3,1771802700,833.93,829.0,830.12
831.22,1771803000,834.38,830.84,833.36
827.36,1771803300,832.11,827.36,831.44
827.81,1771803600,829.0,825.45,827.42
830.73,1771803900,830.93,826.94,828.2
830.26,1771804200,831.17,828.63,830.75
829.84,1771804500,831.19,829.13,830.26
829.84,1771804800,831.97,829.46,829.98
830.01,1771805100,831.64,827.99,829.65
831.77,1771805400,833.99,829.83,829.89
832.31,1771805700,834.36,831.7,831.82
829.01,1771806000,832.16,828.37,832.16
829.93,1771806300,830.05,826.23,829.2
828.65,1771806600,830.61,827.29,830.08
829.01,1771806900,829.9,827.13,828.17
832.14,1771807200,832.99,828.83,828.92
831.46,1771807500,833.77,831.23,832.24
828.39,1771807800,832.32,827.57,832.12
826.86,1771808100,829.58,824.93,828.5
829.09,1771808400,829.09,824.89,826.88
828.43,1771808700,829.75,827.05,828.97
832.85,1771809000,832.87,828.38,828.38
827.53,1771809300,833.23,825.24,832.77
824.89,1771809600,828.53,824.1,827.7
825.96,1771809900,826.98,824.05,824.85
824.92,1771810200,827.2,824.78,825.74
824.31,1771810500,825.64,820.44,825.09
825.84,1771810800,828.66,824.39,824.44
819.84,1771811100,825.76,819.25,825.76
823.93,1771811400,823.95,818.61,819.8
821.39,1771811700,824.82,820.78,823.93
822.61,1771812000,823.36,820.78,821.16
822.41,1771812300,823.94,821.71,822.59
823.67,1771812600,823.89,821.14,822.39
823.15,1771812900,824.32,821.68,823.6
825.66,1771813200,825.71,822.25,822.96
823.38,1771813500,825.84,822.14,825.65
824.0,1771813800,824.68,821.45,823.4
822.77,1771814100,825.55,822.64,823.84
822.0,1771814400,823.37,821.12,822.96
822.27,1771814700,822.96,819.71,822.0
825.05,1771815000,826.77,822.21,822.21
828.27,1771815300,828.44,824.37,825.35
828.44,1771815600,828.93,825.75,827.99
823.17,1771815900,829.44,823.17,828.49
825.46,1771816200,826.29,822.3,823.11
822.21,1771816500,826.14,820.87,825.5
821.79,1771816800,823.19,820.28,822.09
824.05,1771817100,824.88,820.93,822.09
826.06,1771817400,826.22,822.75,824.11
824.19,1771817700,827.61,824.04,826.23
821.76,1771818000,824.07,821.17,824.07
825.9,1771818300,826.27,821.43,822.01
823.9,1771818600,826.44,822.52,825.67
823.02,1771818900,824.47,822.47,824.08
826.4,1771819200,826.44,821.45,822.88
822.81,1771819500,826.7,822.68,826.23
819.38,1771819800,823.47,819.26,822.98
824.45,1771820100,824.78,819.28,819.28
825.82,1771820400,828.63,824.42,824.42
823.05,1771820700,825.78,823.03,825.41
819.31,1771821000,824.31,818.65,823.3
817.25,1771821300,820.05,817.11,819.07
816.13,1771821600,817.71,814.7,817.69
815.94,1771821900,816.41,812.53,816.02
819.58,1771822200,820.15,815.22,815.76
819.08,1771822500,821.42,818.65,819.59
823.44,1771822800,823.55,818.66,818.83
827.81,1771823100,827.81,823.08,823.23
829.6,1771823400,829.71,826.79,827.7
827.94,1771823700,830.05,826.47,829.79
827.87,1771824000,829.58,826.85,827.76
827.2,1771824300,828.43,825.65,827.79
823.35,1771824600,828.73,823.22,826.63
824.9,1771824900,824.9,822.01,823.02
823.22,1771825200,825.3,822.19,825.24
819.79,1771825500,823.8,819.31,822.67
819.8,1771825800,821.43,817.97,819.67
815.32,1771826100,820.57,815.1,820.11
815.0,1771826400,817.68,814.93,815.32
812.78,1771826700,816.49,812.78,814.98
811.77,1771827000,816.03,811.53,812.73
812.76,1771827300,814.89,811.26,811.77
815.86,1771827600,816.28,812.37,812.49
816.2,1771827900,817.36,813.95,815.85
819.45,1771828200,819.45,815.13,816.35
822.22,1771828500,822.59,819.43,819.59
821.72,1771828800,824.1,819.69,821.97
817.24,1771829100,821.85,815.96,821.65
817.08,1771829400,818.02,814.22,817.34
814.16,1771829700,818.79,813.48,817.05
814.96,1771830000,816.3,813.75,814.15
813.86,1771830300,816.47,813.31,815.24
812.66,1771830600,814.52,812.18,813.66
818.5,1771830900,818.72,811.96,812.59
818.18,1771831200,819.75,817.28,818.31
816.21,1771831500,819.42,815.5,818.26
815.06,1771831800,817.46,814.53,816.29
814.22,1771832100,815.77,813.13,814.77
814.92,1771832400,814.94,812.82,814.07
816.2,1771832700,817.38,815.13,815.13
819.5,1771833000,820.77,816.07,816.16
817.69,1771833300,822.16,817.63,819.4
819.98,1771833600,820.02,817.26,817.62
824.01,1771833900,824.45,819.38,819.79
822.06,1771834200,824.92,821.25,824.03
822.15,1771834500,822.76,820.69,821.9
823.0,1771834800,823.7,820.37,822.14
822.52,1771835100,823.84,821.2,823.01
823.19,1771835400,823.89,820.33,822.43
826.61,1771835700,827.39,822.73,823.34
824.5,1771836000,827.62,823.77,826.27
822.35,1771836300,824.56,821.61,824.3
822.1,1771836600,823.57,820.92,822.57
824.78,1771836900,825.43,821.25,822.45
824.77,1771837200,826.7,824.77,825.28
826.79,1771837500,827.54,823.17,824.52
826.1,1771837800,829.42,825.83,827.07
824.51,1771838100,827.05,823.8,826.02
826.54,1771838400,826.79,822.56,824.38
819.17,1771838700,827.33,818.78,826.4
817.33,1771839000,820.46,817.24,819.12
819.6,1771839300,820.06,817.42,817.54
817.5,1771839600,820.6,817.22,819.72
813.26,1771839900,817.82,813.11,817.6
811.31,1771840200,813.44,811.1,813.2
814.99,1771840500,814.99,810.96,811.63
820.6,1771840800,821.42,813.9,815.2
824.28,1771841100,824.33,820.16,820.34
817.71,1771841400,824.63,816.98,824.3
822.02,1771841700,822.02,816.96,817.94
824.97,1771842000,825.26,822.13,822.14
829.88,1771842300,830.94,825.02,825.02
827.16,1771842600,831.5,825.34,830.07
822.07,1771842900,827.99,822.07,826.99
819.43,1771843200,822.18,818.79,822.09
820.03,1771843500,822.3,819.34,819.34
821.8,1771843800,822.97,820.2,820.22
824.63,1771844100,824.69,821.5,821.52
820.52,1771844400,826.13,819.6,824.75
821.34,1771844700,823.1,819.87,820.61
822.17,1771845000,822.87,819.18,821.32
825.47,1771845300,826.23,821.8,822.15
826.31,1771845600,828.09,825.29,825.29
825.69,1771845900,827.69,824.83,825.87
822.53,1771846200,825.54,822.53,825.54
823.85,1771846500,824.08,821.97,822.5
828.46,1771846800,829.05,823.55,823.71
827.5,1771847100,828.56,824.28,828.46
829.78,1771847400,829.98,827.25,827.36
832.24,1771847700,833.84,829.67,829.67
832.47,1771848000,833.3,830.38,832.07
832.34,1771848300,833.42,831.3,832.13
833.33,1771848600,833.96,831.6,831.82
831.19,1771848900,833.36,828.92,832.89
832.96,1771849200,833.53,830.18,831.19
830.61,1771849500,833.29,829.18,833.29
832.67,1771849800,833.19,828.08,830.35
832.02,1771850100,833.0,830.44,833.0
833.91,1771850400,833.91,830.79,832.0
833.95,1771850700,834.88,832.0,833.78
832.17,1771851000,834.44,830.32,833.8
831.28,1771851300,834.24,830.97,832.06
829.62,1771851600,831.21,827.08,831.14
829.03,1771851900,830.83,829.0,829.8
827.65,1771852200,830.08,827.65,828.88
826.97,1771852500,828.85,826.73,827.54
826.15,1771852800,827.22,825.18,826.62
824.93,1771853100,828.0,824.18,826.42
823.19,1771853400,825.0,821.98,824.75
823.55,1771853700,824.77,822.08,823.34
823.7,1771854000,825.4,822.81,823.21
827.98,1771854300,827.98,823.41,824.11
826.74,1771854600,828.18,823.86,828.17
825.81,1771854900,827.89,824.89,827.01
828.43,1771855200,828.48,824.61,825.87
829.53,1771855500,830.83,827.51,828.46
827.32,1771855800,830.28,825.41,829.62
827.87,1771856100,829.4,826.08,827.27
827.63,1771856400,829.38,826.22,828.05
824.86,1771856700,827.53,823.78,827.53
829.49,1771857000,829.49,824.84,825.21
833.13,1771857300,833.99,829.68,829.68
827.52,1771857600,833.92,826.96,833.31
822.92,1771857900,827.72,822.14,827.72
819.31,1771858200,823.18,819.31,823.14
821.55,1771858500,822.63,819.3,819.3
822.11,1771858800,822.91,820.42,821.89
822.49,1771859100,824.04,821.53,822.35
821.64,1771859400,825.21,821.64,822.48
822.55,1771859700,823.83,820.2,821.45
820.95,1771860000,823.23,819.94,822.72
820.21,1771860300,821.82,819.03,821.12
822.88,1771860600,823.42,818.16,819.98
820.9,1771860900,823.05,820.66,822.69
820.51,1771861200,822.01,818.84,821.03
820.03,1771861500,821.81,818.56,820.29
822.65,1771861800,822.65,819.2,820.25
824.35,1771862100,826.3,822.12,822.23
825.13,1771862400,825.13,823.24,824.32
821.02,1771862700,824.97,820.8,824.68
816.92,1771863000,820.93,816.33,820.93
816.61,1771863300,818.91,816.1,817.08
816.77,1771863600,817.19,813.63,816.27
817.56,1771863900,818.54,815.49,816.6
816.49,1771864200,819.58,815.55,817.68
815.56,1771864500,816.7,813.86,816.29
809.08,1771864800,815.63,809.08,815.6
810.4,1771865100,811.0,807.29,809.34
811.07,1771865400,812.9,810.52,810.52
809.57,1771865700,811.51,808.42,810.91
809.99,1771866000,809.99,806.1,808.98
810.43,1771866300,811.87,809.69,809.92
810.49,1771866600,813.28,810.4,810.55
813.11,1771866900,813.78,809.27,810.26
813.1,1771867200,813.55,809.31,813.19
811.37,1771867500,813.07,810.23,813.07
809.71,1771867800,812.87,808.93,811.48
807.73,1771868100,810.44,807.45,809.8
808.56,1771868400,809.0,806.38,807.87
815.53,1771868700,815.53,808.59,808.59
816.38,1771869000,818.18,815.51,815.51
814.59,1771869300,816.52,814.48,816.24
813.57,1771869600,815.13,813.19,814.67
815.63,1771869900,818.13,813.75,813.8
810.36,1771870200,815.6,809.09,815.16
807.03,1771870500,810.75,807.03,810.42
806.88,1771870800,808.91,806.51,806.89
803.52,1771871100,807.5,802.31,806.87
802.91,1771871400,803.59,800.63,803.59
806.58,1771871700,807.45,803.04,803.04
807.8,1771872000,808.07,805.99,806.59
810.11,1771872300,810.83,807.18,807.79
811.49,1771872600,811.49,807.96,810.1
807.69,1771872900,812.84,807.37,811.36
805.33,1771873200,807.69,805.23,807.45
804.51,1771873500,806.69,803.73,805.3
801.57,1771873800,805.94,801.37,804.79
803.56,1771874100,804.25,800.71,801.71
805.24,1771874400,805.76,803.27,803.59
807.19,1771874700,809.16,805.48,805.48
806.77,1771875000,808.35,805.44,807.12
810.8,1771875300,810.8,805.77,806.84
814.26,1771875600,815.84,810.7,810.98
815.95,1771875900,817.19,814.32,814.44
813.37,1771876200,816.32,812.21,816.15
807.67,1771876500,813.06,807.53,813.06
811.63,1771876800,811.63,806.65,807.63
813.02,1771877100,813.8,810.62,811.67
812.73,1771877400,813.6,811.68,813.05
810.54,1771877700,813.16,810.06,812.94
810.15,1771878000,812.54,809.47,810.57
809.49,1771878300,810.78,808.9,810.01
812.34,1771878600,812.96,809.84,809.84
809.77,1771878900,814.46,809.77,812.84
816.05,1771879200,816.2,809.81,809.81
813.37,1771879500,818.59,813.22,816.01
812.86,1771879800,813.05,810.31,812.81
814.86,1771880100,815.52,812.89,813.13
816.08,1771880400,816.08,812.65,814.69
818.75,1771880700,820.11,815.84,816.14
818.72,1771881000,819.11,817.33,818.61
815.72,1771881300,818.8,815.16,818.67
815.17,1771881600,817.77,814.99,815.48
818.54,1771881900,819.29,814.92,815.04
819.12,1771882200,820.33,817.96,818.78
815.62,1771882500,819.54,815.48,818.91
813.93,1771882800,816.24,813.01,815.53
814.51,1771883100,814.8,812.67,814.2
815.03,1771883400,815.87,813.5,814.36
817.58,1771883700,818.67,814.93,815.37
816.78,1771884000,819.6,816.45,817.54
817.49,1771884300,818.49,815.94,816.53
818.84,1771884600,819.53,816.38,817.71
819.54,1771884900,821.49,818.7,818.91
820.03,1771885200,820.03,817.0,819.62
819.41,1771885500,821.29,819.19,819.93
820.68,1771885800,821.42,818.93,819.24
820.96,1771886100,821.92,819.74,820.45
816.38,1771886400,821.53,815.77,820.99
816.95,1771886700,817.64,814.9,816.64
818.73,1771887000,818.8,816.8,816.87
821.5,1771887300,821.54,818.27,818.62
820.94,1771887600,822.89,820.44,821.39
822.69,1771887900,824.48,821.07,821.25
823.79,1771888200,824.38,821.76,822.91
821.24,1771888500,824.2,820.28,823.94
824.34,1771888800,824.34,820.1,821.21
829.84,1771889100,830.03,824.42,824.48
829.62,1771889400,832.87,828.54,829.91
828.0,1771889700,830.13,827.12,829.33
831.21,1771890000,832.5,828.29,828.29
831.3,1771890300,833.57,831.3,831.53
828.78,1771890600,832.54,828.74,831.29
827.89,1771890900,830.02,826.9,828.64
824.58,1771891200,828.45,824.21,827.8
821.5,1771891500,824.94,821.22,824.68
817.27,1771891800,822.24,816.82,821.59
815.89,1771892100,817.92,813.71,817.74
816.45,1771892400,817.72,815.03,815.97
815.87,1771892700,818.68,815.87,816.25
806.87,1771893000,815.77,806.87,815.77
800.58,1771893300,806.87,799.51,806.79
803.88,1771893600,803.88,800.79,800.79
804.35,1771893900,806.13,803.93,803.93
802.63,1771894200,804.8,801.48,804.38
804.18,1771894500,805.21,802.38,802.57
800.5,1771894800,804.57,800.32,804.14
795.98,1771895100,800.46,795.69,800.46
796.8,1771895400,799.02,796.03,796.23
797.32,1771895700,798.21,794.99,796.73
793.64,1771896000,798.1,793.64,797.64
792.35,1771896300,793.51,791.22,793.51
789.65,1771896600,792.11,788.76,792.11
786.99,1771896900,789.98,786.62,789.52
783.92,1771897200,786.86,783.56,786.86
783.86,1771897500,784.92,783.17,784.24
781.34,1771897800,783.91,780.19,783.91
785.65,1771898100,786.93,781.56,781.58
784.96,1771898400,788.2,784.71,786.02
785.19,1771898700,785.69,784.23,785.14
785.83,1771899000,786.35,783.63,785.02
787.56,1771899300,788.08,785.66,785.99
786.87,1771899600,787.15,785.25,787.08
785.61,1771899900,787.95,784.74,786.71
785.15,1771900200,788.07,782.75,785.73
783.38,1771900500,785.26,781.75,784.96
782.77,1771900800,785.09,781.98,783.56
789.28,1771901100,789.28,782.14,782.67
795.2,1771901400,795.2,788.81,789.04
791.35,1771901700,795.63,790.77,795.08
788.55,1771902000,791.59,788.12,791.01
788.51,1771902300,791.24,787.51,788.81
786.48,1771902600,788.96,786.28,788.26
788.82,1771902900,789.05,785.6,786.37
793.0,1771903200,793.0,788.87,788.99
796.48,1771903500,797.39,792.85,793.15
796.01,1771903800,798.16,795.56,796.54
792.28,1771904100,796.16,791.28,796.16
793.86,1771904400,793.96,791.32,792.37
793.72,1771904700,796.61,793.08,794.03
794.36,1771905000,794.69,792.34,793.57
796.65,1771905300,797.27,793.7,794.65
802.31,1771905600,802.31,796.15,796.22
805.37,1771905900,805.91,800.91,802.69
799.85,1771906200,805.46,799.76,805.25
805.24,1771906500,805.73,799.51,799.69
808.74,1771906800,809.77,804.54,805.26
808.54,1771907100,810.51,807.87,808.86
806.2,1771907400,808.45,804.24,808.45
805.38,1771907700,806.74,804.01,806.32
808.81,1771908000,809.01,805.22,805.22
806.21,1771908300,810.35,805.84,809.17
802.22,1771908600,806.33,801.63,806.07
801.21,1771908900,802.3,799.96,801.86
803.22,1771909200,805.48,800.09,800.99
805.2,1771909500,805.66,802.78,803.37
803.15,1771909800,806.61,802.18,805.31
803.54,1771910100,806.42,802.52,803.28
806.02,1771910400,806.02,803.38,803.54
806.33,1771910700,807.37,805.4,805.78
808.61,1771911000,808.74,805.87,806.33
808.55,1771911300,810.38,807.82,808.58
812.49,1771911600,812.49,806.9,808.64
809.02,1771911900,812.98,806.91,812.42
812.93,1771912200,812.93,808.73,809.21
810.74,1771912500,813.9,809.87,813.25
809.91,1771912800,811.81,808.13,810.79
813.36,1771913100,814.15,809.26,809.51
813.84,1771913400,814.52,812.83,813.3
814.25,1771913700,815.29,813.6,813.63
813.51,1771914000,815.85,813.39,814.56
813.44,1771914300,815.17,811.86,813.14
813.44,1771914600,814.88,812.21,813.68
812.71,1771914900,813.47,810.61,813.3
817.18,1771915200,817.19,812.68,812.81
814.65,1771915500,818.46,813.97,817.54
817.75,1771915800,819.21,813.79,814.6
820.64,1771916100,822.71,817.17,817.89
820.3,1771916400,821.59,818.87,820.74
818.68,1771916700,821.21,815.07,820.68
817.16,1771917000,821.35,816.86,818.55
816.74,1771917300,818.71,815.66,816.7
812.78,1771917600,817.72,812.47,816.93
814.39,1771917900,815.13,812.04,812.6
810.41,1771918200,816.21,809.9,814.76
810.55,1771918500,811.95,809.98,810.45
811.86,1771918800,813.6,810.06,810.37
810.62,1771919100,813.16,809.15,811.52
811.57,1771919400,812.33,809.01,811.01
816.28,1771919700,816.31,811.77,811.94
817.24,1771920000,818.12,815.63,816.35
817.66,1771920300,818.57,816.36,817.06
823.83,1771920600,823.83,817.87,817.91
822.82,1771920900,823.92,820.11,823.65
827.1,1771921200,827.36,822.92,822.92
827.68,1771921500,828.61,825.91,826.77
828.2,1771921800,829.82,825.64,827.32
825.05,1771922100,829.57,823.57,828.16
823.5,1771922400,826.14,823.5,824.93
824.02,1771922700,824.76,822.21,823.31
823.23,1771923000,824.86,822.16,824.29
827.37,1771923300,827.82,822.24,822.99
830.36,1771923600,830.75,826.56,827.59
836.01,1771923900,836.14,830.21,830.31
836.8,1771924200,838.82,835.45,835.81
833.02,1771924500,837.12,832.93,836.5
831.47,1771924800,834.4,830.56,832.84
832.98,1771925100,833.4,830.31,831.1
833.08,1771925400,834.21,831.52,832.81
833.96,1771925700,835.68,832.72,833.0
831.0,1771926000,833.98,830.74,833.91
831.04,1771926300,832.98,830.17,831.01
831.66,1771926600,831.85,829.13,831.19
831.66,1771926900,832.22,829.16,831.63
825.87,1771927200,832.13,825.87,831.7
829.09,1771927500,829.42,826.15,826.28
833.49,1771927800,834.96,829.0,829.06
837.68,1771928100,838.42,832.95,833.31
838.93,1771928400,839.87,837.1,837.68
839.15,1771928700,839.97,836.51,838.89
839.43,1771929000,840.53,837.28,839.24
840.86,1771929300,841.58,838.71,839.71
841.17,1771929600,843.0,839.42,840.91
841.97,1771929900,843.96,841.19,841.21
840.72,1771930200,841.97,839.29,841.66
841.71,1771930500,842.78,839.28,840.79
839.51,1771930800,842.72,839.51,841.7
843.17,1771931100,843.23,838.23,839.15
846.03,1771931400,846.89,841.31,843.51
842.89,1771931700,845.86,841.97,845.62
842.59,1771932000,844.5,841.52,842.88
843.45,1771932300,845.3,842.4,842.42
843.78,1771932600,845.08,841.53,843.59
841.2,1771932900,844.58,840.71,843.8
838.1,1771933200,842.04,837.92,840.95
840.18,1771933500,841.59,837.77,837.9
840.78,1771933800,841.58,839.22,840.14
843.19,1771934100,844.09,840.53,840.77
850.49,1771934400,850.55,842.05,842.86
855.58,1771934700,856.7,849.91,850.66
852.79,1771935000,856.02,852.66,855.75
856.91,1771935300,858.63,852.77,852.89
856.81,1771935600,857.81,853.68,856.87
848.98,1771935900,857.45,848.73,856.74
848.48,1771936200,849.76,847.46,849.2
849.59,1771936500,852.07,847.52,848.42
849.7,1771936800,851.63,848.11,849.4
846.1,1771937100,850.76,845.83,849.76
844.33,1771937400,847.77,843.91,846.45
843.37,1771937700,844.47,842.88,844.42
842.92,1771938000,845.16,841.74,843.25
840.79,1771938300,843.96,840.58,842.78
837.72,1771938600,843.38,837.72,841.09
836.08,1771938900,838.85,835.89,837.5
835.72,1771939200,836.51,833.99,835.88
832.47,1771939500,836.44,831.21,835.4
835.35,1771939800,835.57,831.77,832.51
832.78,1771940100,835.46,830.77,835.46
828.61,1771940400,832.54,827.93,832.54
826.84,1771940700,830.38,825.99,828.7
825.79,1771941000,828.71,825.53,826.77
826.38,1771941300,826.77,824.52,825.99
823.64,1771941600,826.69,822.1,826.31
822.5,1771941900,824.93,821.81,823.61
820.83,1771942200,823.48,820.66,822.7
817.34,1771942500,821.1,817.04,820.73
814.9,1771942800,817.95,812.36,817.38
815.79,1771943100,815.87,811.79,814.8
814.41,1771943400,816.74,814.09,815.74
818.02,1771943700,818.03,814.08,814.31
817.48,1771944000,819.49,816.63,817.7
817.59,1771944300,818.32,815.45,817.43
820.8,1771944600,821.13,816.25,817.34
817.66,1771944900,821.6,816.5,820.74
819.6,1771945200,821.88,817.92,817.92
823.43,1771945500,825.02,819.69,819.69
826.21,1771945800,826.59,821.82,823.44
831.94,1771946100,831.94,826.18,826.18
829.98,1771946400,835.27,829.81,832.17
834.53,1771946700,835.26,829.97,829.97
835.51,1771947000,836.44,833.9,834.42
835.95,1771947300,836.29,833.95,835.19
837.8,1771947600,839.37,835.53,836.15
836.94,1771947900,840.16,836.4,837.97
833.59,1771948200,837.08,831.85,837.08
832.76,1771948500,834.41,831.79,833.64
838.85,1771948800,839.16,832.84,833.1
838.29,1771949100,840.86,837.27,838.52
838.11,1771949400,841.02,837.73,838.64
839.27,1771949700,841.32,838.0,838.12
839.81,1771950000,841.54,838.77,839.22
839.06,1771950300,841.61,838.42,839.87
840.51,1771950600,840.89,836.25,839.25
837.44,1771950900,841.29,835.97,840.52
838.18,1771951200,840.63,836.16,837.46
837.26,1771951500,838.31,834.95,838.09
838.96,1771951800,841.29,837.42,837.5
840.16,1771952100,840.58,837.17,838.94
838.81,1771952400,841.05,837.51,840.02
838.1,1771952700,841.31,838.06,839.02
837.49,1771953000,838.97,836.71,837.7
837.92,1771953300,839.47,836.02,837.18
838.08,1771953600,838.32,833.62,837.79
832.84,1771953900,838.87,831.37,838.16
833.06,1771954200,836.05,832.63,832.84
831.17,1771954500,834.1,829.38,833.12
829.48,1771954800,832.05,828.71,830.73
822.97,1771955100,829.45,822.7,829.3
824.0,1771955400,826.0,821.99,822.84
826.31,1771955700,826.66,824.08,824.42
827.2,1771956000,828.27,824.57,826.32
829.74,1771956300,829.98,826.82,827.54
827.59,1771956600,830.9,827.59,829.66
822.72,1771956900,828.42,821.94,827.89
823.67,1771957200,823.67,820.68,822.66
827.48,1771957500,830.33,823.2,824.11
829.94,1771957800,829.94,825.19,827.38
830.74,1771958100,834.6,829.99,829.99
834.25,1771958400,835.25,830.25,830.78
832.73,1771958700,836.33,832.65,834.33
832.57,1771959000,834.39,831.86,832.75
829.51,1771959300,833.14,827.68,832.51
830.4,1771959600,831.73,828.36,829.1
827.19,1771959900,830.91,826.59,830.56
827.94,1771960200,828.68,826.21,827.15
829.67,1771960500,830.5,827.73,828.12
830.42,1771960800,832.77,829.26,829.87
832.4,1771961100,833.07,829.82,830.8
831.12,1771961400,832.73,829.25,832.57
837.27,1771961700,838.06,830.78,831.04
839.39,1771962000,840.01,836.09,837.42
835.57,1771962300,840.09,835.51,839.06
833.19,1771962600,837.24,833.04,836.12
832.68,1771962900,833.2,830.24,832.82
830.2,1771963200,833.83,828.87,832.73
829.63,1771963500,831.77,827.93,830.23
825.9,1771963800,830.32,825.59,829.53
823.27,1771964100,827.48,823.27,826.11
823.67,1771964400,826.61,822.57,823.48
822.04,1771964700,823.86,821.3,823.86
821.32,1771965000,825.41,820.84,822.0
822.67,1771965300,823.47,820.41,821.4
823.99,1771965600,824.57,820.85,822.66
819.7,1771965900,824.59,819.59,823.94
815.92,1771966200,820.48,814.65,819.82
818.37,1771966500,818.37,814.99,815.98
817.73,1771966800,819.4,817.47,818.17
818.01,1771967100,818.41,816.6,817.56
820.37,1771967400,821.01,817.86,817.89
819.75,1771967700,822.57,818.95,820.62
816.25,1771968000,820.55,815.74,819.57
814.92,1771968300,818.0,814.74,816.43
815.52,1771968600,816.87,814.07,815.07
816.4,1771968900,817.32,814.88,815.48
814.07,1771969200,817.99,813.94,816.57
813.77,1771969500,816.24,812.79,813.92
814.45,1771969800,815.42,812.38,813.85
815.6,1771970100,817.68,813.88,814.38
816.83,1771970400,818.39,813.71,815.36
817.18,1771970700,818.9,816.64,816.66
817.32,1771971000,818.31,813.73,817.11
815.0,1771971300,819.73,814.88,816.85
812.12,1771971600,816.32,811.89,815.21
808.55,1771971900,813.05,808.12,811.97
815.03,1771972200,815.13,808.37,808.52
814.83,1771972500,815.54,813.05,814.79
814.24,1771972800,817.24,813.52,814.91
814.03,1771973100,815.96,813.48,814.17
814.16,1771973400,817.06,813.66,813.89
814.06,1771973700,814.77,812.14,813.8
816.33,1771974000,817.45,813.77,814.16
815.83,1771974300,816.42,814.26,816.33
809.15,1771974600,816.56,808.9,816.02
806.81,1771974900,809.41,806.04,809.41
804.33,1771975200,807.25,804.33,806.93
806.11,1771975500,807.06,802.9,804.36
806.45,1771975800,807.91,804.2,806.14
810.08,1771976100,810.08,804.69,806.68
812.73,1771976400,812.73,809.05,809.88
812.33,1771976700,813.7,811.41,812.99
812.24,1771977000,813.05,809.7,812.27
810.23,1771977300,812.29,808.14,811.91
810.93,1771977600,812.1,808.95,809.85
811.83,1771977900,812.46,810.66,810.94
815.06,1771978200,817.18,811.51,811.71
819.99,1771978500,820.08,814.7,815.26
817.35,1771978800,819.67,816.31,819.67
820.01,1771979100,821.34,817.22,817.48
819.67,1771979400,822.24,818.11,820.21
817.77,1771979700,819.72,816.36,819.72
818.15,1771980000,818.92,815.99,817.67
815.39,1771980300,818.16,815.2,818.16
814.59,1771980600,816.19,813.88,815.23
808.42,1771980900,814.43,807.03,814.36
805.54,1771981200,809.59,805.38,808.41
806.93,1771981500,808.41,804.97,805.9
805.39,1771981800,807.16,804.98,806.61
806.44,1771982100,806.7,803.18,805.31
803.91,1771982400,806.68,802.83,806.67
807.55,1771982700,807.71,803.58,803.9
805.39,1771983000,808.8,805.23,807.72
807.21,1771983300,808.35,805.04,805.47
805.81,1771983600,807.3,804.69,807.23
806.38,1771983900,807.19,803.41,805.43
806.53,1771984200,806.59,803.15,806.14
807.83,1771984500,808.94,806.0,806.22
811.6,1771984800,811.84,807.73,808.1
812.47,1771985100,813.72,809.44,811.54
817.51,1771985400,817.51,812.02,812.48
815.32,1771985700,818.41,814.86,817.69
815.44,1771986000,818.5,814.73,814.98
815.13,1771986300,815.92,813.56,815.49
813.18,1771986600,815.33,812.04,815.03
816.48,1771986900,816.73,812.43,812.8
813.97,1771987200,816.68,812.43,816.19
814.8,1771987500,815.39,813.21,813.93
816.76,1771987800,818.51,814.58,814.84
818.08,1771988100,818.7,816.79,816.79
817.82,1771988400,819.5,817.16,817.97
814.89,1771988700,818.05,813.57,817.85
816.01,1771989000,817.6,813.41,814.83
813.03,1771989300,816.8,812.45,816.02
815.4,1771989600,816.57,812.9,812.9
817.8,1771989900,818.04,815.16,815.16
821.36,1771990200,821.53,817.58,817.89
821.4,1771990500,821.83,819.22,821.51
818.47,1771990800,821.78,817.25,821.78
820.36,1771991100,820.72,817.9,818.52
820.67,1771991400,823.39,819.6,820.27
819.99,1771991700,821.78,817.71,820.37
822.38,1771992000,823.36,819.92,820.26
820.61,1771992300,824.17,820.61,822.4
823.78,1771992600,824.9,820.6,820.77
828.56,1771992900,828.56,823.51,823.73
830.39,1771993200,830.39,827.08,828.46
834.65,1771993500,834.65,830.59,830.6
833.7,1771993800,838.57,833.54,834.98
833.18,1771994100,834.13,831.01,834.13
836.04,1771994400,836.19,832.01,833.26
832.09,1771994700,835.96,831.27,835.96
832.86,1771995000,832.86,830.7,832.37
831.32,1771995300,833.52,828.04,832.49
831.38,1771995600,832.87,830.09,831.12
831.73,1771995900,833.11,830.2,831.62
836.77,1771996200,836.77,831.55,831.77
833.11,1771996500,837.84,833.0,836.99
837.22,1771996800,837.79,832.77,833.45
835.77,1771997100,840.09,835.4,837.08
834.74,1771997400,838.38,834.51,835.96
834.4,1771997700,834.99,831.79,834.7
832.82,1771998000,835.66,831.64,834.31
835.94,1771998300,836.63,833.03,833.03
833.95,1771998600,837.42,833.26,836.22
837.14,1771998900,837.14,833.87,834.05
838.86,1771999200,839.01,836.34,837.01
843.82,1771999500,843.88,839.11,839.11
845.47,1771999800,845.64,843.54,844.09
842.86,1772000100,846.27,842.53,845.13
843.16,1772000400,844.74,841.54,842.72
837.76,1772000700,843.18,837.66,842.92
838.56,1772001000,841.7,837.68,837.8
836.01,1772001300,840.1,835.68,838.03
841.55,1772001600,843.12,835.37,835.88
842.38,1772001900,843.07,840.1,841.52
843.56,1772002200,844.19,842.08,842.43
845.77,1772002500,846.0,843.51,844.01
845.88,1772002800,846.0,844.06,845.69
846.6,1772003100,847.29,844.35,846.2
841.41,1772003400,847.25,841.41,847.02
839.5,1772003700,841.81,839.14,841.51
838.54,1772004000,839.63,837.1,839.63
837.73,1772004300,839.09,836.35,838.49
837.8,1772004600,838.62,836.09,837.83
841.81,1772004900,841.81,837.51,837.51
841.03,1772005200,844.39,840.77,841.78
838.69,1772005500,842.23,838.67,841.42
836.49,1772005800,838.64,836.46,838.64
838.68,1772006100,839.4,836.02,836.59
835.53,1772006400,838.73,834.28,838.7
832.66,1772006700,836.04,831.68,835.53
830.91,1772007000,833.5,829.58,832.61
831.98,1772007300,833.63,830.19,830.83
832.17,1772007600,832.72,830.28,832.33
837.42,1772007900,837.61,832.28,832.33
838.46,1772008200,841.55,837.63,837.67
837.1,1772008500,840.15,836.86,838.26
836.73,1772008800,838.9,836.61,836.96
836.12,1772009100,837.46,834.74,836.79
838.81,1772009400,840.42,836.07,836.24
840.6,1772009700,840.78,837.62,838.53
841.35,1772010000,842.3,839.59,840.85
842.16,1772010300,842.65,840.7,841.49
846.41,1772010600,846.66,840.83,841.43
845.86,1772010900,847.14,844.18,846.34
841.81,1772011200,845.77,840.5,845.77
840.2,1772011500,842.98,837.47,841.65
844.52,1772011800,846.03,840.31,840.31
846.54,1772012100,846.98,843.69,844.56
845.27,1772012400,846.97,844.12,846.96
847.89,1772012700,847.89,843.37,845.16
846.53,1772013000,847.96,845.33,847.96
847.51,1772013300,848.42,846.0,846.7
847.8,1772013600,848.42,846.61,847.61
848.45,1772013900,850.16,847.45,847.83
852.11,1772014200,852.52,848.02,848.91
851.26,1772014500,852.15,849.91,851.71
850.85,1772014800,852.53,849.75,851.6
851.5,1772015100,851.6,849.04,850.84
849.62,1772015400,852.72,845.62,851.65
850.86,1772015700,852.99,849.15,849.5
851.93,1772016000,852.02,848.15,850.76
854.0,1772016300,854.69,850.15,851.97
851.54,1772016600,854.37,851.43,854.37
851.22,1772016900,852.45,849.44,851.77
850.64,1772017200,852.12,849.62,851.01
851.06,1772017500,851.06,848.32,850.57
851.93,1772017800,854.94,850.58,851.0
852.62,1772018100,853.28,850.68,852.19
853.85,1772018400,855.18,852.45,852.97
855.26,1772018700,856.66,853.61,853.65
857.13,1772019000,857.2,853.61,855.54
858.61,1772019300,859.19,856.04,857.07
859.25,1772019600,860.4,858.2,858.22
853.46,1772019900,859.61,853.33,859.04
857.98,1772020200,857.98,853.41,853.63
859.88,1772020500,860.53,857.47,858.28
858.39,1772020800,860.22,856.97,859.96
862.08,1772021100,863.45,858.46,858.46
859.9,1772021400,863.66,859.65,862.05
859.39,1772021700,860.71,858.87,859.92
862.04,1772022000,862.04,858.87,859.51
865.73,1772022300,866.25,861.65,862.49
868.19,1772022600,868.99,865.17,865.63
874.84,1772022900,874.84,867.41,868.51
868.1,1772023200,875.19,868.1,874.81
873.02,1772023500,873.16,868.1,868.62
874.06,1772023800,875.91,872.88,872.96
871.58,1772024100,874.33,871.03,873.86
873.32,1772024400,874.73,870.98,871.65
876.21,1772024700,877.76,872.61,873.53
880.68,1772025000,880.68,876.03,876.3
878.85,1772025300,881.41,877.98,881.36
874.4,1772025600,879.09,873.99,878.78
872.39,1772025900,874.42,869.59,874.42
873.06,1772026200,875.36,872.37,872.69
874.85,1772026500,876.62,872.82,873.26
875.0,1772026800,877.05,873.92,874.77
874.13,1772027100,875.46,871.79,875.04
872.63,1772027400,876.84,872.32,874.37
874.66,1772027700,876.72,871.65,872.16
877.13,1772028000,879.47,874.36,874.45
876.4,1772028300,878.7,876.0,876.91
878.01,1772028600,878.46,874.83,876.63
877.62,1772028900,879.74,876.16,878.37
881.52,1772029200,881.56,877.37,877.71
878.13,1772029500,881.78,876.75,881.78
875.99,1772029800,878.8,873.67,877.8
876.08,1772030100,877.98,874.35,876.02
867.53,1772030400,875.85,867.53,875.81
869.0,1772030700,871.64,867.37,867.49
871.52,1772031000,872.18,868.35,869.08
876.76,1772031300,876.76,870.66,871.39
875.38,1772031600,879.2,875.17,876.73
874.9,1772031900,877.91,874.45,875.44
880.59,1772032200,881.1,873.9,874.54
878.13,1772032500,881.1,876.59,880.76
872.34,1772032800,879.06,872.11,878.14
873.74,1772033100,874.97,872.25,872.34
873.68,1772033400,874.55,872.92,873.38
867.34,1772033700,873.89,867.34,873.89
865.04,1772034000,868.02,865.04,867.3
862.69,1772034300,866.27,862.58,865.17
862.61,1772034600,863.02,861.23,862.58
863.55,1772034900,865.39,861.43,862.99
860.94,1772035200,863.7,859.5,863.35
862.45,1772035500,862.58,859.57,861.1
860.2,1772035800,862.85,859.33,862.33
859.19,1772036100,861.2,858.03,859.94
857.51,1772036400,858.91,856.43,858.84
855.95,1772036700,858.71,855.21,857.54
856.26,1772037000,856.26,853.13,855.98
856.11,1772037300,858.58,856.08,856.67
860.44,1772037600,860.67,855.35,855.95
861.16,1772037900,862.03,859.54,860.13
859.07,1772038200,861.24,857.53,861.24
855.97,1772038500,859.32,855.4,858.98
855.99,1772038800,857.57,855.7,856.22
854.83,1772039100,857.13,854.53,855.62
854.6,1772039400,855.54,850.93,854.79
851.36,1772039700,854.45,849.75,854.15
848.6,1772040000,853.22,848.33,851.5
847.91,1772040300,848.85,845.84,848.76
851.22,1772040600,852.62,847.37,847.67
847.27,1772040900,851.46,846.76,851.09
849.0,1772041200,849.63,845.94,846.81
848.94,1772041500,851.4,847.59,849.36
853.88,1772041800,854.14,848.99,848.99
847.61,1772042100,853.6,847.52,853.6
848.52,1772042400,849.51,847.03,847.42
846.49,1772042700,848.96,844.64,848.77
847.55,1772043000,848.63,846.41,846.53
847.92,1772043300,849.14,846.49,847.49
851.69,1772043600,851.69,847.58,847.64
855.27,1772043900,855.27,851.5,851.67
855.82,1772044200,857.48,855.24,855.26
857.48,1772044500,858.31,854.46,855.74
858.2,1772044800,859.16,856.03,857.67
862.05,1772045100,862.71,856.56,858.28
857.56,1772045400,862.27,856.48,861.71
856.13,1772045700,858.79,854.71,857.45
856.87,1772046000,857.12,853.85,856.12
855.78,1772046300,858.03,854.96,856.88
855.5,1772046600,857.38,853.83,855.52
853.67,1772046900,856.31,853.67,855.55
852.41,1772047200,855.8,852.41,853.88
851.65,1772047500,853.72,849.88,852.79
849.16,1772047800,852.89,848.82,851.56
845.8,1772048100,851.24,845.8,849.52
849.41,1772048400,849.79,845.59,845.96
847.4,1772048700,849.73,846.01,849.34
846.65,1772049000,848.76,846.3,847.26
842.51,1772049300,846.7,841.66,846.54
841.42,1772049600,843.81,841.2,842.59
842.73,1772049900,843.84,840.78,841.63
846.31,1772050200,847.25,842.39,842.84
842.58,1772050500,848.01,842.58,846.32
842.5,1772050800,842.77,840.47,842.41
842.9,1772051100,843.43,840.53,842.42
849.4,1772051400,849.4,842.91,842.91
849.57,1772051700,851.03,849.07,849.71
852.41,1772052000,852.63,848.22,849.66
854.15,1772052300,854.62,850.38,852.09
853.81,1772052600,855.11,852.93,853.87
859.16,1772052900,859.4,852.55,853.53
865.52,1772053200,865.89,858.5,859.12
861.69,1772053500,866.46,861.18,865.55
860.43,1772053800,862.88,858.47,861.84
860.43,1772054100,860.8,857.21,860.43
863.1,1772054400,863.66,860.03,860.26
860.85,1772054700,864.61,860.85,863.25
861.39,1772055000,861.98,859.12,860.97
865.26,1772055300,865.55,860.94,861.57
863.27,1772055600,865.57,861.96,865.13
867.68,1772055900,868.13,863.32,863.35
865.22,1772056200,868.21,864.62,867.64
867.77,1772056500,868.06,865.59,865.59
869.37,1772056800,871.07,867.1,867.56
870.47,1772057100,870.72,867.08,869.4
868.45,1772057400,871.75,868.06,870.73
868.5,1772057700,870.0,867.09,868.63
869.16,1772058000,871.35,868.37,868.53
872.58,1772058300,872.89,868.84,868.88
872.64,1772058600,873.8,871.06,872.52
871.77,1772058900,873.0,870.83,872.69
873.72,1772059200,874.19,869.52,871.57
873.33,1772059500,874.75,872.35,873.81
871.77,1772059800,874.35,871.7,873.39
871.17,1772060100,872.29,868.84,872.03
870.43,1772060400,872.36,868.54,870.89
865.91,1772060700,872.42,865.84,870.7
866.96,1772061000,869.22,865.77,866.18
867.7,1772061300,868.72,864.51,867.09
866.42,1772061600,868.38,865.84,867.29
865.54,1772061900,867.38,864.44,866.38
866.83,1772062200,869.04,864.53,865.18
865.41,1772062500,867.15,864.23,866.8
865.86,1772062800,868.09,864.87,865.51
866.75,1772063100,868.06,865.33,865.91
868.34,1772063400,869.09,866.71,866.8
867.4,1772063700,868.28,865.23,868.28
865.92,1772064000,870.15,865.6,867.73
870.6,1772064300,871.01,866.44,866.44
869.46,1772064600,871.44,868.77,870.7
866.67,1772064900,872.65,866.24,869.45
867.55,1772065200,868.17,865.1,866.6
864.27,1772065500,867.46,863.89,867.19
865.97,1772065800,866.06,863.23,864.15
868.52,1772066100,868.52,864.08,866.2
867.75,1772066400,869.93,866.96,868.55
865.15,1772066700,868.56,864.65,867.88
865.26,1772067000,865.85,863.22,865.11
868.25,1772067300,868.71,864.11,864.88
869.89,1772067600,871.94,868.07,868.32
867.71,1772067900,870.66,865.63,869.78
865.16,1772068200,869.9,864.81,867.64
864.88,1772068500,865.9,862.96,865.15
862.77,1772068800,865.13,860.5,864.66
867.8,1772069100,868.73,862.24,862.61
863.9,1772069400,869.0,863.9,868.22
866.89,1772069700,867.55,863.68,863.92
863.21,1772070000,867.34,862.67,866.92
866.7,1772070300,866.74,862.15,863.25
868.35,1772070600,870.7,865.65,866.84
866.01,1772070900,868.46,864.09,868.09
864.38,1772071200,867.35,864.38,865.99
857.75,1772071500,864.52,856.98,864.52
857.54,1772071800,858.35,856.13,857.52
853.17,1772072100,857.53,851.09,857.5
852.79,1772072400,854.48,851.91,853.08
850.91,1772072700,853.69,849.89,852.34
854.85,1772073000,854.88,849.92,850.57
857.46,1772073300,858.79,854.9,855.4
854.28,1772073600,857.41,853.35,857.41
857.43,1772073900,858.08,852.78,854.51
858.48,1772074200,861.48,856.51,857.45
857.82,1772074500,858.7,855.37,858.45
859.62,1772074800,859.9,857.04,858.29
864.99,1772075100,865.26,858.5,859.65
866.07,1772075400,866.29,863.43,865.14
869.11,1772075700,869.51,865.27,866.08
870.11,1772076000,870.97,868.63,869.23
871.87,1772076300,872.14,868.42,869.54
870.21,1772076600,873.78,870.21,871.78
870.55,1772076900,871.26,869.14,870.62
866.88,1772077200,871.14,866.09,870.52
864.98,1772077500,867.05,862.44,866.46
863.97,1772077800,865.04,862.36,864.64
867.03,1772078100,869.65,863.1,863.97
869.92,1772078400,870.62,865.57,866.72
872.3,1772078700,872.77,868.97,869.92
865.59,1772079000,873.25,864.68,872.01
862.58,1772079300,866.06,861.23,865.59
863.4,1772079600,863.59,861.46,862.77
863.88,1772079900,863.88,861.38,863.26
859.29,1772080200,864.24,859.12,863.78
865.16,1772080500,865.16,859.01,859.29
865.06,1772080800,867.69,864.92,865.57
867.51,1772081100,867.89,864.3,865.3
869.72,1772081400,870.44,866.05,867.36
873.62,1772081700,873.62,869.03,869.74
870.55,1772082000,874.47,870.1,873.85
867.78,1772082300,871.52,867.78,870.79
866.72,1772082600,868.76,865.68,867.94
866.1,1772082900,867.7,865.47,866.63
869.79,1772083200,870.06,866.03,866.23
873.55,1772083500,875.06,869.15,869.59
873.37,1772083800,874.45,871.91,873.57
874.65,1772084100,875.89,873.41,873.41
872.55,1772084400,874.41,871.35,874.25
874.45,1772084700,875.8,872.65,872.77
876.95,1772085000,877.2,872.7,874.01
875.29,1772085300,878.39,874.92,877.1
876.07,1772085600,876.39,873.14,875.11
875.9,1772085900,877.74,874.85,876.56
875.99,1772086200,878.14,874.06,875.9
872.8,1772086500,877.08,871.83,875.64
874.06,1772086800,875.23,872.62,872.72
868.53,1772087100,873.69,868.39,873.69
870.66,1772087400,871.61,867.76,868.3
873.54,1772087700,874.97,870.03,870.29
877.12,1772088000,878.43,873.19,873.19
877.53,1772088300,879.49,875.99,877.4
878.77,1772088600,880.5,877.48,877.62
878.66,1772088900,880.09,876.92,878.59
876.31,1772089200,881.59,875.98,878.41
876.96,1772089500,877.39,874.0,876.45
876.93,1772089800,879.35,875.69,876.77
875.26,1772090100,877.12,873.32,877.09
877.27,1772090400,878.48,874.27,875.13
876.79,1772090700,880.86,876.2,877.31
873.27,1772091000,876.87,872.82,876.51
874.67,1772091300,874.86,873.08,873.55
879.57,1772091600,879.57,872.23,874.62
878.27,1772091900,880.53,876.75,879.87
877.89,1772092200,878.69,876.16,878.47
878.86,1772092500,879.33,874.97,877.85
877.34,1772092800,879.99,875.28,878.85
878.38,1772093100,878.6,874.78,877.22
879.94,1772093400,880.83,877.23,878.76
880.01,1772093700,880.68,876.21,879.99
881.51,1772094000,883.17,878.88,879.65
881.78,1772094300,883.72,881.01,881.66
879.09,1772094600,881.94,878.09,881.68
876.6,1772094900,879.79,876.49,879.25
872.35,1772095200,876.73,871.61,876.63
876.14,1772095500,876.14,872.0,872.06
878.93,1772095800,879.58,876.09,876.13
880.51,1772096100,882.29,878.54,879.04
879.7,1772096400,881.61,879.23,880.72
880.55,1772096700,881.46,879.06,879.69
882.98,1772097000,884.71,880.1,880.57
881.75,1772097300,883.16,880.81,882.76
881.73,1772097600,882.15,878.98,881.92
883.85,1772097900,884.44,880.01,881.56
886.29,1772098200,886.33,882.94,883.66
885.94,1772098500,886.98,884.75,886.34
883.52,1772098800,885.59,881.57,885.43
883.52,1772099100,885.53,881.6,883.72
880.33,1772099400,884.06,880.17,883.57
876.81,1772099700,880.06,876.58,880.04
877.42,1772100000,877.96,875.37,876.92
875.95,1772100300,879.54,875.89,877.17
871.03,1772100600,875.85,870.44,875.65
873.9,1772100900,875.75,870.14,871.27
871.46,1772101200,874.66,870.87,873.86
872.46,1772101500,872.8,868.27,871.55
871.93,1772101800,875.02,870.05,872.85
872.15,1772102100,873.74,870.98,872.23
869.48,1772102400,872.83,869.47,872.23
873.44,1772102700,874.12,869.09,869.12
872.05,1772103000,875.66,871.19,873.54
875.63,1772103300,875.63,869.99,871.83
876.34,1772103600,876.98,873.83,875.65
881.07,1772103900,882.32,876.05,876.28
882.81,1772104200,883.9,880.73,880.83
878.84,1772104500,883.57,878.81,882.68
880.79,1772104800,882.54,878.56,878.86
879.37,1772105100,882.67,879.32,881.16
876.6,1772105400,881.92,876.36,879.5
873.5,1772105700,876.97,873.09,876.88
872.36,1772106000,875.07,872.28,873.35
871.07,1772106300,873.37,870.35,872.5
866.76,1772106600,872.08,866.1,871.3
866.25,1772106900,867.91,865.07,866.59
866.7,1772107200,866.97,864.49,865.98
865.75,1772107500,866.75,864.02,866.75
865.2,1772107800,866.33,864.08,865.88
863.27,1772108100,865.6,862.9,865.33
863.56,1772108400,865.16,862.05,863.44
865.88,1772108700,865.96,862.09,863.32
863.68,1772109000,866.06,863.11,865.9
865.09,1772109300,868.27,862.59,863.66
866.38,1772109600,866.95,863.13,865.41
861.04,1772109900,866.66,860.44,866.34
865.32,1772110200,865.46,860.74,861.34
864.87,1772110500,869.79,864.79,865.34
863.56,1772110800,865.57,862.2,864.45
865.7,1772111100,868.18,863.77,863.77
864.37,1772111400,867.19,862.43,865.67
864.05,1772111700,864.81,860.92,864.47
865.81,1772112000,866.79,862.51,864.01
865.59,1772112300,867.12,864.15,865.57
868.82,1772112600,868.91,865.33,865.8
867.15,1772112900,868.99,865.29,868.62
862.38,1772113200,867.04,861.99,866.95
862.73,1772113500,862.91,859.63,862.16
864.82,1772113800,865.23,862.24,862.44
863.82,1772114100,865.7,863.18,864.58
863.04,1772114400,863.97,861.05,863.64
867.06,1772114700,867.83,862.63,863.32
867.57,1772115000,869.51,866.75,867.26
865.44,1772115300,867.73,864.43,867.3
869.19,1772115600,869.52,865.04,865.04
869.0,1772115900,869.66,865.57,868.59
862.85,1772116200,870.36,862.59,869.12
859.48,1772116500,862.97,858.63,862.58
858.19,1772116800,861.92,856.3,860.31
861.32,1772117100,862.09,858.64,858.64
859.96,1772117400,862.33,857.9,860.92
856.97,1772117700,862.62,856.77,860.46
856.44,1772118000,860.72,856.17,857.05
851.55,1772118300,856.67,851.47,856.48
847.69,1772118600,851.91,846.67,851.81
848.09,1772118900,848.93,845.72,848.16
848.74,1772119200,849.39,847.55,848.09
847.69,1772119500,851.09,846.31,849.06
843.1,1772119800,848.23,842.23,847.56
844.99,1772120100,848.27,841.25,843.18
844.64,1772120400,845.77,842.49,845.22
843.09,1772120700,844.59,840.57,844.59
846.78,1772121000,846.78,841.99,843.0
850.01,1772121300,850.32,846.58,846.58
849.8,1772121600,853.82,849.5,850.15
850.63,1772121900,851.88,847.51,849.88
851.97,1772122200,852.0,848.04,850.48
854.2,1772122500,854.64,851.94,852.05
857.5,1772122800,858.42,853.59,854.03
856.88,1772123100,859.65,856.49,857.45
862.49,1772123400,862.53,857.06,857.17
861.69,1772123700,862.65,859.92,862.17
860.96,1772124000,864.5,860.62,861.79
858.53,1772124300,861.42,857.65,860.98
859.29,1772124600,859.35,856.87,858.68
861.98,1772124900,861.98,858.89,858.93
859.1,1772125200,863.68,859.1,861.8
855.98,1772125500,859.79,855.89,859.19
859.65,1772125800,860.37,856.04,856.22
862.08,1772126100,862.57,858.22,859.54
862.22,1772126400,863.42,861.06,862.11
859.91,1772126700,861.92,858.26,861.92
863.77,1772127000,863.77,859.25,859.77
869.0,1772127300,869.87,863.53,863.82
863.98,1772127600,869.04,862.89,868.86
864.48,1772127900,867.18,864.05,864.13
863.57,1772128200,865.05,863.39,864.24
866.46,1772128500,867.36,863.55,863.77
867.25,1772128800,867.25,864.37,866.17
870.06,1772129100,870.06,866.26,867.57
873.59,1772129400,873.74,868.54,870.16
865.93,1772129700,873.79,865.93,873.79
862.61,1772130000,866.23,861.67,866.23
860.04,1772130300,863.94,860.04,862.53
856.42,1772130600,861.57,856.42,860.33
856.61,1772130900,857.95,853.9,856.43
855.99,1772131200,858.83,855.99,856.59
850.81,1772131500,856.01,850.8,855.89
851.7,1772131800,853.25,849.71,851.19
848.92,1772132100,852.31,846.86,851.58
848.53,1772132400,848.96,846.94,848.78
849.39,1772132700,850.22,846.82,848.83
845.31,1772133000,850.22,845.31,849.63
845.77,1772133300,845.96,843.27,845.34
845.03,1772133600,846.65,844.07,845.96
846.43,1772133900,847.37,844.6,844.84
843.48,1772134200,847.06,843.3,846.37
842.32,1772134500,844.73,840.95,843.58
845.35,1772134800,845.48,842.13,842.31
846.08,1772135100,848.4,844.49,845.33
845.38,1772135400,846.42,843.73,846.12
844.76,1772135700,847.06,844.27,845.23
844.76,1772136000,847.43,844.33,844.82
845.08,1772136300,846.53,843.85,844.54
849.05,1772136600,849.7,844.65,845.35
847.68,1772136900,849.61,847.03,848.73
846.46,1772137200,847.99,845.44,847.87
840.86,1772137500,846.38,840.45,846.33
839.51,1772137800,840.75,838.45,840.7
841.24,1772138100,841.38,838.0,839.48
840.95,1772138400,842.63,840.14,840.68
843.29,1772138700,843.39,838.74,841.22
844.49,1772139000,845.42,842.9,843.29
842.78,1772139300,844.81,841.28,844.41
846.27,1772139600,847.07,842.32,842.62
850.24,1772139900,850.3,846.05,846.23
856.85,1772140200,857.42,849.89,850.07
853.52,1772140500,857.48,853.52,857.05
854.87,1772140800,856.31,853.32,853.68
860.11,1772141100,860.11,855.34,855.34
861.95,1772141400,862.95,857.9,859.91
860.11,1772141700,862.41,859.42,862.12
862.11,1772142000,863.35,859.98,860.17
860.5,1772142300,862.39,858.91,861.85
862.68,1772142600,862.8,859.92,860.55
862.41,1772142900,865.77,862.41,862.44
858.94,1772143200,864.54,858.8,862.46
859.32,1772143500,859.32,855.83,859.01
856.9,1772143800,859.55,855.51,859.41
858.36,1772144100,859.11,855.41,857.05
859.87,1772144400,861.26,858.16,858.47
859.24,1772144700,860.9,857.82,860.27
857.79,1772145000,859.92,856.07,859.26
856.9,1772145300,858.95,856.33,857.91
851.64,1772145600,857.39,849.47,856.65
850.55,1772145900,853.06,850.24,851.67
850.66,1772146200,851.58,849.4,850.57
851.6,1772146500,853.1,850.63,850.63
855.61,1772146800,855.61,850.87,851.35
851.9,1772147100,857.29,850.86,855.87
851.76,1772147400,852.82,850.35,851.49
854.59,1772147700,854.66,851.06,851.55
853.63,1772148000,857.02,852.49,854.75
852.27,1772148300,854.79,851.91,853.97
848.51,1772148600,853.09,847.94,852.19
846.91,1772148900,849.45,846.78,848.09
847.61,1772149200,850.67,846.38,846.94
845.83,1772149500,847.36,845.26,847.34
845.24,1772149800,847.31,843.75,845.82
848.2,1772150100,848.99,843.95,845.5
845.04,1772150400,850.61,844.87,848.04
843.75,1772150700,846.98,843.4,844.49
842.19,1772151000,844.06,840.61,843.64
842.11,1772151300,843.37,840.68,842.11
842.26,1772151600,842.95,840.51,842.08
842.22,1772151900,843.63,839.46,842.08
844.16,1772152200,844.16,837.65,841.81
848.35,1772152500,850.43,844.22,844.22
846.04,1772152800,849.15,845.26,848.52
846.14,1772153100,848.28,845.52,845.98
849.15,1772153400,850.8,846.28,846.69
851.11,1772153700,853.67,848.91,849.09
849.68,1772154000,852.67,849.18,850.97
848.63,1772154300,850.41,846.3,849.85
847.57,1772154600,850.63,846.04,848.79
843.27,1772154900,847.52,842.36,847.52
847.29,1772155200,847.29,842.17,843.61
846.9,1772155500,847.54,844.35,847.19
844.48,1772155800,848.13,843.06,846.97
844.08,1772156100,847.85,843.24,844.7
845.57,1772156400,846.48,841.9,844.42
842.25,1772156700,846.94,841.41,845.68
841.12,1772157000,843.5,840.86,842.02
838.6,1772157300,842.18,837.41,841.04
836.28,1772157600,841.62,836.28,838.39
837.08,1772157900,838.35,836.33,836.44
837.18,1772158200,839.31,836.01,837.19
838.28,1772158500,838.37,835.9,836.86
838.43,1772158800,841.07,837.99,838.34
832.58,1772159100,837.93,832.58,837.93
834.55,1772159400,834.8,830.84,832.29
832.24,1772159700,835.95,830.51,834.79
834.75,1772160000,835.05,831.49,832.12
834.33,1772160300,837.71,833.21,834.79
833.09,1772160600,834.56,832.71,834.48
831.08,1772160900,834.51,830.71,833.32
832.49,1772161200,832.88,829.19,830.74
833.37,1772161500,834.06,831.42,832.95
830.76,1772161800,834.39,830.16,833.57
831.6,1772162100,833.13,830.68,830.9
828.16,1772162400,832.0,827.78,831.85
829.55,1772162700,830.62,827.96,827.99
824.13,1772163000,829.66,823.72,829.52
825.21,1772163300,827.21,823.5,824.14
821.65,1772163600,825.3,821.24,825.25
824.71,1772163900,824.81,821.74,821.82
826.0,1772164200,827.76,824.46,825.02
825.08,1772164500,826.72,824.17,826.31
826.15,1772164800,827.06,822.73,824.8
825.06,1772165100,827.4,824.28,826.11
824.76,1772165400,826.75,824.72,825.18
823.66,1772165700,825.0,820.37,824.46
826.19,1772166000,827.31,823.85,823.88
824.4,1772166300,827.35,824.19,826.45
826.23,1772166600,828.09,823.77,823.93
821.22,1772166900,826.5,821.1,826.5
821.62,1772167200,823.08,820.39,821.22
824.5,1772167500,824.5,820.22,821.93
819.54,1772167800,824.86,819.52,824.36
821.14,1772168100,822.02,818.49,819.38
819.96,1772168400,821.83,819.62,821.34
821.36,1772168700,823.35,819.52,819.84
820.41,1772169000,822.32,818.94,821.1
822.87,1772169300,823.01,819.29,820.12
824.36,1772169600,826.12,822.46,822.92
825.23,1772169900,826.61,823.61,824.3
825.05,1772170200,826.54,823.21,825.64
820.59,1772170500,826.54,820.06,825.26
819.89,1772170800,820.96,818.53,820.71
818.18,1772171100,821.68,817.79,819.82
817.67,1772171400,818.97,816.1,818.23
813.76,1772171700,819.69,812.5,817.64
815.94,1772172000,816.46,813.09,813.92
817.5,1772172300,817.58,814.22,815.43
819.29,1772172600,820.52,817.16,817.44
820.37,1772172900,820.61,818.39,819.26
819.76,1772173200,820.66,817.5,820.51
820.65,1772173500,821.83,817.56,819.34
824.03,1772173800,824.42,820.38,820.64
821.85,1772174100,824.44,821.21,823.91
821.8,1772174400,823.69,820.17,821.89
823.97,1772174700,824.47,819.47,821.58
822.95,1772175000,824.52,822.68,823.95
824.19,1772175300,825.43,822.41,823.1
818.67,1772175600,825.38,818.67,824.3
819.81,1772175900,820.31,817.55,818.95
820.21,1772176200,820.37,817.85,819.56
819.54,1772176500,822.49,819.42,820.03
819.58,1772176800,820.97,818.09,819.54
817.12,1772177100,820.04,817.04,819.8
817.94,1772177400,819.59,816.95,816.95
815.07,1772177700,818.11,813.79,817.98
816.68,1772178000,817.01,811.93,815.08
814.55,1772178300,817.32,814.44,816.65
818.54,1772178600,818.98,813.54,814.82
817.92,1772178900,819.08,816.74,818.81
818.1,1772179200,820.41,817.68,818.09
820.35,1772179500,820.89,817.47,817.96
825.37,1772179800,825.95,819.72,820.28
828.93,1772180100,828.93,825.13,825.5
834.14,1772180400,834.16,828.04,828.89
836.14,1772180700,837.09,833.48,834.31
837.48,1772181000,837.72,834.35,835.88
835.04,1772181300,839.64,834.8,837.65
835.94,1772181600,835.94,831.22,835.4
840.75,1772181900,841.08,835.18,836.18
836.38,1772182200,840.99,834.85,840.46
836.23,1772182500,838.07,834.9,836.15
836.03,1772182800,837.43,835.23,836.04
840.16,1772183100,840.44,835.36,835.93
842.61,1772183400,845.47,840.02,840.02
842.34,1772183700,844.7,841.82,842.38
839.47,1772184000,843.03,839.47,842.29
836.25,1772184300,839.91,835.65,839.46
837.0,1772184600,839.83,834.29,836.23
840.26,1772184900,840.26,836.18,836.93
839.48,1772185200,841.22,837.89,840.66
835.66,1772185500,839.15,835.03,839.03
837.09,1772185800,838.29,834.99,835.75
838.91,1772186100,840.31,836.53,836.88
839.05,1772186400,841.1,838.02,838.8
837.47,1772186700,840.91,837.47,839.26
835.39,1772187000,838.45,835.2,837.44
835.31,1772187300,837.68,833.77,835.74
836.39,1772187600,838.3,833.89,835.03
838.26,1772187900,838.66,835.7,836.29
841.88,1772188200,842.19,837.42,838.3
847.87,1772188500,849.03,841.58,842.02
848.83,1772188800,850.53,847.6,848.02
846.81,1772189100,848.85,845.66,848.85
846.17,1772189400,847.84,844.8,846.89
845.21,1772189700,847.27,844.28,846.38
845.4,1772190000,845.66,842.79,845.29
846.07,1772190300,847.72,844.59,845.18
848.74,1772190600,849.44,845.52,845.67
849.55,1772190900,851.68,848.95,849.09
849.19,1772191200,850.28,848.04,849.71
851.72,1772191500,853.69,848.44,849.26
849.1,1772191800,852.03,847.39,851.65
847.83,1772192100,851.46,847.4,849.33
848.7,1772192400,850.75,847.35,848.21
845.66,1772192700,848.85,844.46,848.27
843.55,1772193000,846.79,843.55,846.05
843.99,1772193300,846.45,843.23,843.81
845.87,1772193600,846.01,841.73,844.01
843.2,1772193900,846.12,842.51,845.69
841.18,1772194200,845.86,841.17,843.13
838.71,1772194500,841.89,838.67,841.05
833.51,1772194800,839.88,833.0,839.26
831.21,1772195100,833.58,830.52,833.19
830.71,1772195400,832.75,829.62,830.87
823.18,1772195700,830.77,823.15,830.75
821.46,1772196000,823.18,820.22,822.76
819.75,1772196300,822.58,819.53,821.48
816.36,1772196600,820.1,816.14,819.92
813.56,1772196900,817.01,813.56,816.46
816.66,1772197200,816.66,813.22,813.79
815.51,1772197500,818.9,815.06,816.72
815.89,1772197800,816.22,813.41,815.15
814.49,1772198100,816.33,812.88,815.99
816.91,1772198400,818.02,814.14,814.81
816.65,1772198700,820.22,816.61,816.93
816.44,1772199000,817.9,815.57,816.57
815.59,1772199300,816.69,814.93,816.31
816.56,1772199600,817.54,814.76,815.22
819.05,1772199900,819.69,814.78,816.71
816.86,1772200200,819.54,816.69,819.02
814.07,1772200500,817.49,812.27,816.79
815.37,1772200800,815.46,812.84,813.89
815.13,1772201100,816.97,815.01,815.38
811.31,1772201400,815.55,810.36,815.19
815.09,1772201700,815.09,811.19,811.49
814.02,1772202000,817.62,813.59,814.93
810.87,1772202300,814.51,809.74,814.25
811.68,1772202600,812.99,809.88,810.64
812.91,1772202900,813.09,809.13,811.48
810.47,1772203200,813.92,809.75,812.83
805.07,1772203500,810.35,804.29,810.35
805.31,1772203800,807.07,804.04,805.09
804.3,1772204100,806.39,803.82,805.18
802.91,1772204400,805.39,801.15,804.33
800.13,1772204700,803.93,799.52,803.11
801.6,1772205000,801.78,798.1,800.25
801.54,1772205300,803.2,800.82,801.44
804.01,1772205600,805.25,800.09,801.51
801.27,1772205900,805.74,800.97,803.94
800.8,1772206200,801.55,798.75,801.39
799.5,1772206500,801.67,798.9,800.29
802.55,1772206800,803.52,799.47,799.55
801.72,1772207100,805.35,801.51,802.53
802.26,1772207400,804.91,801.39,801.81
803.25,1772207700,805.22,802.06,802.06
803.51,1772208000,804.59,801.96,803.6
803.05,1772208300,803.75,800.87,803.75
804.16,1772208600,804.49,801.69,803.05
804.06,1772208900,804.55,801.67,804.13
805.08,1772209200,805.12,802.6,804.35
806.81,1772209500,808.62,804.2,804.96
804.75,1772209800,807.08,802.42,806.65
802.01,1772210100,805.08,801.64,804.98
801.37,1772210400,803.48,801.34,801.68
802.47,1772210700,803.04,800.38,801.35
804.89,1772211000,805.57,802.4,802.4
803.62,1772211300,805.19,802.04,804.75
804.7,1772211600,806.03,802.39,803.52
807.57,1772211900,807.87,804.82,804.94
804.49,1772212200,808.42,804.34,807.9
805.94,1772212500,807.07,802.93,804.49
807.33,1772212800,808.22,805.13,805.9
807.29,1772213100,809.57,805.05,807.71
810.37,1772213400,811.35,807.34,807.34
811.19,1772213700,812.78,809.48,810.28
812.9,1772214000,814.21,810.37,811.04
806.75,1772214300,814.22,806.53,813.02
808.61,1772214600,810.6,806.49,806.49
810.45,1772214900,813.19,808.82,808.82
811.43,1772215200,812.69,808.28,810.48
811.46,1772215500,814.14,810.96,811.26
810.5,1772215800,812.67,809.02,811.57
807.4,1772216100,811.67,806.98,810.31
813.12,1772216400,813.71,807.48,807.48
809.61,1772216700,813.61,808.52,813.34
811.94,1772217000,813.97,809.63,809.83
815.68,1772217300,815.92,809.53,811.77
818.28,1772217600,819.37,814.7,815.61
816.91,1772217900,818.52,815.57,818.1
819.5,1772218200,820.8,816.95,817.12
817.07,1772218500,820.1,816.12,819.34
819.66,1772218800,819.9,817.41,817.41
820.44,1772219100,820.44,818.73,819.29
825.75,1772219400,825.75,819.81,820.42
824.88,1772219700,827.84,824.68,825.97
821.17,1772220000,825.13,820.5,824.75
816.38,1772220300,821.37,816.21,820.62
816.39,1772220600,816.72,813.34,816.37
819.23,1772220900,819.55,815.63,816.25
819.56,1772221200,820.46,817.33,819.07
817.7,1772221500,819.64,817.15,819.46
820.86,1772221800,820.86,816.74,817.56
818.06,1772222100,820.98,817.72,820.76
817.97,1772222400,819.26,817.11,818.26
819.79,1772222700,819.79,817.12,818.19
819.93,1772223000,820.52,817.76,820.11
819.91,1772223300,822.36,819.7,819.83
822.49,1772223600,822.77,818.37,819.92
821.03,1772223900,822.57,819.08,822.52
817.87,1772224200,820.38,816.68,820.38
813.33,1772224500,818.19,813.33,818.19
813.44,1772224800,814.87,811.26,813.45
813.44,1772225100,813.83,812.04,813.12
816.58,1772225400,817.48,812.95,813.55
813.74,1772225700,816.66,812.89,816.51
812.7,1772226000,815.03,812.04,813.61
813.0,1772226300,813.31,810.71,812.27
812.51,1772226600,815.24,811.12,813.05
813.8,1772226900,814.19,811.27,812.57
819.76,1772227200,820.38,813.46,813.84
818.23,1772227500,820.79,815.78,819.92
818.76,1772227800,818.93,815.08,818.08
819.86,1772228100,820.63,816.0,818.75
819.05,1772228400,822.06,818.68,819.67
819.74,1772228700,820.87,817.64,819.27
819.82,1772229000,821.01,818.88,820.09
819.82,1772229300,820.65,818.01,819.95
821.47,1772229600,821.48,818.62,819.68
821.4,1772229900,822.7,819.54,821.63
825.34,1772230200,825.5,820.11,821.55
825.65,1772230500,827.77,825.29,825.4
821.68,1772230800,825.71,821.39,825.51
821.49,1772231100,822.46,819.71,821.54
823.56,1772231400,823.68,821.18,821.36
823.72,1772231700,824.34,822.01,823.92
821.12,1772232000,824.6,820.4,823.55
816.66,1772232300,821.34,816.66,821.17
814.79,1772232600,817.66,814.79,816.57
817.94,1772232900,819.14,814.79,814.87
818.9,1772233200,819.97,816.18,817.95
820.99,1772233500,821.62,817.88,819.02
817.83,1772233800,821.91,817.83,820.54
820.46,1772234100,821.29,817.02,817.8
818.34,1772234400,820.98,818.34,820.36
820.16,1772234700,821.77,818.22,818.81
821.97,1772235000,822.39,819.4,820.23
820.56,1772235300,822.36,819.2,822.17
821.73,1772235600,822.19,819.04,820.52
817.04,1772235900,823.5,816.56,821.52
816.27,1772236200,817.86,815.45,817.37
813.43,1772236500,816.28,812.31,816.28
809.25,1772236800,813.28,808.88,813.28
809.82,1772237100,811.46,807.96,809.18
806.88,1772237400,810.26,804.47,809.44
810.03,1772237700,810.84,806.25,807.15
810.83,1772238000,811.85,809.66,810.12
809.66,1772238300,810.74,807.35,810.74
811.12,1772238600,811.92,808.82,809.66
809.53,1772238900,811.61,808.82,810.9
805.84,1772239200,809.43,805.36,809.43
808.5,1772239500,808.9,803.35,805.62
810.57,1772239800,810.57,805.79,808.56
817.2,1772240100,817.47,810.79,810.87
816.5,1772240400,818.04,814.45,816.99
817.31,1772240700,821.33,816.19,816.33
817.46,1772241000,817.75,814.14,817.37
816.6,1772241300,817.49,814.81,817.33
817.09,1772241600,817.09,814.15,816.56
819.91,1772241900,819.91,816.39,817.21
818.54,1772242200,820.95,818.54,819.8
818.95,1772242500,822.03,817.9,818.24
821.83,1772242800,822.06,817.49,819.02
820.26,1772243100,823.28,818.48,821.83
821.47,1772243400,822.11,819.44,820.19
819.08,1772243700,821.83,818.87,821.03
821.7,1772244000,822.55,819.38,819.38
822.65,1772244300,824.11,821.57,821.92
821.83,1772244600,825.24,821.44,823.03
823.07,1772244900,824.22,820.43,822.05
823.57,1772245200,823.69,820.82,822.7
822.98,1772245500,823.9,821.96,823.43
818.24,1772245800,823.87,817.94,823.34
817.56,1772246100,819.15,815.63,818.11
816.05,1772246400,818.22,815.61,817.34
814.98,1772246700,817.89,813.17,816.25
815.1,1772247000,816.52,812.07,814.43
813.75,1772247300,816.3,813.23,814.96
815.38,1772247600,816.34,813.26,813.77
813.1,1772247900,817.43,812.48,815.46
818.22,1772248200,818.22,812.39,812.96
818.93,1772248500,823.12,818.09,818.47
818.54,1772248800,819.83,816.48,819.15
815.74,1772249100,819.6,814.9,818.77
815.64,1772249400,816.09,813.76,815.6
818.02,1772249700,818.35,815.72,815.92
822.1,1772250000,823.54,817.7,817.82
824.36,1772250300,825.03,821.96,822.24
827.0,1772250600,828.3,824.02,824.21
825.01,1772250900,827.25,824.25,827.2
821.88,1772251200,826.32,821.2,825.03
821.72,1772251500,824.84,820.03,822.04
823.65,1772251800,825.29,821.14,821.79
822.28,1772252100,824.7,821.81,823.8
820.21,1772252400,823.41,820.21,822.45
820.64,1772252700,823.39,820.05,820.47
821.3,1772253000,822.66,819.87,820.6
821.9,1772253300,823.85,820.9,821.44
821.99,1772253600,822.03,819.59,821.87
824.95,1772253900,826.21,822.34,822.38
825.37,1772254200,825.48,823.49,824.47
831.98,1772254500,833.27,825.25,825.25
833.41,1772254800,833.78,830.73,831.4
830.24,1772255100,834.55,828.86,833.39
833.61,1772255400,835.03,829.61,830.3
835.88,1772255700,838.12,833.06,833.69
838.24,1772256000,839.36,835.77,836.11
834.78,1772256300,839.19,834.51,837.97
834.97,1772256600,837.24,834.38,834.89
834.94,1772256900,836.75,833.95,835.02
832.68,1772257200,835.52,832.36,834.77
835.33,1772257500,835.98,831.85,832.9
832.76,1772257800,835.57,829.94,835.48
833.56,1772258100,836.64,832.54,833.06
835.5,1772258400,836.73,833.38,833.88
836.98,1772258700,838.8,835.23,835.23
839.53,1772259000,839.8,834.61,837.07
832.65,1772259300,840.5,832.5,839.44
832.64,1772259600,835.57,832.52,833.01
833.0,1772259900,834.88,832.47,832.88
830.92,1772260200,833.26,829.36,832.87
830.9,1772260500,831.46,829.24,830.75
834.17,1772260800,834.17,829.78,830.67
827.3,1772261100,834.44,825.0,834.05
827.38,1772261400,828.51,825.54,827.31
826.53,1772261700,827.58,825.6,827.36
824.97,1772262000,827.27,824.72,826.57
823.39,1772262300,825.24,822.54,824.72
826.19,1772262600,827.72,823.05,823.48
823.15,1772262900,828.64,822.3,826.32
822.18,1772263200,823.79,820.89,823.18
823.57,1772263500,823.57,820.38,821.88
824.99,1772263800,825.92,821.9,823.73
827.19,1772264100,827.19,823.28,824.9
825.29,1772264400,829.09,825.29,826.77
826.4,1772264700,827.93,823.7,825.11
827.42,1772265000,827.72,825.15,826.47
834.93,1772265300,835.12,827.08,827.38
840.92,1772265600,840.92,834.59,835.06
839.65,1772265900,841.71,838.89,840.43
840.5,1772266200,840.7,837.5,839.4
840.59,1772266500,841.25,838.88,840.46
840.99,1772266800,842.24,839.33,840.64
838.22,1772267100,841.74,838.22,841.2
835.82,1772267400,839.48,835.79,837.8
833.9,1772267700,837.25,833.57,835.4
834.66,1772268000,835.67,833.21,833.68
834.34,1772268300,837.85,833.59,834.35
834.21,1772268600,836.22,832.88,834.34
834.92,1772268900,836.58,833.37,834.07
833.27,1772269200,837.3,833.27,834.85
834.94,1772269500,837.78,831.45,833.3
836.94,1772269800,836.94,833.97,834.87
840.05,1772270100,840.94,837.26,837.35
840.53,1772270400,844.63,839.45,840.2
843.64,1772270700,846.83,840.29,840.86
841.39,1772271000,844.47,838.84,843.97
840.99,1772271300,843.06,839.15,841.3
838.9,1772271600,840.94,837.36,840.69
839.74,1772271900,840.95,837.89,838.45
836.12,1772272200,840.7,835.23,839.75
836.55,1772272500,836.73,832.4,836.0
834.6,1772272800,838.11,834.38,836.52
833.53,1772273100,835.89,832.64,834.46
833.53,1772273400,836.0,832.93,833.62
835.69,1772273700,835.77,832.27,833.32
833.19,1772274000,835.85,832.22,835.8
829.77,1772274300,833.34,828.72,833.31
830.3,1772274600,831.67,829.38,829.79
832.15,1772274900,832.81,829.34,829.99
835.51,1772275200,835.71,831.49,831.89
834.38,1772275500,836.46,832.15,835.3
836.17,1772275800,836.84,833.32,834.36
838.6,1772276100,839.03,835.57,836.21
840.67,1772276400,843.33,838.39,838.64
843.9,1772276700,844.63,839.68,840.56
846.87,1772277000,848.7,843.84,844.15
842.99,1772277300,847.76,842.59,847.03
842.47,1772277600,843.38,840.87,843.23
840.47,1772277900,842.72,838.35,842.36
838.33,1772278200,841.19,836.96,840.5
839.6,1772278500,841.04,838.29,838.33
838.86,1772278800,840.67,837.62,839.43
842.55,1772279100,844.02,838.7,838.85
844.13,1772279400,845.77,842.62,842.86
844.86,1772279700,846.65,842.71,844.57
843.6,1772280000,845.12,842.55,844.49
843.65,1772280300,845.3,842.9,843.74
840.43,1772280600,844.41,839.65,843.68
837.78,1772280900,840.76,837.55,840.39
837.33,1772281200,840.11,836.67,837.65
836.51,1772281500,838.35,834.09,837.46
836.9,1772281800,839.7,835.37,836.77
835.75,1772282100,839.72,835.25,837.32
838.53,1772282400,839.74,835.88,835.88
838.59,1772282700,839.91,836.34,838.43
840.53,1772283000,841.03,838.08,838.54
838.56,1772283300,841.92,837.37,840.44
842.44,1772283600,842.83,837.08,838.79
841.96,1772283900,842.31,839.07,842.23
845.49,1772284200,847.41,841.54,841.78
841.66,1772284500,845.43,841.66,845.43
839.4,1772284800,841.8,838.5,841.52
838.41,1772285100,840.62,837.71,839.39
839.74,1772285400,841.06,838.29,838.37
840.35,1772285700,840.93,837.45,839.44
838.6,1772286000,840.96,837.27,839.94
836.25,1772286300,839.6,836.25,838.69
832.94,1772286600,836.61,832.83,836.21
832.25,1772286900,834.04,831.31,832.78
835.1,1772287200,835.1,830.91,832.43
839.75,1772287500,839.75,833.02,835.03
840.46,1772287800,840.46,836.52,839.59
838.45,1772288100,841.35,837.2,840.47
837.2,1772288400,838.38,836.14,838.0
838.85,1772288700,839.56,836.58,837.12
836.49,1772289000,839.68,836.06,839.27
831.56,1772289300,836.96,831.56,836.47
829.68,1772289600,834.24,829.67,831.52
827.68,1772289900,831.79,827.11,829.7
826.81,1772290200,829.39,826.31,827.7
831.12,1772290500,831.17,826.39,826.93
830.59,1772290800,831.48,828.29,831.47
832.44,1772291100,834.1,829.48,830.42
832.43,1772291400,836.66,832.38,832.4
832.13,1772291700,834.96,831.87,832.5
833.53,1772292000,836.07,831.97,831.97
836.21,1772292300,837.55,833.3,833.37
832.58,1772292600,836.73,831.71,836.39
835.43,1772292900,835.57,831.43,832.42
839.33,1772293200,839.53,835.37,835.82
840.59,1772293500,841.41,838.86,839.57
844.53,1772293800,845.95,840.42,840.95
842.21,1772294100,844.4,842.21,844.31
841.89,1772294400,845.37,840.58,841.98
839.16,1772294700,841.85,837.58,841.43
842.82,1772295000,842.82,838.66,839.22
844.32,1772295300,844.76,842.05,842.97
840.28,1772295600,844.67,838.35,844.22
841.57,1772295900,842.47,840.16,840.25
839.69,1772296200,841.81,838.47,841.64
838.61,1772296500,841.71,838.2,839.79
839.84,1772296800,839.95,837.34,838.78
840.23,1772297100,841.06,838.88,840.15
835.07,1772297400,840.26,834.99,840.1
833.4,1772297700,837.14,833.4,835.01
835.62,1772298000,836.96,833.01,833.64
836.99,1772298300,837.47,835.02,835.67
837.48,1772298600,839.03,836.41,837.21
836.19,1772298900,837.81,834.66,837.32
832.83,1772299200,836.94,832.33,836.04
828.93,1772299500,833.64,828.92,832.84
827.93,1772299800,830.67,827.72,829.13
823.65,1772300100,827.91,823.14,827.77
829.05,1772300400,831.09,823.56,823.72
829.43,1772300700,831.21,827.95,828.76
828.6,1772301000,830.22,827.06,829.04
827.07,1772301300,828.5,825.67,828.5
822.67,1772301600,827.4,822.13,827.13
820.9,1772301900,823.38,820.62,822.75
819.03,1772302200,821.38,818.95,821.04
822.77,1772302500,822.87,818.19,819.23
821.88,1772302800,825.21,821.51,822.62
820.62,1772303100,821.83,819.3,821.65
823.21,1772303400,823.96,820.27,820.36
824.81,1772303700,825.63,822.29,823.29
825.37,1772304000,828.0,824.05,824.98
824.94,1772304300,825.96,823.28,825.32
820.55,1772304600,824.7,820.07,824.69
822.55,1772304900,824.25,818.67,820.74
825.29,1772305200,825.29,821.21,822.5
826.91,1772305500,828.5,825.14,825.6
823.14,1772305800,827.43,823.0,827.0
823.21,1772306100,825.68,821.63,822.78
820.77,1772306400,823.19,819.94,823.17
820.94,1772306700,823.07,820.79,821.12
820.36,1772307000,820.69,817.99,820.23
821.86,1772307300,821.98,819.9,820.0
819.05,1772307600,822.24,818.21,822.23
819.18,1772307900,820.25,817.86,819.02
818.98,1772308200,821.22,818.81,819.47
822.2,1772308500,822.9,819.04,819.36
824.02,1772308800,824.33,820.78,821.99
827.51,1772309100,827.51,823.57,824.03
828.84,1772309400,829.2,825.16,827.56
829.54,1772309700,829.58,827.53,828.84
833.04,1772310000,833.57,829.13,829.66
830.13,1772310300,832.95,828.67,832.82
830.68,1772310600,831.59,828.62,829.64
830.53,1772310900,832.5,830.12,830.79
832.33,1772311200,832.98,828.72,830.7
836.35,1772311500,836.61,831.76,832.54
834.7,1772311800,837.13,832.95,836.43
836.18,1772312100,836.43,833.25,834.75
834.08,1772312400,838.1,834.08,835.93
831.93,1772312700,835.53,831.84,834.23
837.4,1772313000,837.4,831.04,831.92
839.44,1772313300,840.28,836.23,837.1
834.0,1772313600,839.67,832.86,839.43
833.68,1772313900,834.55,832.24,834.02
836.59,1772314200,836.79,833.29,834.27
838.46,1772314500,839.56,836.26,836.55
836.49,1772314800,841.61,835.44,838.28
834.34,1772315100,836.94,833.54,836.19
834.21,1772315400,836.26,833.46,834.36
833.01,1772315700,834.65,831.92,834.36
830.41,1772316000,833.36,830.27,833.19
826.94,1772316300,830.36,826.53,830.36
823.75,1772316600,827.27,823.75,826.35
824.74,1772316900,824.74,822.95,823.98
822.64,1772317200,825.31,822.51,824.83
820.78,1772317500,823.09,820.74,822.98
818.63,1772317800,821.53,818.45,820.79
818.63,1772318100,821.22,817.97,818.72
818.28,1772318400,821.95,817.44,818.99
818.7,1772318700,819.49,817.64,818.53
825.0,1772319000,825.57,818.93,818.93
827.93,1772319300,827.93,823.44,824.93
824.48,1772319600,828.13,824.48,827.75
823.51,1772319900,825.71,823.09,824.46
821.06,1772320200,824.88,820.68,823.31
823.03,1772320500,823.73,820.89,821.28
823.32,1772320800,824.76,821.58,822.66
824.35,1772321100,825.63,822.18,823.36
822.99,1772321400,826.92,822.39,824.52
820.04,1772321700,824.73,819.27,823.14
819.29,1772322000,820.73,817.15,820.22
818.46,1772322300,819.94,817.74,819.44
818.13,1772322600,820.38,817.37,818.7
822.84,1772322900,823.09,818.04,818.59
822.38,1772323200,823.72,820.55,823.27
823.09,1772323500,824.89,821.47,822.14
819.68,1772323800,823.99,818.46,823.07
822.15,1772324100,822.55,818.04,819.9
824.02,1772324400,825.11,821.13,821.75
824.73,1772324700,826.28,822.77,824.13
824.03,1772325000,826.44,823.58,824.88
819.05,1772325300,825.32,819.05,823.95
814.96,1772325600,818.99,813.73,818.81
817.91,1772325900,817.91,813.99,814.8
815.71,1772326200,818.63,813.66,818.18
819.7,1772326500,819.75,813.72,815.57
816.88,1772326800,819.33,814.38,819.24
815.18,1772327100,817.25,812.93,816.86
817.0,1772327400,817.87,814.19,815.28
815.38,1772327700,816.92,815.18,816.87
819.15,1772328000,819.92,815.22,815.22
819.12,1772328300,820.64,817.54,819.16
817.01,1772328600,820.09,815.8,819.3
813.48,1772328900,817.93,813.26,817.05
816.52,1772329200,816.52,811.17,813.69
818.9,1772329500,818.9,815.63,816.58
817.84,1772329800,821.88,817.6,819.27
815.64,1772330100,818.2,815.3,817.9
809.29,1772330400,816.89,809.29,815.9
809.2,1772330700,810.14,806.67,809.37
805.97,1772331000,809.79,804.91,809.23
807.36,1772331300,808.61,805.53,805.94
809.61,1772331600,809.7,805.26,806.93
810.49,1772331900,811.06,808.25,809.43
808.69,1772332200,811.59,807.4,810.96
812.43,1772332500,812.53,808.36,808.9
812.57,1772332800,814.8,810.74,812.19
815.05,1772333100,817.25,812.41,812.41
815.77,1772333400,818.31,814.15,814.91
816.92,1772333700,817.22,814.7,815.84
816.61,1772334000,818.57,816.16,817.04
818.99,1772334300,819.25,815.98,817.01
817.31,1772334600,820.08,816.97,818.89
815.47,1772334900,817.83,814.41,817.14
815.34,1772335200,815.6,813.43,815.54
820.96,1772335500,821.46,815.26,815.49
823.86,1772335800,824.75,819.43,821.01
821.17,1772336100,825.28,820.44,824.08
819.83,1772336400,822.04,818.82,821.01
817.4,1772336700,820.99,817.35,819.74
814.72,1772337000,818.16,812.44,817.54
812.54,1772337300,815.16,812.51,814.77
813.4,1772337600,814.34,810.62,812.45
814.12,1772337900,815.55,812.25,813.12
815.82,1772338200,816.66,813.93,813.93
817.17,1772338500,818.96,815.85,815.85
818.43,1772338800,819.54,815.25,816.67
816.85,1772339100,819.44,816.06,818.4
819.76,1772339400,819.87,816.16,816.81
819.3,1772339700,822.31,818.51,819.55
819.41,1772340000,819.7,817.52,819.21
823.23,1772340300,824.39,819.18,819.45
821.94,1772340600,823.75,820.83,823.24
820.95,1772340900,822.04,819.21,821.57
823.66,1772341200,823.89,820.55,821.11
821.46,1772341500,824.21,821.15,823.63
822.87,1772341800,824.1,819.57,821.68
822.52,1772342100,824.29,821.97,822.68
818.36,1772342400,822.89,817.91,822.45
818.87,1772342700,819.14,815.97,818.22
819.79,1772343000,820.6,817.99,818.52
820.95,1772343300,820.95,816.9,819.81
818.73,1772343600,820.92,818.22,820.72
819.17,1772343900,819.82,817.29,819.0
820.6,1772344200,820.73,817.19,818.87
820.61,1772344500,820.97,818.34,820.7
820.81,1772344800,822.13,819.79,821.01
823.56,1772345100,825.01,820.69,820.69
823.95,1772345400,824.37,822.78,823.76
819.46,1772345700,823.97,819.28,823.71
823.06,1772346000,823.06,818.3,819.64
822.14,1772346300,823.73,821.44,822.89
822.72,1772346600,824.02,820.35,822.4
823.62,1772346900,823.71,821.72,822.69
824.04,1772347200,824.27,821.19,823.43
826.55,1772347500,827.12,823.49,824.14
826.33,1772347800,827.83,825.65,826.33
826.88,1772348100,827.97,824.76,826.27
826.6,1772348400,827.13,823.24,826.72
831.37,1772348700,831.94,824.7,826.62
827.34,1772349000,832.16,826.48,831.25
827.93,1772349300,830.12,827.1,827.41
830.25,1772349600,830.25,826.66,827.81
830.68,1772349900,833.22,830.27,830.49
826.63,1772350200,832.25,826.01,830.4
826.8,1772350500,827.69,824.3,826.53
826.62,1772350800,828.74,825.97,826.61
829.28,1772351100,829.79,825.95,826.45
832.6,1772351400,832.75,828.25,829.34
832.95,1772351700,833.97,831.18,832.28
833.18,1772352000,834.76,830.95,833.21
834.9,1772352300,835.71,833.02,833.43
835.33,1772352600,835.75,832.72,834.72
835.18,1772352900,835.5,832.8,835.02
834.95,1772353200,836.4,833.77,835.08
834.96,1772353500,835.83,832.87,835.29
837.61,1772353800,839.0,832.28,834.94
839.64,1772354100,842.75,837.17,837.6
835.22,1772354400,840.03,834.68,839.61
838.93,1772354700,839.26,835.44,835.72
845.3,1772355000,845.3,838.84,838.84
847.92,1772355300,847.92,843.83,845.26
846.5,1772355600,848.95,846.15,848.11
844.52,1772355900,846.89,843.84,846.38
845.9,1772356200,845.9,842.6,844.53
848.18,1772356500,848.4,844.93,845.83
847.91,1772356800,848.78,846.1,847.82
849.25,1772357100,850.47,847.65,847.87
843.74,1772357400,849.58,843.74,849.28
842.1,1772357700,843.55,838.75,843.24
842.67,1772358000,843.84,840.44,841.63
839.77,1772358300,844.18,839.33,842.73
839.31,1772358600,841.72,838.81,839.67
834.64,1772358900,839.45,834.19,839.45
834.21,1772359200,835.35,830.92,834.89
833.38,1772359500,834.27,831.14,834.15
830.01,1772359800,834.59,829.48,833.35
828.76,1772360100,830.7,827.36,830.03
825.95,1772360400,829.28,825.42,828.33
828.18,1772360700,829.12,825.38,825.8
829.04,1772361000,831.0,827.44,828.17
829.2,1772361300,831.0,828.48,828.97
833.46,1772361600,833.59,828.69,828.69
836.96,1772361900,837.91,833.27,833.5
835.24,1772362200,837.29,835.18,836.93
833.23,1772362500,835.52,831.62,835.12
832.82,1772362800,834.08,831.76,833.08
829.59,1772363100,832.91,829.47,832.91
828.77,1772363400,830.31,828.36,829.6
831.13,1772363700,832.36,828.56,828.87
831.49,1772364000,833.36,830.0,831.07
830.92,1772364300,832.1,828.04,831.83
828.93,1772364600,830.95,827.57,830.66
828.11,1772364900,828.98,827.01,828.72
828.65,1772365200,830.09,827.64,828.24
832.13,1772365500,832.29,828.55,828.55
829.5,1772365800,833.1,829.18,832.22
832.83,1772366100,833.24,828.28,829.77
830.57,1772366400,833.81,830.54,832.4
828.16,1772366700,830.45,827.54,830.45
826.53,1772367000,828.64,825.94,827.83
825.97,1772367300,826.88,823.55,826.68
823.76,1772367600,826.35,822.37,825.65
827.99,1772367900,828.88,823.97,823.97
825.97,1772368200,828.35,824.46,827.8
822.71,1772368500,826.83,822.02,826.02
819.36,1772368800,822.87,816.89,822.87
817.8,1772369100,820.48,817.5,819.56
815.09,1772369400,818.87,814.15,818.11
816.05,1772369700,817.12,814.12,815.81
816.28,1772370000,817.17,814.54,816.03
820.1,1772370300,820.1,815.92,816.32
823.25,1772370600,825.15,819.59,819.75
824.03,1772370900,826.82,821.61,823.11
825.25,1772371200,827.0,822.69,823.96
824.42,1772371500,826.87,823.82,825.33
826.29,1772371800,826.9,824.64,824.64
829.04,1772372100,829.17,825.19,826.42
832.03,1772372400,832.13,827.91,829.15
835.15,1772372700,835.29,832.36,832.36
834.02,1772373000,835.95,833.6,835.07
835.24,1772373300,835.61,831.65,834.14
840.47,1772373600,840.73,835.51,835.51
840.47,1772373900,840.72,836.96,840.5
841.08,1772374200,842.55,838.17,840.54
841.75,1772374500,842.87,840.15,841.15
843.75,1772374800,843.75,840.36,841.82
845.73,1772375100,846.87,843.69,843.92
845.07,1772375400,846.26,844.54,845.7
846.22,1772375700,846.95,843.78,844.96
844.3,1772376000,848.27,844.06,846.47
842.54,1772376300,846.58,840.49,844.74
838.76,1772376600,844.26,838.76,843.02
841.56,1772376900,843.86,838.7,838.95
838.12,1772377200,843.37,838.12,841.53
838.69,1772377500,839.83,837.04,838.3
836.3,1772377800,838.97,836.3,838.33
838.16,1772378100,838.5,835.0,836.22
836.16,1772378400,838.23,835.62,838.23
837.28,1772378700,839.11,835.5,836.04
839.57,1772379000,839.57,834.77,837.19
841.45,1772379300,842.2,837.82,839.63
838.9,1772379600,842.16,837.51,841.48
835.85,1772379900,839.12,834.88,838.87
832.71,1772380200,836.32,832.24,835.39
834.12,1772380500,834.93,831.64,832.38
836.36,1772380800,836.36,832.51,833.87
836.27,1772381100,837.65,834.58,836.57
837.82,1772381400,837.82,834.65,836.35
838.65,1772381700,838.98,834.97,837.44
840.05,1772382000,841.07,837.28,838.68
837.64,1772382300,840.21,837.42,840.06
838.9,1772382600,840.02,837.61,837.77
841.94,1772382900,842.45,838.37,838.62
841.61,1772383200,842.69,839.81,842.04
844.4,1772383500,844.4,839.83,841.77
841.87,1772383800,844.65,840.81,844.39
844.09,1772384100,845.11,841.12,842.18
846.21,1772384400,848.62,843.93,844.4
849.08,1772384700,850.66,845.98,846.05
855.01,1772385000,855.01,848.77,849.3
856.33,1772385300,858.89,855.04,855.04
853.08,1772385600,856.31,852.59,856.31
852.59,1772385900,853.74,851.28,853.34
853.76,1772386200,854.68,851.48,852.15
849.31,1772386500,855.2,848.98,853.94
847.66,1772386800,850.24,846.4,849.52
845.98,1772387100,847.32,843.6,847.32
851.46,1772387400,851.46,845.7,846.3
849.35,1772387700,851.62,847.82,851.45
848.32,1772388000,850.44,848.32,849.54
847.16,1772388300,850.7,847.16,848.04
847.25,1772388600,849.15,846.0,847.05
848.12,1772388900,848.38,845.15,847.32
848.41,1772389200,848.41,845.67,848.08
842.26,1772389500,849.27,841.43,848.25
840.42,1772389800,842.07,839.74,841.84
842.31,1772390100,843.63,839.42,840.36
843.3,1772390400,844.86,840.91,842.17
845.56,1772390700,845.85,843.15,843.38
847.12,1772391000,849.5,845.7,845.91
853.42,1772391300,853.79,847.3,847.3
853.22,1772391600,854.29,850.07,853.79
851.7,1772391900,854.0,851.27,853.31
852.73,1772392200,853.87,851.58,851.81
850.45,1772392500,852.93,850.44,852.54
849.37,1772392800,850.5,847.42,850.39
849.11,1772393100,849.69,846.12,849.13
843.24,1772393400,849.14,842.93,848.98
845.53,1772393700,845.93,842.03,843.27
844.02,1772394000,846.42,843.71,846.02
846.36,1772394300,846.62,843.15,844.04
843.31,1772394600,847.5,841.79,846.32
847.01,1772394900,847.72,842.99,843.18
849.27,1772395200,849.41,845.26,847.24
850.78,1772395500,851.6,847.55,849.18
852.42,1772395800,853.81,850.68,850.9
851.1,1772396100,854.27,849.97,852.44
853.21,1772396400,853.41,850.5,851.12
855.95,1772396700,856.27,851.6,853.44
855.08,1772397000,858.88,854.96,856.23
854.85,1772397300,855.59,852.7,855.16
850.5,1772397600,854.92,850.5,854.57
854.97,1772397900,854.97,849.99,850.64
853.1,1772398200,855.18,852.61,854.86
851.1,1772398500,853.82,848.54,853.19
848.31,1772398800,851.18,846.86,850.95
846.55,1772399100,848.44,846.05,848.19
846.36,1772399400,847.12,843.98,846.47
841.79,1772399700,846.35,841.79,846.35
838.24,1772400000,841.59,837.87,841.59
839.45,1772400300,840.78,838.35,838.5
834.89,1772400600,839.3,834.43,839.3
837.23,1772400900,837.44,835.08,835.08
839.5,1772401200,840.38,837.45,837.45
837.13,1772401500,841.9,835.35,839.67
840.03,1772401800,840.03,834.73,837.04
834.75,1772402100,839.92,834.75,839.25
838.87,1772402400,839.83,834.47,834.71
835.35,1772402700,839.21,834.39,838.91
836.49,1772403000,836.91,834.08,835.29
834.88,1772403300,838.12,834.71,836.29
836.31,1772403600,838.33,834.66,835.03
841.2,1772403900,841.2,835.51,836.56
841.4,1772404200,844.84,841.15,841.4
840.44,1772404500,843.5,840.14,841.63
843.0,1772404800,843.07,840.22,840.57
839.06,1772405100,843.5,838.09,843.06
838.56,1772405400,840.6,836.5,838.84
841.87,1772405700,841.89,837.84,839.02
843.33,1772406000,844.13,841.69,842.01
842.65,1772406300,843.79,840.91,843.33
845.69,1772406600,846.19,842.44,842.63
844.65,1772406900,847.42,842.09,845.77
846.75,1772407200,847.88,842.66,844.86
846.95,1772407500,849.6,846.39,846.72
850.52,1772407800,850.82,846.48,847.03
852.96,1772408100,853.57,850.38,850.38
856.23,1772408400,856.53,852.03,853.08
854.93,1772408700,857.96,854.36,856.2
856.74,1772409000,856.84,852.7,855.05
858.94,1772409300,859.55,855.78,856.51
862.46,1772409600,862.81,858.54,858.54
863.8,1772409900,865.01,861.56,862.62
867.37,1772410200,868.83,864.4,864.4
869.09,1772410500,870.1,866.16,867.55
872.98,1772410800,874.76,868.82,868.87
874.91,1772411100,875.97,872.6,872.84
878.03,1772411400,878.22,874.57,874.81
872.68,1772411700,880.25,872.68,877.79
872.22,1772412000,874.54,871.93,872.62
870.27,1772412300,872.16,869.35,872.06
870.07,1772412600,870.81,867.54,870.21
871.85,1772412900,871.85,869.69,869.9
872.91,1772413200,872.94,870.29,871.62
872.22,1772413500,873.78,871.07,873.11
877.06,1772413800,877.16,872.26,872.29
879.01,1772414100,879.01,876.73,877.08
875.76,1772414400,879.34,874.38,878.99
877.71,1772414700,878.29,874.66,875.53
875.84,1772415000,877.94,875.02,877.6
876.62,1772415300,879.22,876.01,876.06
875.43,1772415600,877.84,874.92,876.61
877.4,1772415900,877.4,873.81,875.39
877.43,1772416200,881.07,876.81,877.34
876.93,1772416500,879.38,876.78,877.38
879.97,1772416800,881.68,876.76,876.76
877.78,1772417100,881.62,877.44,880.13
874.82,1772417400,878.7,873.7,877.73
875.95,1772417700,877.31,874.55,874.55
876.9,1772418000,878.19,875.71,875.77
877.91,1772418300,878.99,876.69,876.96
880.54,1772418600,881.75,877.17,877.75
879.65,1772418900,882.12,879.56,880.65
879.12,1772419200,880.42,876.68,879.51
878.35,1772419500,882.46,878.07,879.27
875.59,1772419800,880.17,874.9,878.05
875.46,1772420100,876.68,873.66,875.56
875.49,1772420400,877.22,871.91,875.4
877.71,1772420700,878.63,874.08,875.5
881.07,1772421000,882.07,877.56,878.15
880.11,1772421300,881.2,878.06,881.17
880.49,1772421600,881.44,879.1,880.12
881.31,1772421900,883.7,881.05,881.05
880.8,1772422200,883.29,879.7,881.7
881.39,1772422500,881.39,878.16,880.67
885.11,1772422800,885.11,880.65,881.47
886.83,1772423100,888.15,884.28,885.3
882.93,1772423400,887.05,882.93,886.74
882.6,1772423700,883.43,881.07,883.01
880.98,1772424000,884.84,880.98,882.7
880.57,1772424300,881.9,878.81,881.02
878.38,1772424600,880.58,876.73,880.12
880.43,1772424900,880.72,877.65,878.6
878.69,1772425200,880.65,877.46,880.11
880.63,1772425500,882.57,878.46,878.63
875.03,1772425800,881.16,874.91,881.03
877.69,1772426100,878.04,875.39,875.57
877.29,1772426400,878.56,876.18,877.67
876.9,1772426700,877.67,875.64,877.18
876.09,1772427000,878.06,874.82,876.59
875.87,1772427300,879.47,874.46,876.36
870.82,1772427600,876.24,870.14,876.24
870.38,1772427900,871.7,868.87,870.94
866.85,1772428200,871.6,866.83,870.06
869.93,1772428500,870.59,866.69,866.89
871.18,1772428800,871.18,867.64,870.1
870.69,1772429100,873.21,870.35,871.16
867.61,1772429400,871.08,867.37,871.08
865.71,1772429700,867.76,865.66,867.64
863.94,1772430000,866.84,863.46,865.9
864.04,1772430300,865.49,860.71,864.03
862.22,1772430600,865.3,861.65,863.96
858.78,1772430900,863.78,858.78,862.5
856.45,1772431200,859.63,855.42,858.93
853.58,1772431500,856.58,853.13,856.58
850.63,1772431800,856.45,849.87,853.58
848.77,1772432100,851.47,847.43,850.89
848.65,1772432400,849.6,846.03,849.08
845.77,1772432700,850.52,845.77,848.73
844.4,1772433000,846.81,844.4,845.79
844.17,1772433300,846.26,843.41,844.6
845.44,1772433600,845.83,842.92,844.41
844.49,1772433900,846.97,843.41,845.51
845.67,1772434200,847.1,843.8,844.31
849.73,1772434500,849.92,845.43,845.52
852.8,1772434800,853.25,849.36,849.76
853.74,1772435100,854.3,851.47,852.66
854.09,1772435400,854.89,852.34,854.15
850.57,1772435700,853.74,849.34,853.74
850.74,1772436000,852.2,849.65,850.52
846.59,1772436300,851.55,845.82,850.68
842.41,1772436600,846.59,841.77,846.44
843.06,1772436900,844.52,841.46,842.37
848.17,1772437200,848.17,843.1,843.15
849.63,1772437500,849.63,845.66,848.07
853.88,1772437800,853.94,848.78,849.65
852.14,1772438100,854.08,850.74,853.85
848.33,1772438400,852.73,847.85,852.24
849.59,1772438700,850.14,847.61,848.22
846.89,1772439000,849.66,844.4,849.39
842.99,1772439300,846.79,842.38,846.79
846.18,1772439600,847.15,842.95,843.16
847.08,1772439900,848.41,846.01,846.26
844.93,1772440200,848.12,844.4,846.74
842.4,1772440500,846.76,842.4,845.06
849.94,1772440800,850.54,842.05,842.53
843.37,1772441100,850.39,843.04,850.18
839.29,1772441400,843.32,838.91,843.31
837.44,1772441700,842.3,837.44,838.97
839.04,1772442000,841.52,837.36,837.5
840.43,1772442300,840.43,836.92,838.99
838.38,1772442600,841.32,838.38,840.39
836.24,1772442900,839.68,835.59,838.4
835.12,1772443200,836.85,833.83,836.27
835.19,1772443500,836.8,832.94,835.39
833.55,1772443800,835.7,831.9,835.15
830.43,1772444100,833.41,830.13,833.35
829.76,1772444400,831.59,828.66,830.31
828.99,1772444700,829.98,826.13,829.54
826.8,1772445000,830.58,826.42,828.94
824.97,1772445300,827.01,824.48,826.43
821.94,1772445600,826.03,821.94,824.9
825.28,1772445900,825.93,820.87,821.73
827.2,1772446200,828.31,824.92,825.1
826.8,1772446500,827.93,824.29,827.48
826.52,1772446800,829.22,824.89,827.03
821.87,1772447100,826.9,821.01,826.48
823.69,1772447400,823.81,820.97,822.07
823.7,1772447700,824.94,822.52,823.85
817.49,1772448000,823.97,817.26,823.6
819.38,1772448300,819.44,817.04,817.57
820.23,1772448600,820.23,815.67,819.33
821.31,1772448900,823.55,819.6,820.17
823.4,1772449200,823.63,820.17,821.75
825.13,1772449500,825.89,822.78,823.44
823.59,1772449800,825.48,821.84,825.2
821.59,1772450100,823.4,820.84,823.27
819.03,1772450400,821.77,818.23,821.62
818.81,1772450700,820.74,817.69,819.08
815.69,1772451000,820.6,815.65,818.82
818.17,1772451300,818.66,815.62,815.83
817.24,1772451600,820.23,815.93,818.26
817.32,1772451900,818.93,816.97,817.2
820.54,1772452200,820.54,815.51,817.51
824.02,1772452500,824.5,820.57,820.76
825.85,1772452800,825.85,822.73,823.87
826.54,1772453100,828.41,825.14,825.87
823.75,1772453400,827.29,823.34,826.8
822.58,1772453700,824.51,821.42,823.9
820.57,1772454000,823.62,820.29,822.7
823.31,1772454300,825.28,820.7,820.93
825.35,1772454600,826.73,823.46,823.46
821.94,1772454900,825.18,821.0,825.18
821.54,1772455200,822.73,820.57,821.83
823.77,1772455500,824.36,819.96,821.55
828.38,1772455800,828.38,823.13,824.02
832.11,1772456100,832.99,827.9,828.36
835.4,1772456400,835.75,830.0,832.05
835.37,1772456700,837.26,834.9,835.49
837.09,1772457000,837.39,834.51,835.02
832.85,1772457300,837.14,832.52,837.03
827.49,1772457600,832.99,827.3,832.98
828.4,1772457900,829.22,825.28,827.38
826.54,1772458200,829.09,824.18,828.13
827.23,1772458500,829.31,826.24,826.42
827.07,1772458800,827.65,825.41,827.45
824.02,1772459100,827.46,822.6,826.75
822.14,1772459400,824.4,820.65,824.4
818.31,1772459700,822.94,818.19,822.32
819.12,1772460000,823.49,818.39,818.53
817.67,1772460300,819.24,816.52,819.24
820.9,1772460600,821.1,816.79,817.84
818.86,1772460900,821.55,817.73,820.99
819.53,1772461200,820.4,816.69,818.75
814.52,1772461500,819.94,814.52,819.76
817.89,1772461800,819.2,814.66,814.79
817.23,1772462100,817.9,813.89,817.67
821.37,1772462400,821.37,816.55,817.36
822.2,1772462700,823.02,819.29,821.01
821.56,1772463000,824.25,820.94,822.06
819.77,1772463300,822.87,819.57,821.79
821.67,1772463600,822.55,818.3,819.74
824.11,1772463900,825.49,821.41,821.65
822.2,1772464200,824.31,820.02,824.08
822.04,1772464500,824.11,820.89,822.04
820.48,1772464800,822.16,819.11,822.16
818.26,1772465100,820.61,815.85,820.61
821.66,1772465400,822.18,816.86,817.74
822.48,1772465700,823.48,821.66,821.82
827.17,1772466000,827.6,821.73,822.48
824.96,1772466300,828.09,824.96,826.97
826.46,1772466600,827.17,824.25,825.16
827.33,1772466900,828.15,825.28,826.41
826.56,1772467200,827.41,825.16,826.87
822.17,1772467500,827.34,822.15,826.52
823.82,1772467800,824.96,821.39,822.29
822.72,1772468100,824.47,821.26,824.19
822.88,1772468400,824.02,821.61,822.89
820.0,1772468700,823.05,818.13,822.96
816.9,1772469000,820.14,816.28,819.92
814.56,1772469300,817.43,814.43,816.64
817.36,1772469600,818.5,813.92,814.6
813.74,1772469900,818.22,813.6,817.29
816.42,1772470200,816.6,813.62,813.99
813.8,1772470500,817.78,812.87,816.08
816.43,1772470800,816.84,812.12,813.71
814.82,1772471100,816.83,814.03,816.45
815.76,1772471400,816.25,813.11,814.71
812.02,1772471700,815.95,809.32,815.87
814.34,1772472000,815.03,811.89,812.27
813.65,1772472300,814.46,811.06,814.46
812.2,1772472600,815.2,810.3,813.56
810.06,1772472900,812.71,807.05,812.02
807.48,1772473200,810.14,807.12,809.96
807.13,1772473500,808.21,805.6,807.6
806.35,1772473800,809.13,806.01,806.94
801.76,1772474100,806.64,800.6,806.47
800.72,1772474400,804.28,800.72,801.99
798.02,1772474700,800.72,795.51,800.72
799.26,1772475000,800.25,797.47,798.09
802.0,1772475300,802.07,799.2,799.21
809.54,1772475600,809.54,801.25,801.63
810.25,1772475900,811.89,807.32,809.6
806.71,1772476200,810.81,805.14,810.18
809.29,1772476500,810.02,804.73,806.38
805.74,1772476800,809.09,805.74,809.08
802.01,1772477100,806.07,801.2,805.55
801.55,1772477400,803.02,799.94,801.95
802.39,1772477700,803.26,800.39,801.66
804.07,1772478000,806.25,802.35,802.49
799.21,1772478300,805.43,799.21,804.02
796.29,1772478600,800.55,796.02,798.96
796.22,1772478900,796.8,794.35,796.48
799.53,1772479200,799.69,795.75,796.15
804.33,1772479500,804.33,799.17,799.53
805.22,1772479800,806.34,803.62,804.2
806.73,1772480100,809.01,805.04,805.14
803.91,1772480400,806.96,803.17,806.63
801.93,1772480700,804.46,798.75,803.88
804.67,1772481000,805.58,800.34,801.81
806.12,1772481300,806.69,801.49,804.4
804.21,1772481600,808.47,804.03,806.25
803.87,1772481900,805.59,802.69,804.22
808.38,1772482200,808.38,804.22,804.35
811.07,1772482500,811.36,807.33,808.19
806.96,1772482800,812.22,806.57,810.94
806.99,1772483100,808.2,805.02,806.68
806.02,1772483400,806.89,803.49,806.6
805.95,1772483700,806.4,803.54,806.01
803.29,1772484000,806.57,803.29,805.84
802.65,1772484300,804.98,802.36,803.74
806.15,1772484600,808.08,802.33,802.65
805.2,1772484900,807.98,805.13,805.95
806.77,1772485200,806.88,804.47,805.07
805.12,1772485500,807.17,804.62,806.64
801.06,1772485800,805.97,801.05,805.53
803.25,1772486100,804.05,801.34,801.34
800.72,1772486400,804.89,800.68,803.59
801.12,1772486700,802.51,800.62,800.62
798.69,1772487000,801.09,796.48,801.06
798.81,1772487300,799.23,796.13,798.74
801.42,1772487600,802.76,798.92,799.07
802.29,1772487900,803.75,801.23,801.45
806.5,1772488200,806.57,800.61,802.12
804.21,1772488500,808.95,804.12,805.8
806.07,1772488800,808.22,803.59,804.55
809.47,1772489100,810.06,805.67,806.15
810.73,1772489400,811.44,808.27,809.49
809.71,1772489700,814.0,809.65,810.48
805.11,1772490000,810.93,805.11,809.71
804.84,1772490300,807.59,803.4,805.16
804.65,1772490600,805.93,803.2,804.87
804.69,1772490900,805.05,803.23,804.73
806.01,1772491200,806.01,802.25,804.89
803.53,1772491500,806.21,802.87,805.9
806.02,1772491800,806.02,800.44,803.13
808.1,1772492100,808.29,805.43,806.08
808.84,1772492400,810.0,805.92,808.04
804.96,1772492700,809.0,804.39,809.0
810.54,1772493000,810.87,803.97,804.92
807.9,1772493300,811.89,807.9,810.92
806.6,1772493600,808.75,806.6,807.55
806.45,1772493900,808.16,805.02,806.3
807.36,1772494200,808.04,805.77,806.86
805.78,1772494500,807.52,805.69,807.52
803.35,1772494800,806.76,803.1,805.87
801.2,1772495100,803.95,800.66,803.5
803.44,1772495400,804.91,799.98,801.49
800.65,1772495700,803.54,800.09,803.06
802.17,1772496000,803.86,800.36,801.07
804.07,1772496300,804.23,801.35,802.12
801.82,1772496600,804.24,798.91,804.24
801.62,1772496900,802.54,798.98,801.81
797.91,1772497200,802.12,797.91,801.41
796.11,1772497500,799.64,796.11,798.22
799.91,1772497800,800.28,795.98,796.27
796.13,1772498100,800.67,796.04,799.88
796.16,1772498400,798.48,796.1,796.32
795.87,1772498700,797.31,793.48,796.32
793.38,1772499000,796.47,791.99,795.71
791.05,1772499300,793.54,791.05,793.26
791.55,1772499600,791.69,788.77,791.0
791.97,1772499900,796.25,791.43,791.75
790.76,1772500200,792.91,790.35,791.82
791.15,1772500500,792.09,789.13,790.64
789.89,1772500800,791.99,788.92,791.36
790.12,1772501100,791.42,788.6,790.09
788.78,1772501400,790.41,786.29,790.12
786.76,1772501700,789.19,785.57,788.65
787.22,1772502000,791.15,786.33,786.46
786.66,1772502300,789.85,786.08,787.1
791.2,1772502600,791.2,786.74,787.03
795.4,1772502900,796.87,790.97,791.56
797.55,1772503200,798.01,795.06,795.47
802.29,1772503500,802.3,797.56,797.56
801.1,1772503800,803.85,801.08,802.32
800.47,1772504100,801.52,799.58,801.26
794.76,1772504400,800.66,792.95,800.66
797.48,1772504700,800.16,794.17,794.99
798.83,1772505000,799.45,796.73,797.26
797.55,1772505300,799.24,796.31,798.72
799.97,1772505600,800.39,797.58,797.75
799.19,1772505900,800.92,797.29,800.01
800.33,1772506200,801.69,798.7,799.26
798.57,1772506500,800.3,797.02,800.3
800.26,1772506800,801.12,796.77,798.73
800.3,1772507100,801.46,798.0,800.18
798.22,1772507400,800.15,797.59,800.03
801.25,1772507700,803.0,797.65,798.46
803.97,1772508000,804.18,800.4,800.94
805.96,1772508300,806.65,803.29,804.09
807.82,1772508600,807.82,804.11,806.1
808.4,1772508900,808.9,804.99,807.95
810.58,1772509200,813.17,806.65,808.53
805.4,1772509500,810.45,804.16,810.45
807.48,1772509800,807.99,805.16,805.46
808.98,1772510100,810.14,806.83,807.57
808.12,1772510400,809.73,807.52,808.92
808.86,1772510700,809.98,807.89,808.26
810.52,1772511000,811.27,808.07,808.59
805.23,1772511300,810.93,805.23,810.62
801.49,1772511600,805.18,801.11,805.18
801.54,1772511900,802.79,800.5,801.72
802.18,1772512200,802.18,799.2,801.5
798.8,1772512500,803.72,797.75,802.09
796.37,1772512800,798.93,794.52,798.69
795.58,1772513100,797.9,795.07,796.33
794.01,1772513400,795.84,792.37,795.44
791.08,1772513700,794.05,789.67,794.05
793.9,1772514000,794.04,789.62,790.93
791.11,1772514300,794.11,790.56,793.64
790.48,1772514600,792.02,789.2,791.15
792.56,1772514900,793.9,790.54,790.54
791.27,1772515200,793.54,790.27,792.8
786.01,1772515500,791.57,785.99,791.33
781.21,1772515800,785.81,780.49,785.76
779.17,1772516100,781.1,778.2,780.99
779.47,1772516400,780.32,777.97,779.15
779.15,1772516700,779.69,777.73,779.37
779.9,1772517000,781.93,778.83,779.16
784.31,1772517300,784.6,778.98,779.98
782.76,1772517600,786.14,782.36,784.08
782.29,1772517900,783.45,781.0,782.76
781.06,1772518200,782.24,778.98,782.24
783.0,1772518500,783.14,779.73,781.29
784.76,1772518800,784.76,780.29,782.7
783.14,1772519100,785.14,782.95,784.54
784.49,1772519400,784.81,780.73,783.25
784.36,1772519700,786.26,783.65,784.61
783.38,1772520000,785.17,783.2,784.68
788.02,1772520300,788.03,782.41,783.32
786.34,1772520600,788.76,783.74,788.08
778.83,1772520900,786.28,778.69,786.28
775.8,1772521200,779.53,775.19,778.58
775.54,1772521500,777.94,774.86,775.97
780.57,1772521800,780.57,775.4,775.75
781.13,1772522100,782.54,779.67,780.86
781.29,1772522400,782.44,780.54,781.34
780.52,1772522700,781.1,778.19,781.02
779.15,1772523000,781.1,777.99,780.59
779.66,1772523300,780.86,778.59,779.1
784.1,1772523600,784.71,779.03,779.88
781.85,1772523900,785.25,781.85,784.13
786.24,1772524200,786.53,781.9,781.9
788.88,1772524500,789.47,786.22,786.22
791.61,1772524800,791.61,787.2,788.75
791.16,1772525100,792.61,789.87,791.7
794.56,1772525400,794.96,790.54,791.39
798.08,1772525700,799.06,794.6,794.71
798.54,1772526000,799.37,797.33,797.94
799.68,1772526300,800.65,798.09,798.5
795.63,1772526600,800.52,795.26,799.82
797.19,1772526900,801.03,795.15,795.67
795.04,1772527200,797.42,794.08,796.76
798.25,1772527500,798.67,794.18,795.31
798.03,1772527800,799.86,797.05,798.52
796.1,1772528100,798.78,793.81,798.2
797.62,1772528400,798.79,795.53,796.22
797.43,1772528700,797.43,793.75,797.23
796.09,1772529000,798.41,795.99,797.4
798.27,1772529300,798.36,794.67,795.77
794.94,1772529600,798.32,794.73,798.16
796.09,1772529900,797.15,794.28,794.8
793.87,1772530200,796.52,792.42,795.9
792.65,1772530500,795.31,792.61,793.88
792.73,1772530800,794.21,790.46,792.69
794.3,1772531100,795.8,791.84,792.76
796.96,1772531400,797.48,792.93,794.38
798.58,1772531700,799.12,796.57,797.18
798.67,1772532000,800.25,797.42,798.67
798.98,1772532300,799.96,797.55,798.72
803.36,1772532600,803.98,798.67,798.97
801.37,1772532900,803.75,800.67,803.46
798.31,1772533200,801.6,797.51,801.11
802.86,1772533500,803.08,798.53,798.55
803.68,1772533800,804.24,801.0,802.72
805.72,1772534100,806.16,803.82,803.82
806.63,1772534400,806.71,804.08,805.34
803.52,1772534700,806.65,802.13,806.23
797.74,1772535000,803.83,797.29,803.39
794.08,1772535300,798.89,794.08,798.01
793.55,1772535600,794.96,791.28,793.8
794.28,1772535900,795.71,793.64,793.67
793.02,1772536200,795.86,793.02,794.61
796.58,1772536500,797.27,791.96,792.94
799.05,1772536800,799.93,794.88,796.76
797.72,1772537100,800.02,796.31,799.0
796.88,1772537400,797.96,795.57,797.55
798.95,1772537700,799.18,796.86,796.86
800.54,1772538000,801.5,799.03,799.05
798.88,1772538300,800.41,798.27,800.41
798.02,1772538600,801.49,797.66,798.93
796.58,1772538900,799.14,795.29,798.05
796.55,1772539200,798.06,795.43,796.85
798.26,1772539500,799.18,796.42,796.56
801.73,1772539800,802.67,798.14,798.14
804.5,1772540100,804.67,799.89,801.89
800.96,1772540400,805.35,800.96,804.36
801.58,1772540700,802.12,799.75,801.0
801.39,1772541000,803.29,800.21,801.49
801.11,1772541300,802.31,799.11,801.4
802.27,1772541600,803.8,800.64,800.64
800.81,1772541900,802.86,800.12,802.16
797.53,1772542200,800.9,795.2,800.9
796.54,1772542500,798.03,796.28,797.35
793.54,1772542800,798.11,793.54,796.16
790.35,1772543100,793.27,788.58,793.27
788.53,1772543400,790.64,788.26,790.26
786.0,1772543700,789.37,785.97,788.46
784.07,1772544000,787.28,783.16,786.21
781.5,1772544300,784.47,780.54,784.18
779.76,1772544600,781.45,778.62,781.09
777.79,1772544900,781.29,777.0,779.34
773.71,1772545200,778.0,773.5,777.71
772.14,1772545500,774.39,771.8,773.39
776.32,1772545800,776.53,771.27,772.17
778.26,1772546100,780.39,776.1,776.17
778.01,1772546400,779.57,776.57,778.19
774.25,1772546700,777.98,774.13,777.93
777.88,1772547000,777.97,773.7,774.21
778.72,1772547300,779.83,776.67,777.77
775.43,1772547600,779.14,775.28,778.62
775.23,1772547900,777.5,775.03,775.69
770.12,1772548200,775.18,769.7,775.18
766.57,1772548500,771.33,765.84,770.08
766.8,1772548800,767.78,765.65,766.81
772.0,1772549100,772.0,766.62,767.13
772.63,1772549400,773.02,769.95,771.99
772.54,1772549700,773.02,771.33,772.7
770.42,1772550000,773.16,769.69,772.77
770.72,1772550300,773.0,769.03,770.24
768.85,1772550600,770.97,767.72,770.97
767.77,1772550900,769.53,767.38,768.9
766.57,1772551200,770.21,766.17,768.03
770.04,1772551500,770.2,764.84,766.39
767.29,1772551800,769.9,766.67,769.9
767.93,1772552100,768.23,766.43,766.86
764.79,1772552400,769.05,764.75,767.89
761.91,1772552700,765.2,761.2,764.92
762.78,1772553000,763.61,761.19,761.84
763.27,1772553300,764.04,760.9,762.84
757.25,1772553600,763.29,757.12,763.07
756.76,1772553900,760.62,756.67,757.08
755.77,1772554200,757.19,754.61,756.78
754.71,1772554500,756.24,753.44,755.95
758.84,1772554800,759.15,753.83,754.67
756.64,1772555100,759.08,755.01,758.77
756.31,1772555400,758.85,755.67,756.67
761.55,1772555700,762.13,756.24,756.24
759.2,1772556000,762.55,758.44,761.38
760.04,1772556300,760.98,758.82,759.4
761.2,1772556600,761.89,758.27,759.97
760.43,1772556900,761.88,759.66,761.02
761.86,1772557200,762.74,758.95,760.42
763.78,1772557500,765.05,761.36,761.71
770.93,1772557800,771.4,763.84,763.87
774.04,1772558100,774.47,771.04,771.04
775.85,1772558400,775.92,773.25,774.35
767.96,1772558700,775.84,766.95,775.51
770.94,1772559000,771.56,767.65,768.01
771.99,1772559300,773.23,769.54,770.66
770.94,1772559600,771.79,769.94,771.79
773.09,1772559900,773.38,769.53,770.9
775.03,1772560200,776.5,772.88,773.35
774.02,1772560500,777.36,773.85,775.09
776.08,1772560800,776.08,772.79,774.64
777.92,1772561100,778.82,775.73,776.23
776.43,1772561400,778.93,775.33,777.9
776.04,1772561700,777.04,774.63,776.33
777.36,1772562000,778.2,773.89,776.37
777.2,1772562300,777.27,774.58,777.21
777.07,1772562600,778.33,775.71,777.19
778.2,1772562900,778.59,773.68,777.16
778.75,1772563200,779.39,776.76,778.02
783.06,1772563500,784.22,778.61,778.62
787.69,1772563800,788.06,781.96,782.94
784.6,1772564100,787.79,784.33,787.61
784.17,1772564400,785.06,783.05,784.5
784.49,1772564700,785.23,782.54,784.0
782.05,1772565000,784.45,781.89,784.43
777.71,1772565300,782.92,777.27,781.99
776.5,1772565600,777.64,773.86,777.64
778.75,1772565900,779.7,776.54,776.66
777.16,1772566200,780.37,776.21,778.74
776.17,1772566500,777.15,774.39,777.13
777.13,1772566800,778.27,775.94,776.24
775.43,1772567100,777.96,774.38,777.34
776.8,1772567400,776.85,773.67,775.14
777.02,1772567700,777.33,775.03,776.96
774.17,1772568000,777.05,773.52,776.7
778.88,1772568300,778.88,773.58,774.14
778.72,1772568600,780.1,778.02,778.93
780.94,1772568900,781.37,777.99,778.84
779.46,1772569200,782.35,778.99,781.4
777.19,1772569500,780.99,777.14,779.64
778.43,1772569800,778.81,776.09,776.72
778.49,1772570100,780.1,777.89,778.46
777.56,1772570400,779.37,776.97,778.62
770.6,1772570700,777.68,770.6,777.51
767.5,1772571000,770.69,765.95,770.69
768.85,1772571300,769.38,766.45,767.42
768.74,1772571600,770.76,768.25,768.96
766.97,1772571900,770.11,766.97,768.76
769.76,1772572200,770.28,766.48,767.03
770.84,1772572500,771.87,768.2,769.85
770.22,1772572800,772.33,768.6,770.97
772.84,1772573100,772.88,769.19,769.92
769.69,1772573400,773.02,769.11,773.02
770.57,1772573700,770.71,768.62,769.33
766.76,1772574000,770.48,766.76,770.34
771.86,1772574300,772.23,767.01,767.01
771.83,1772574600,772.22,768.76,771.68
770.34,1772574900,773.42,770.34,772.08
770.12,1772575200,771.59,768.1,770.36
773.09,1772575500,773.64,769.25,769.98
771.87,1772575800,774.44,771.4,773.09
771.45,1772576100,773.42,771.02,771.92
773.36,1772576400,773.76,771.11,771.56
774.55,1772576700,774.55,771.02,773.17
772.61,1772577000,774.9,772.18,774.55
773.76,1772577300,774.03,770.65,772.22
773.85,1772577600,775.71,772.7,773.86
772.59,1772577900,774.24,770.2,773.75
774.14,1772578200,774.14,771.57,772.72
774.75,1772578500,775.32,772.29,774.24
775.08,1772578800,777.71,774.46,774.78
774.75,1772579100,776.83,774.21,775.16
779.31,1772579400,779.73,774.82,775.09
781.41,1772579700,782.22,778.67,779.58
779.97,1772580000,781.31,778.89,781.31
778.62,1772580300,780.7,777.53,780.25
779.0,1772580600,780.27,777.53,778.38
777.62,1772580900,779.94,776.29,779.01
778.24,1772581200,780.28,776.79,777.56
777.27,1772581500,779.27,776.38,778.27
780.29,1772581800,780.68,776.14,777.36
780.14,1772582100,780.74,778.69,780.43
776.47,1772582400,780.89,776.32,780.15
776.24,1772582700,777.57,774.48,776.53
778.95,1772583000,779.09,775.76,776.2
779.86,1772583300,780.05,777.23,778.9
781.69,1772583600,784.34,779.76,779.76
784.27,1772583900,785.03,781.03,781.82
784.73,1772584200,786.16,782.28,784.23
784.4,1772584500,784.89,782.43,784.69
786.13,1772584800,787.85,783.53,784.18
783.42,1772585100,785.78,781.16,785.65
787.25,1772585400,787.25,783.51,783.51
790.6,1772585700,790.83,787.12,787.63
788.71,1772586000,790.95,786.31,790.62
792.97,1772586300,793.47,788.82,788.83
794.09,1772586600,796.02,792.73,792.73
793.33,1772586900,795.45,792.49,793.81
792.08,1772587200,795.45,791.68,793.08
791.58,1772587500,793.96,790.04,792.13
794.95,1772587800,796.0,790.72,791.43
797.18,1772588100,797.31,794.35,794.84
799.83,1772588400,800.19,797.0,797.1
801.45,1772588700,801.45,798.77,799.57
802.51,1772589000,804.11,800.27,801.2
810.16,1772589300,810.57,802.51,802.51
810.09,1772589600,810.29,808.14,810.04
811.66,1772589900,811.87,809.74,810.08
813.47,1772590200,816.7,811.25,811.65
813.65,1772590500,814.35,811.86,813.61
814.53,1772590800,815.51,813.18,813.76
811.77,1772591100,815.23,811.72,814.41
812.97,1772591400,813.54,810.27,812.04
811.22,1772591700,814.29,810.74,813.51
812.54,1772592000,812.54,809.9,811.03
814.93,1772592300,816.71,811.26,812.43
818.25,1772592600,819.47,814.55,814.74
818.54,1772592900,819.36,816.74,818.34
816.05,1772593200,818.56,815.93,818.43
813.34,1772593500,816.37,812.88,815.66
811.73,1772593800,813.65,810.24,813.62
813.85,1772594100,813.98,810.38,811.8
811.92,1772594400,815.31,811.5,814.3
807.56,1772594700,812.26,806.76,811.86
803.2,1772595000,808.27,803.2,807.27
801.27,1772595300,805.35,800.44,803.18
801.59,1772595600,801.98,799.19,801.59
803.36,1772595900,803.36,800.21,801.53
801.9,1772596200,803.63,800.99,803.39
799.63,1772596500,802.81,797.29,802.06
798.58,1772596800,802.01,798.58,799.87
803.22,1772597100,804.07,798.62,798.62
805.18,1772597400,806.35,802.9,803.02
805.92,1772597700,808.96,804.89,804.93
805.06,1772598000,806.83,804.3,806.27
804.93,1772598300,805.03,801.89,805.03
807.13,1772598600,808.49,804.33,804.91
807.67,1772598900,808.91,806.09,806.85
805.85,1772599200,807.83,804.61,807.76
807.77,1772599500,808.29,804.46,806.02
810.71,1772599800,811.2,806.99,807.82
811.79,1772600100,812.55,809.35,810.61
808.51,1772600400,812.73,807.76,812.21
808.81,1772600700,810.47,807.9,808.84
804.23,1772601000,808.54,804.23,808.54
805.64,1772601300,806.13,802.57,804.16
804.0,1772601600,805.89,803.63,805.69
809.78,1772601900,809.78,803.85,803.92
807.29,1772602200,810.46,806.11,809.79
810.16,1772602500,811.25,807.52,807.53
812.61,1772602800,812.61,809.29,810.54
808.67,1772603100,812.75,807.33,812.55
807.32,1772603400,809.14,804.77,808.3
804.33,1772603700,808.21,804.33,807.52
809.27,1772604000,810.22,804.15,804.41
811.59,1772604300,813.01,808.42,809.18
810.15,1772604600,812.47,808.79,811.46
808.07,1772604900,810.06,807.91,810.05
808.85,1772605200,808.9,806.24,808.22
808.8,1772605500,809.45,807.17,808.67
806.21,1772605800,809.13,805.85,808.69
804.22,1772606100,806.52,802.86,806.35
804.18,1772606400,805.88,802.97,804.3
803.02,1772606700,804.7,800.86,804.49
803.04,1772607000,803.99,801.56,802.72
802.09,1772607300,803.67,801.47,802.83
800.17,1772607600,803.04,799.96,802.38
800.9,1772607900,801.2,798.71,800.04
802.13,1772608200,803.29,800.67,800.85
803.82,1772608500,803.86,800.85,802.31
804.95,1772608800,805.09,802.23,803.8
807.12,1772609100,807.78,803.81,804.73
811.67,1772609400,812.06,805.47,806.68
810.09,1772609700,812.3,808.95,812.27
814.35,1772610000,815.85,810.06,810.33
813.32,1772610300,816.63,812.42,814.36
814.14,1772610600,815.11,811.87,813.32
813.96,1772610900,815.18,812.19,814.56
816.47,1772611200,816.47,813.9,814.08
