close,epoch,high,low,open
973.49,1771210500,977.95,971.39,977.86
971.86,1771210800,974.14,969.77,973.59
968.8,1771211100,972.61,968.21,972.22
967.8,1771211400,970.18,965.82,968.72
965.76,1771211700,969.19,964.44,968.09
963.88,1771212000,967.18,963.85,965.75
962.21,1771212300,964.68,961.2,964.13
962.76,1771212600,965.07,962.47,962.47
961.68,1771212900,963.47,960.68,962.72
952.66,1771213200,961.41,952.66,961.38
953.41,1771213500,953.55,949.98,952.62
952.72,1771213800,955.25,951.25,953.98
955.85,1771214100,956.86,952.31,952.31
957.38,1771214400,958.91,955.65,955.82
959.49,1771214700,961.04,955.66,957.4
962.72,1771215000,962.77,959.29,959.9
956.13,1771215300,962.43,956.13,962.43
951.65,1771215600,957.03,950.57,956.14
951.72,1771215900,951.98,946.53,951.63
946.82,1771216200,952.89,945.85,951.71
947.33,1771216500,950.9,945.26,946.83
943.65,1771216800,947.56,943.65,947.48
939.21,1771217100,943.92,938.85,943.63
937.65,1771217400,939.79,937.06,939.08
934.63,1771217700,938.5,934.42,937.66
939.62,1771218000,939.9,934.04,934.86
941.84,1771218300,941.84,937.75,939.69
935.87,1771218600,942.32,935.87,941.85
936.08,1771218900,939.9,934.79,935.63
933.5,1771219200,938.07,933.5,935.76
931.14,1771219500,933.59,930.66,933.16
929.74,1771219800,930.96,928.59,930.79
931.44,1771220100,931.9,929.06,929.61
939.32,1771220400,939.39,931.55,931.55
939.46,1771220700,941.33,938.66,939.5
937.08,1771221000,939.99,936.77,939.64
934.98,1771221300,937.78,934.77,936.9
931.04,1771221600,936.49,931.04,934.97
930.88,1771221900,931.98,929.69,931.42
933.46,1771222200,935.13,930.87,930.93
934.95,1771222500,935.81,930.22,933.5
936.37,1771222800,939.16,934.77,934.95
937.07,1771223100,937.07,933.91,936.26
941.25,1771223400,942.5,937.04,937.04
941.53,1771223700,943.4,940.11,941.09
935.99,1771224000,941.1,934.81,941.1
934.38,1771224300,938.95,934.37,936.23
933.25,1771224600,936.1,932.64,934.41
929.05,1771224900,933.6,928.09,933.46
928.3,1771225200,931.01,927.46,929.48
931.58,1771225500,933.04,928.34,928.35
937.31,1771225800,937.82,930.9,931.59
935.01,1771226100,937.77,935.01,937.26
938.98,1771226400,938.98,935.37,935.47
941.3,1771226700,941.66,938.03,938.75
943.32,1771227000,944.43,941.0,941.34
944.66,1771227300,950.01,943.47,943.47
946.89,1771227600,947.91,942.36,944.71
949.52,1771227900,949.85,945.77,947.61
948.12,1771228200,950.69,947.6,949.45
951.16,1771228500,951.95,946.8,948.06
949.02,1771228800,952.14,948.14,951.38
947.82,1771229100,952.24,947.82,949.04
946.67,1771229400,948.83,945.88,947.57
943.11,1771229700,947.86,942.69,946.83
942.46,1771230000,943.38,939.14,943.24
941.54,1771230300,943.17,939.93,941.91
939.15,1771230600,942.75,939.15,941.86
936.06,1771230900,939.91,935.44,939.19
936.88,1771231200,937.8,934.74,936.03
931.22,1771231500,937.9,930.57,936.76
932.03,1771231800,932.73,928.52,931.36
929.34,1771232100,932.82,928.98,932.15
925.72,1771232400,929.97,925.72,929.64
928.44,1771232700,928.51,924.95,926.11
930.43,1771233000,930.43,926.27,928.59
930.89,1771233300,932.04,929.34,930.49
932.39,1771233600,935.42,930.66,931.08
930.22,1771233900,933.78,929.5,932.53
929.02,1771234200,932.05,929.02,930.35
928.15,1771234500,929.74,926.87,929.12
930.84,1771234800,932.73,927.68,927.68
931.62,1771235100,931.64,928.8,931.08
930.72,1771235400,933.84,930.72,931.72
925.79,1771235700,930.74,924.43,930.74
926.31,1771236000,928.84,924.62,925.48
921.96,1771236300,926.3,921.75,926.11
921.34,1771236600,922.77,919.44,922.08
922.54,1771236900,922.78,920.39,921.51
920.58,1771237200,924.18,919.86,922.87
917.63,1771237500,922.65,917.24,920.76
916.4,1771237800,918.2,915.43,917.29
916.16,1771238100,920.64,915.82,916.26
916.32,1771238400,920.65,915.92,916.73
920.18,1771238700,920.31,915.57,916.42
919.42,1771239000,921.72,918.69,920.06
919.68,1771239300,921.23,917.61,919.73
918.98,1771239600,920.56,917.02,919.6
921.59,1771239900,921.92,917.43,918.55
923.18,1771240200,923.61,919.97,921.93
926.61,1771240500,927.57,921.64,923.08
924.23,1771240800,927.64,924.05,926.24
923.56,1771241100,924.45,919.55,924.45
922.75,1771241400,924.05,920.87,923.52
921.35,1771241700,925.41,919.56,923.02
924.17,1771242000,925.29,919.97,921.68
926.75,1771242300,927.07,922.2,923.98
928.12,1771242600,928.86,925.45,926.66
926.84,1771242900,928.48,925.57,927.91
926.38,1771243200,927.0,924.44,926.8
921.08,1771243500,927.74,921.08,925.98
924.49,1771243800,924.89,918.79,921.21
928.51,1771244100,928.58,924.08,924.29
926.57,1771244400,931.95,926.57,928.52
930.04,1771244700,930.05,925.84,926.89
932.6,1771245000,932.6,929.54,929.76
930.77,1771245300,933.33,929.81,932.89
930.56,1771245600,932.35,929.69,931.06
928.77,1771245900,932.83,928.11,930.21
928.55,1771246200,931.18,927.4,928.62
930.75,1771246500,931.06,927.58,928.84
929.79,1771246800,932.04,928.76,930.98
926.76,1771247100,930.39,926.32,929.72
929.91,1771247400,930.88,926.38,926.61
932.54,1771247700,932.98,929.16,930.12
931.35,1771248000,933.93,929.48,932.48
933.79,1771248300,934.19,928.92,931.11
932.18,1771248600,933.9,930.87,933.39
934.89,1771248900,936.33,931.12,931.78
934.91,1771249200,937.66,933.34,935.01
937.45,1771249500,937.84,933.49,934.59
938.17,1771249800,940.55,936.98,937.38
936.76,1771250100,940.29,936.18,938.1
935.95,1771250400,937.1,933.41,936.85
941.3,1771250700,941.3,934.64,935.77
944.6,1771251000,945.12,941.24,941.38
943.0,1771251300,944.95,941.45,944.43
943.66,1771251600,946.08,942.86,943.03
939.82,1771251900,943.8,938.29,943.24
936.36,1771252200,939.68,936.36,939.65
938.16,1771252500,938.68,935.46,936.43
937.87,1771252800,940.58,937.53,938.17
940.86,1771253100,941.36,937.88,938.06
936.73,1771253400,941.44,936.3,940.94
936.14,1771253700,939.12,934.92,936.12
935.19,1771254000,937.69,934.48,936.12
928.2,1771254300,935.3,927.86,935.3
920.97,1771254600,929.37,919.71,928.01
923.66,1771254900,924.26,920.92,920.92
927.67,1771255200,928.27,923.71,923.71
928.75,1771255500,929.25,926.05,927.54
926.0,1771255800,929.37,925.48,929.04
925.47,1771256100,929.8,925.47,926.47
928.87,1771256400,929.25,924.61,925.97
929.17,1771256700,929.24,925.02,929.17
931.67,1771257000,933.83,929.19,929.19
930.49,1771257300,932.73,927.57,931.71
929.76,1771257600,931.74,928.5,930.65
929.44,1771257900,932.58,927.78,930.05
929.65,1771258200,932.44,928.87,929.35
931.99,1771258500,932.57,929.02,929.81
928.24,1771258800,931.82,927.86,931.2
925.97,1771259100,929.01,924.92,928.61
929.04,1771259400,929.43,924.03,925.81
928.0,1771259700,930.41,926.8,929.3
928.22,1771260000,928.74,925.7,927.52
928.95,1771260300,928.95,926.23,928.29
927.4,1771260600,928.75,926.25,928.64
926.25,1771260900,928.65,924.52,927.18
925.49,1771261200,928.49,925.2,926.19
927.28,1771261500,928.88,925.18,925.55
928.44,1771261800,930.71,926.55,927.19
930.1,1771262100,930.56,926.37,928.66
926.36,1771262400,930.92,926.28,930.2
930.53,1771262700,930.97,925.29,926.28
926.68,1771263000,930.82,925.82,930.16
930.8,1771263300,931.14,925.95,926.68
928.82,1771263600,930.55,926.5,930.55
928.82,1771263900,929.23,925.75,928.53
928.97,1771264200,930.7,927.32,928.7
929.17,1771264500,930.17,926.47,928.6
930.24,1771264800,931.51,928.25,929.01
925.87,1771265100,931.16,925.38,930.23
929.11,1771265400,929.18,925.07,925.82
929.37,1771265700,930.96,928.45,929.13
929.95,1771266000,930.69,927.44,929.5
928.76,1771266300,930.74,927.26,930.0
931.39,1771266600,933.41,928.22,928.37
928.9,1771266900,931.34,927.54,931.34
924.34,1771267200,929.25,923.98,929.06
919.89,1771267500,925.2,918.82,924.48
923.35,1771267800,926.19,919.71,919.71
918.45,1771268100,924.69,918.45,923.32
918.37,1771268400,920.29,916.92,918.6
920.0,1771268700,920.25,917.03,918.26
921.27,1771269000,921.27,917.38,919.83
917.35,1771269300,921.77,916.93,921.58
911.83,1771269600,917.94,911.83,917.54
909.81,1771269900,911.85,909.31,911.77
912.99,1771270200,913.56,909.59,909.91
908.48,1771270500,913.06,907.85,912.7
908.03,1771270800,908.57,905.7,908.51
905.05,1771271100,908.12,904.7,908.12
904.23,1771271400,905.62,902.86,905.42
902.12,1771271700,904.24,901.57,904.19
900.41,1771272000,902.74,898.97,902.34
903.12,1771272300,903.66,899.61,900.06
907.46,1771272600,907.8,903.3,903.3
908.36,1771272900,910.28,905.93,907.34
906.53,1771273200,909.78,906.06,908.34
908.12,1771273500,910.2,905.35,906.28
905.47,1771273800,908.45,903.53,908.19
907.59,1771274100,909.79,904.4,905.7
900.33,1771274400,907.33,900.17,907.2
896.66,1771274700,900.77,895.1,900.55
899.33,1771275000,900.33,894.78,896.69
897.75,1771275300,900.39,897.08,899.06
898.87,1771275600,899.59,897.29,897.73
896.17,1771275900,899.96,895.29,898.71
894.64,1771276200,897.82,893.62,896.1
894.5,1771276500,896.18,891.71,894.42
889.64,1771276800,894.44,888.48,894.1
889.62,1771277100,889.85,886.14,889.27
890.05,1771277400,891.17,887.05,889.99
887.81,1771277700,891.05,887.81,890.04
882.39,1771278000,888.0,882.05,888.0
878.42,1771278300,882.51,878.04,882.22
877.6,1771278600,880.14,876.77,878.37
879.42,1771278900,879.74,875.43,877.64
878.4,1771279200,880.52,877.73,879.44
879.11,1771279500,882.38,877.71,878.31
881.48,1771279800,882.32,878.91,879.15
882.06,1771280100,882.33,879.06,881.3
881.96,1771280400,884.06,880.79,882.09
876.59,1771280700,882.37,876.3,882.37
877.04,1771281000,877.22,874.39,876.37
877.71,1771281300,879.3,876.23,877.36
877.09,1771281600,879.6,877.09,877.5
873.77,1771281900,878.78,873.77,877.01
875.07,1771282200,875.07,871.19,873.73
870.96,1771282500,876.46,870.25,875.05
867.72,1771282800,871.46,867.55,871.0
868.07,1771283100,868.71,865.21,867.29
868.67,1771283400,869.98,866.22,868.32
873.39,1771283700,873.61,868.54,868.95
875.57,1771284000,876.3,873.57,873.73
872.69,1771284300,876.21,872.1,875.52
878.53,1771284600,878.92,872.39,872.64
871.99,1771284900,878.92,871.97,878.47
868.45,1771285200,871.75,867.85,871.59
872.05,1771285500,872.77,867.34,868.46
871.62,1771285800,873.83,871.2,872.09
868.57,1771286100,871.71,867.25,871.58
867.1,1771286400,869.82,865.24,868.7
863.26,1771286700,868.31,861.66,867.23
860.43,1771287000,864.0,859.92,863.42
861.26,1771287300,862.29,859.13,860.02
862.28,1771287600,865.69,860.95,861.27
862.17,1771287900,863.82,860.5,862.13
861.9,1771288200,863.43,860.71,862.06
860.78,1771288500,863.36,859.09,861.89
862.1,1771288800,864.28,860.11,860.58
859.46,1771289100,862.57,857.84,862.3
863.67,1771289400,865.11,859.01,859.45
867.03,1771289700,867.23,862.34,863.87
865.44,1771290000,867.09,864.41,866.58
865.42,1771290300,867.83,864.43,865.6
868.97,1771290600,869.3,863.67,865.47
869.14,1771290900,870.5,867.56,868.96
866.48,1771291200,869.55,865.02,869.41
869.36,1771291500,869.65,864.43,866.69
874.79,1771291800,875.36,869.11,869.24
871.94,1771292100,875.63,871.94,875.0
867.67,1771292400,872.33,867.44,872.0
865.96,1771292700,870.43,865.96,867.61
865.34,1771293000,866.97,864.05,865.35
866.59,1771293300,867.31,864.32,864.84
869.15,1771293600,870.52,866.34,866.69
868.12,1771293900,871.55,867.01,868.82
869.35,1771294200,869.81,867.83,868.14
869.76,1771294500,871.52,868.93,869.58
866.35,1771294800,870.58,866.35,869.79
865.94,1771295100,870.72,865.51,866.31
868.02,1771295400,869.54,865.38,866.01
871.52,1771295700,872.62,867.61,868.09
871.05,1771296000,872.85,869.16,872.02
870.66,1771296300,871.1,868.03,870.81
869.04,1771296600,871.62,866.89,870.41
865.61,1771296900,869.96,865.42,868.98
866.92,1771297200,868.25,864.79,865.68
871.37,1771297500,871.43,866.55,866.75
870.42,1771297800,874.24,870.37,871.41
866.56,1771298100,870.34,865.94,870.34
864.92,1771298400,866.9,864.05,866.49
864.33,1771298700,866.56,862.94,864.75
864.93,1771299000,868.26,864.42,864.42
859.9,1771299300,864.63,859.71,864.63
858.21,1771299600,861.19,857.92,859.96
857.69,1771299900,859.72,856.8,858.3
852.04,1771300200,858.15,851.61,857.36
851.69,1771300500,852.89,850.94,852.11
851.99,1771300800,852.55,849.88,851.58
851.44,1771301100,854.13,850.59,851.37
850.35,1771301400,852.5,849.01,851.86
853.87,1771301700,855.15,850.51,850.51
855.27,1771302000,855.33,851.79,854.22
849.37,1771302300,855.49,849.32,855.13
846.81,1771302600,850.57,846.6,849.4
843.31,1771302900,847.48,842.48,846.84
845.55,1771303200,845.93,842.82,843.16
846.55,1771303500,846.93,843.88,845.89
846.18,1771303800,848.52,845.52,846.7
845.26,1771304100,846.82,844.03,846.2
843.81,1771304400,846.45,842.9,845.52
844.49,1771304700,845.42,842.72,843.71
840.83,1771305000,845.45,840.83,845.03
845.08,1771305300,845.58,840.25,840.85
843.56,1771305600,845.44,840.91,844.85
843.52,1771305900,844.74,841.69,843.91
843.54,1771306200,845.17,841.37,843.68
850.1,1771306500,850.75,843.51,843.61
852.92,1771306800,854.04,848.99,850.17
852.28,1771307100,853.53,850.08,852.53
849.54,1771307400,852.34,847.95,852.34
851.05,1771307700,851.92,849.47,849.95
852.79,1771308000,853.62,850.16,851.29
854.22,1771308300,854.95,852.14,852.83
855.5,1771308600,857.42,853.39,854.41
860.14,1771308900,860.14,855.66,855.76
864.64,1771309200,864.64,859.76,859.88
861.28,1771309500,866.17,860.78,864.87
864.6,1771309800,864.79,860.59,861.22
862.63,1771310100,864.58,861.43,864.45
862.68,1771310400,866.34,861.92,862.6
861.45,1771310700,862.67,858.93,862.15
858.61,1771311000,862.53,858.28,861.4
862.97,1771311300,862.97,858.55,858.89
867.03,1771311600,868.14,863.01,863.1
867.86,1771311900,868.12,864.73,866.88
867.74,1771312200,869.83,866.58,867.17
863.69,1771312500,868.36,862.92,867.76
865.94,1771312800,866.12,862.76,863.71
865.16,1771313100,866.57,863.9,865.99
859.33,1771313400,865.92,859.02,865.21
857.56,1771313700,860.21,856.87,859.25
861.44,1771314000,861.87,857.69,857.71
862.72,1771314300,863.89,859.99,861.26
863.57,1771314600,863.98,861.26,863.07
858.92,1771314900,864.3,858.75,863.69
855.48,1771315200,859.8,854.66,858.72
857.74,1771315500,858.24,853.67,855.72
856.5,1771315800,859.18,856.5,857.98
857.79,1771316100,860.03,855.04,856.46
857.07,1771316400,859.43,856.32,857.97
863.53,1771316700,863.53,856.31,856.85
869.3,1771317000,869.56,862.6,863.2
866.85,1771317300,871.85,866.58,869.54
866.88,1771317600,868.25,865.93,866.61
867.99,1771317900,869.16,865.83,867.16
866.84,1771318200,870.65,866.73,868.17
867.37,1771318500,867.73,864.81,866.91
867.89,1771318800,869.67,866.81,867.23
869.42,1771319100,869.45,866.19,868.39
869.01,1771319400,871.04,868.8,869.24
870.81,1771319700,871.24,866.17,869.05
870.46,1771320000,871.65,867.27,870.98
872.4,1771320300,873.58,869.88,870.03
870.71,1771320600,873.19,870.3,872.41
874.12,1771320900,876.1,870.15,870.5
873.99,1771321200,875.88,872.61,874.33
874.48,1771321500,877.77,873.66,874.13
876.66,1771321800,877.88,874.37,874.41
878.75,1771322100,880.4,874.49,876.57
876.12,1771322400,880.55,876.12,878.87
875.95,1771322700,877.06,874.38,875.97
877.19,1771323000,878.68,875.45,876.18
876.62,1771323300,878.27,876.06,877.34
875.52,1771323600,877.39,872.65,876.32
878.73,1771323900,879.52,875.23,875.78
873.73,1771324200,878.97,873.54,878.47
872.87,1771324500,874.31,871.83,873.86
872.51,1771324800,873.01,870.07,873.01
873.0,1771325100,873.77,871.52,872.57
875.67,1771325400,876.47,870.64,873.09
875.62,1771325700,877.51,874.6,876.02
872.55,1771326000,875.69,871.3,875.23
871.19,1771326300,875.1,871.1,872.49
870.7,1771326600,872.81,869.78,871.25
870.59,1771326900,871.56,869.22,871.03
873.03,1771327200,875.22,870.48,870.48
874.68,1771327500,875.63,872.16,873.45
869.8,1771327800,875.28,869.8,875.12
870.32,1771328100,870.86,867.21,869.57
873.18,1771328400,873.18,870.52,870.52
874.4,1771328700,874.4,871.38,872.89
874.59,1771329000,875.5,872.73,874.27
874.57,1771329300,876.22,873.5,874.25
875.32,1771329600,875.58,872.46,874.74
879.18,1771329900,880.04,875.19,875.19
880.35,1771330200,880.36,877.68,879.15
883.73,1771330500,883.85,878.59,880.3
888.32,1771330800,888.32,882.1,883.71
884.27,1771331100,890.24,884.2,888.28
886.02,1771331400,887.38,883.56,884.38
885.72,1771331700,888.12,885.6,886.14
890.14,1771332000,890.54,885.45,885.45
888.98,1771332300,890.14,886.61,889.9
893.05,1771332600,893.05,886.94,888.64
893.43,1771332900,894.19,891.71,893.22
891.53,1771333200,894.82,890.57,893.51
891.14,1771333500,893.58,890.58,891.26
889.3,1771333800,892.7,889.15,891.06
889.31,1771334100,890.28,887.38,889.2
890.88,1771334400,891.51,889.21,889.32
888.39,1771334700,890.92,887.0,890.88
887.86,1771335000,888.9,886.12,888.3
890.1,1771335300,890.71,886.56,887.57
887.66,1771335600,890.32,887.47,890.05
890.89,1771335900,891.47,887.49,887.84
889.65,1771336200,891.16,888.43,890.63
892.64,1771336500,893.65,888.32,889.39
893.9,1771336800,895.14,890.2,892.49
892.32,1771337100,893.76,890.22,893.68
887.32,1771337400,894.12,887.12,892.39
885.78,1771337700,887.56,884.15,887.33
885.92,1771338000,888.6,884.54,885.95
885.08,1771338300,887.28,882.57,886.23
884.9,1771338600,886.06,881.78,884.95
883.11,1771338900,885.04,881.79,884.83
882.36,1771339200,883.74,881.46,883.41
885.65,1771339500,886.01,882.24,882.41
878.63,1771339800,885.77,878.58,885.77
881.98,1771340100,882.19,878.71,878.81
878.33,1771340400,881.9,876.8,881.9
877.6,1771340700,879.29,876.68,878.54
873.46,1771341000,878.39,872.55,877.85
873.61,1771341300,874.32,868.07,873.4
876.99,1771341600,879.43,872.93,873.63
872.32,1771341900,877.48,872.01,876.88
874.2,1771342200,874.67,870.67,872.46
874.52,1771342500,875.43,873.01,874.24
873.6,1771342800,876.46,872.61,874.88
870.3,1771343100,874.06,869.74,873.47
866.79,1771343400,870.57,866.79,870.04
870.62,1771343700,870.66,865.54,867.23
871.57,1771344000,873.38,869.97,870.54
866.97,1771344300,871.9,866.97,871.9
863.82,1771344600,868.01,863.33,867.12
862.46,1771344900,865.45,862.02,863.93
864.37,1771345200,866.43,862.38,862.38
865.7,1771345500,868.08,864.11,864.48
867.51,1771345800,868.08,865.13,865.47
864.95,1771346100,867.98,864.8,867.07
866.26,1771346400,866.39,863.08,864.64
866.03,1771346700,868.8,865.79,866.2
867.48,1771347000,869.16,866.04,866.04
869.61,1771347300,871.21,866.88,867.5
869.38,1771347600,870.95,867.67,869.99
867.45,1771347900,870.75,866.19,869.32
868.86,1771348200,869.44,865.83,867.06
867.5,1771348500,870.22,866.49,868.88
865.0,1771348800,867.25,863.81,867.02
866.62,1771349100,867.19,864.01,865.09
868.5,1771349400,868.78,865.38,866.5
863.9,1771349700,869.33,863.33,868.45
860.74,1771350000,863.96,859.78,863.96
863.64,1771350300,864.63,859.49,860.66
861.86,1771350600,864.07,858.92,863.65
864.95,1771350900,864.96,861.48,861.91
863.79,1771351200,866.43,862.1,865.0
865.4,1771351500,865.84,863.11,863.52
866.13,1771351800,867.32,864.16,865.7
866.59,1771352100,868.69,864.3,866.26
872.68,1771352400,873.12,866.87,866.87
872.98,1771352700,874.17,870.98,872.61
875.31,1771353000,875.61,871.36,873.04
880.89,1771353300,880.89,875.26,875.64
879.8,1771353600,882.68,878.61,880.48
881.19,1771353900,881.71,878.77,879.85
876.32,1771354200,882.56,876.0,881.41
878.26,1771354500,880.22,876.02,876.34
870.83,1771354800,878.28,870.24,878.05
871.81,1771355100,873.8,870.4,871.07
879.73,1771355400,879.91,871.71,871.71
880.88,1771355700,881.16,876.33,879.6
880.89,1771356000,882.27,879.21,881.13
878.61,1771356300,881.15,876.76,880.92
883.12,1771356600,883.38,878.3,878.67
888.36,1771356900,888.57,882.7,882.77
888.12,1771357200,888.65,884.78,888.37
885.59,1771357500,888.81,885.58,888.14
884.46,1771357800,887.36,883.6,885.75
883.37,1771358100,884.93,882.59,884.69
881.02,1771358400,884.47,880.45,883.61
879.45,1771358700,881.95,879.0,881.33
877.27,1771359000,880.62,876.22,879.57
877.29,1771359300,879.32,874.79,876.98
875.47,1771359600,877.4,874.29,877.27
876.14,1771359900,876.7,874.15,875.24
875.67,1771360200,877.22,873.41,876.03
872.18,1771360500,875.84,871.91,875.74
868.97,1771360800,872.2,868.31,872.2
872.64,1771361100,873.78,869.63,869.63
872.34,1771361400,875.64,872.18,872.5
871.73,1771361700,874.72,871.14,872.2
872.59,1771362000,873.57,871.27,872.4
871.93,1771362300,872.46,869.83,872.4
873.33,1771362600,874.62,870.4,871.91
873.15,1771362900,874.68,871.03,873.4
876.36,1771363200,876.36,872.61,873.47
876.52,1771363500,881.87,876.33,876.37
876.96,1771363800,876.96,872.6,876.55
882.44,1771364100,882.6,877.0,877.0
885.71,1771364400,886.11,882.01,882.37
882.0,1771364700,885.86,879.57,885.4
883.25,1771365000,884.58,881.13,881.73
878.84,1771365300,883.52,878.55,883.52
880.86,1771365600,882.17,877.65,878.77
878.53,1771365900,881.82,877.27,880.87
880.65,1771366200,880.95,877.9,878.51
878.52,1771366500,881.06,877.54,880.94
879.26,1771366800,880.28,877.8,878.84
884.66,1771367100,885.49,877.85,879.32
882.46,1771367400,886.55,882.46,884.54
878.55,1771367700,882.57,878.27,882.5
884.32,1771368000,884.32,878.79,878.79
882.9,1771368300,886.17,882.31,884.25
882.52,1771368600,885.39,881.58,882.85
880.89,1771368900,883.18,879.64,882.36
882.19,1771369200,883.15,879.54,880.61
881.41,1771369500,883.98,881.16,882.24
874.88,1771369800,881.19,874.62,881.19
869.78,1771370100,874.78,869.66,874.78
865.2,1771370400,869.87,864.33,869.68
863.63,1771370700,866.59,862.81,865.39
861.97,1771371000,863.98,861.27,863.98
863.81,1771371300,863.92,859.91,862.17
863.8,1771371600,864.33,861.19,863.61
861.25,1771371900,864.92,861.08,863.9
859.89,1771372200,862.17,859.54,861.53
862.24,1771372500,863.17,858.76,859.77
870.97,1771372800,871.03,861.85,861.94
872.55,1771373100,873.34,870.57,870.96
871.58,1771373400,873.3,869.58,872.55
869.87,1771373700,872.19,868.74,871.7
871.55,1771374000,872.94,868.58,869.78
868.69,1771374300,871.92,868.69,871.75
868.21,1771374600,869.35,867.16,868.83
867.44,1771374900,868.95,866.14,868.0
865.7,1771375200,869.45,865.7,867.04
862.41,1771375500,865.56,862.41,865.35
862.68,1771375800,864.21,862.09,862.22
861.75,1771376100,864.01,861.75,862.37
862.24,1771376400,862.88,860.68,861.88
863.15,1771376700,863.46,859.26,861.87
861.15,1771377000,863.29,860.2,863.26
859.67,1771377300,862.43,858.24,861.21
857.2,1771377600,860.57,856.82,859.45
858.15,1771377900,858.15,854.95,857.39
857.48,1771378200,858.96,855.42,858.24
853.82,1771378500,857.39,853.03,857.27
848.11,1771378800,853.84,848.11,853.84
847.99,1771379100,850.11,845.59,848.4
849.46,1771379400,850.1,846.51,848.04
849.1,1771379700,850.53,847.27,849.7
848.84,1771380000,851.3,848.08,849.49
848.29,1771380300,849.6,846.92,848.95
846.16,1771380600,847.83,844.8,847.76
844.65,1771380900,846.41,843.47,846.19
843.73,1771381200,846.31,843.37,844.88
843.6,1771381500,845.35,843.09,843.72
844.54,1771381800,844.54,840.42,843.28
845.59,1771382100,846.62,844.29,844.72
849.14,1771382400,849.46,844.65,845.64
851.34,1771382700,852.09,848.84,849.24
847.75,1771383000,851.71,847.1,851.49
853.17,1771383300,853.54,847.81,848.25
847.33,1771383600,854.45,847.28,853.19
849.09,1771383900,850.89,847.12,847.73
844.34,1771384200,849.89,844.34,849.36
840.18,1771384500,844.54,840.09,844.23
840.67,1771384800,840.67,838.33,839.91
842.05,1771385100,844.09,840.45,840.45
838.29,1771385400,842.42,837.63,842.04
838.04,1771385700,840.54,837.52,838.18
836.08,1771386000,838.83,834.96,837.52
839.56,1771386300,839.71,836.17,836.17
834.86,1771386600,839.86,834.68,839.8
838.54,1771386900,838.86,834.85,834.85
837.02,1771387200,840.57,834.11,838.61
837.82,1771387500,839.6,836.89,836.97
832.55,1771387800,837.81,832.37,837.48
830.77,1771388100,832.79,830.64,832.43
831.48,1771388400,832.85,829.12,830.66
827.72,1771388700,831.73,827.13,831.71
829.64,1771389000,830.15,827.24,827.49
826.92,1771389300,829.45,826.21,829.4
821.65,1771389600,827.66,821.65,826.85
820.27,1771389900,824.02,820.07,821.91
820.43,1771390200,821.42,819.43,820.71
822.05,1771390500,824.71,819.93,820.4
823.57,1771390800,823.64,821.52,821.93
819.13,1771391100,824.53,818.88,823.67
819.43,1771391400,819.98,816.76,819.17
819.0,1771391700,819.49,816.66,819.38
819.29,1771392000,820.79,818.49,819.14
817.0,1771392300,819.78,816.73,819.32
818.47,1771392600,818.7,815.55,816.62
813.37,1771392900,818.46,812.77,818.46
814.77,1771393200,815.85,811.56,813.44
813.14,1771393500,815.75,813.0,814.31
813.71,1771393800,814.32,811.94,813.26
816.51,1771394100,816.7,812.46,813.87
812.58,1771394400,816.19,812.22,816.19
815.41,1771394700,816.18,812.19,812.47
813.92,1771395000,815.41,812.54,815.18
816.31,1771395300,816.31,811.11,813.82
814.99,1771395600,816.67,814.99,816.09
821.63,1771395900,822.64,814.55,815.15
820.61,1771396200,822.4,819.95,821.59
820.73,1771396500,821.75,819.29,820.75
820.97,1771396800,823.43,819.97,820.64
818.24,1771397100,821.68,816.79,820.97
821.92,1771397400,822.59,818.48,818.48
822.7,1771397700,823.28,821.1,821.78
823.33,1771398000,825.43,821.7,822.7
825.23,1771398300,825.23,821.85,823.41
826.43,1771398600,826.73,823.75,825.13
828.8,1771398900,830.2,825.7,826.42
833.28,1771399200,834.13,828.76,829.16
832.9,1771399500,833.86,831.46,833.12
834.56,1771399800,835.1,832.2,832.96
835.3,1771400100,838.15,834.6,834.6
836.09,1771400400,837.06,834.57,835.21
834.69,1771400700,836.95,832.79,836.47
829.51,1771401000,835.98,829.51,834.75
826.13,1771401300,829.12,825.34,829.12
826.89,1771401600,828.0,826.15,826.15
823.92,1771401900,826.91,823.74,826.91
816.99,1771402200,823.8,816.7,823.7
817.19,1771402500,819.75,817.0,817.14
817.52,1771402800,818.71,816.84,817.17
819.96,1771403100,821.02,816.63,817.37
818.93,1771403400,821.05,818.47,819.63
822.72,1771403700,823.26,818.36,818.67
823.99,1771404000,824.18,821.79,822.82
818.88,1771404300,824.35,818.77,824.17
821.2,1771404600,821.63,818.5,818.81
823.48,1771404900,824.74,820.59,821.43
821.21,1771405200,823.62,820.65,823.55
824.28,1771405500,824.34,820.52,821.12
823.49,1771405800,824.36,822.02,824.15
823.44,1771406100,823.76,819.68,823.53
821.97,1771406400,823.9,819.63,823.44
824.15,1771406700,824.65,821.16,821.88
824.81,1771407000,826.75,823.51,823.71
826.66,1771407300,830.13,824.87,825.01
830.03,1771407600,830.94,826.37,826.53
830.27,1771407900,830.53,827.45,829.72
828.45,1771408200,832.5,828.45,830.33
831.22,1771408500,831.39,826.13,828.34
827.11,1771408800,831.77,827.11,831.24
831.36,1771409100,831.98,827.02,827.14
825.75,1771409400,831.94,825.75,831.67
828.66,1771409700,829.29,825.59,825.74
825.35,1771410000,829.42,825.01,828.52
822.84,1771410300,825.95,822.44,825.49
823.89,1771410600,825.07,822.21,822.57
822.68,1771410900,825.07,821.69,823.94
822.56,1771411200,823.73,821.24,822.74
820.94,1771411500,822.97,820.67,822.38
821.18,1771411800,821.64,818.73,821.03
820.75,1771412100,823.42,820.14,821.03
818.53,1771412400,820.88,816.85,820.73
817.42,1771412700,819.84,816.97,818.47
816.76,1771413000,817.5,814.88,817.5
816.92,1771413300,817.32,815.33,816.45
815.88,1771413600,819.73,815.43,817.34
814.83,1771413900,817.91,814.68,815.96
814.98,1771414200,816.47,813.61,814.97
815.45,1771414500,816.42,814.14,815.06
817.45,1771414800,818.09,814.84,815.41
817.89,1771415100,821.02,817.38,817.38
819.71,1771415400,821.48,816.85,818.15
818.29,1771415700,821.03,818.29,819.64
813.96,1771416000,818.47,813.43,818.27
816.92,1771416300,817.21,813.93,813.93
818.07,1771416600,818.95,815.39,817.17
815.9,1771416900,818.49,815.9,818.09
816.69,1771417200,816.69,814.34,815.5
822.42,1771417500,822.63,815.93,816.6
824.29,1771417800,825.57,821.86,822.57
822.56,1771418100,824.53,821.6,823.94
821.77,1771418400,823.84,820.47,823.07
816.91,1771418700,822.09,816.06,821.85
820.47,1771419000,820.73,815.27,816.6
818.56,1771419300,821.24,818.2,820.65
821.56,1771419600,821.97,817.33,818.43
819.31,1771419900,822.9,817.78,821.33
818.03,1771420200,820.03,816.12,818.8
816.31,1771420500,818.02,815.24,817.71
815.74,1771420800,816.8,814.58,816.13
819.86,1771421100,821.63,815.48,815.54
817.11,1771421400,821.82,817.11,820.13
819.02,1771421700,820.11,816.62,816.7
822.02,1771422000,822.41,818.89,818.92
821.55,1771422300,825.05,821.21,821.9
826.01,1771422600,826.8,821.37,821.37
829.39,1771422900,829.55,825.86,826.44
832.43,1771423200,832.77,829.11,829.59
837.69,1771423500,838.58,831.2,832.5
833.19,1771423800,837.68,833.17,837.63
834.1,1771424100,836.32,831.96,833.53
841.37,1771424400,842.17,833.5,834.0
845.8,1771424700,847.24,840.9,841.6
847.25,1771425000,848.01,844.26,845.57
848.02,1771425300,848.77,845.35,847.42
846.29,1771425600,849.84,845.56,848.36
847.33,1771425900,848.62,846.79,846.81
846.66,1771426200,848.36,845.63,847.24
848.02,1771426500,848.59,844.61,846.56
851.66,1771426800,852.18,848.19,848.39
849.44,1771427100,851.83,848.8,851.65
848.79,1771427400,849.96,847.29,849.5
849.42,1771427700,850.73,847.08,848.86
844.98,1771428000,849.91,844.88,849.11
842.32,1771428300,846.09,842.28,844.63
847.99,1771428600,848.04,841.36,842.1
851.78,1771428900,852.82,848.47,848.65
852.36,1771429200,854.83,851.62,851.62
854.8,1771429500,855.89,852.02,852.26
851.36,1771429800,855.18,850.86,854.75
855.12,1771430100,855.46,850.69,851.37
858.26,1771430400,859.5,855.01,855.46
856.67,1771430700,858.71,856.06,858.18
859.99,1771431000,860.09,855.75,856.95
860.07,1771431300,863.5,859.69,859.78
861.62,1771431600,862.17,858.03,859.9
865.3,1771431900,866.35,860.24,861.66
867.49,1771432200,867.8,864.26,865.81
870.1,1771432500,870.73,866.79,867.29
872.21,1771432800,874.32,870.21,870.22
876.23,1771433100,878.08,872.13,872.3
880.23,1771433400,880.44,875.24,876.37
878.31,1771433700,881.61,877.69,880.73
878.46,1771434000,881.45,877.15,877.99
882.05,1771434300,883.22,877.29,878.48
884.17,1771434600,885.17,881.58,881.74
885.4,1771434900,887.27,883.5,884.49
884.13,1771435200,887.44,884.13,885.4
888.01,1771435500,888.28,884.11,884.11
886.14,1771435800,889.18,885.87,887.7
889.92,1771436100,891.66,886.07,886.13
892.15,1771436400,892.36,888.84,889.86
892.91,1771436700,893.4,891.09,892.19
887.55,1771437000,893.07,887.55,892.82
884.73,1771437300,888.45,884.55,887.77
881.89,1771437600,885.26,880.82,884.78
877.76,1771437900,882.12,877.71,882.12
877.6,1771438200,879.67,876.72,877.72
871.93,1771438500,877.85,871.51,877.12
874.95,1771438800,875.92,871.83,871.95
875.43,1771439100,875.85,872.57,875.03
879.36,1771439400,879.61,874.37,875.41
879.65,1771439700,879.65,877.12,879.58
878.09,1771440000,881.15,877.96,879.66
879.75,1771440300,881.11,877.3,878.24
880.72,1771440600,880.99,878.21,879.82
880.29,1771440900,880.97,878.33,880.76
880.66,1771441200,881.9,879.4,880.42
878.11,1771441500,881.49,877.52,880.93
878.59,1771441800,879.28,875.21,878.47
883.53,1771442100,884.21,878.06,878.65
883.25,1771442400,886.58,882.79,883.5
878.76,1771442700,885.29,877.71,883.25
882.43,1771443000,882.94,878.56,878.75
885.16,1771443300,885.25,882.41,882.43
889.91,1771443600,890.19,885.21,885.25
887.08,1771443900,889.6,886.66,889.6
883.64,1771444200,887.69,883.03,886.93
882.92,1771444500,884.14,880.66,883.64
878.39,1771444800,883.16,875.81,882.78
880.08,1771445100,880.84,877.9,878.8
876.26,1771445400,880.0,875.57,880.0
873.47,1771445700,876.99,873.19,876.06
876.04,1771446000,876.04,871.73,873.52
874.89,1771446300,876.16,873.56,876.16
872.89,1771446600,876.15,871.5,874.9
872.71,1771446900,873.54,869.68,872.64
873.93,1771447200,874.07,871.59,872.69
875.05,1771447500,875.58,872.44,873.91
874.72,1771447800,875.42,872.14,874.91
880.54,1771448100,880.81,873.56,875.12
879.14,1771448400,882.06,877.47,880.6
876.13,1771448700,879.05,874.45,879.05
878.63,1771449000,879.57,875.48,876.01
877.13,1771449300,878.65,874.87,878.65
882.45,1771449600,883.6,876.95,876.95
879.8,1771449900,883.69,879.27,882.26
875.06,1771450200,880.14,873.93,879.8
883.38,1771450500,883.71,873.5,875.12
883.78,1771450800,885.28,880.66,883.45
879.67,1771451100,884.88,879.47,884.1
879.49,1771451400,881.03,878.47,879.56
876.13,1771451700,879.14,874.72,879.14
878.34,1771452000,879.25,876.05,876.05
879.19,1771452300,881.11,878.25,878.54
875.15,1771452600,879.98,873.92,878.83
871.8,1771452900,875.68,871.8,874.75
872.81,1771453200,874.13,870.61,871.73
875.54,1771453500,876.62,872.39,873.09
876.19,1771453800,877.31,874.55,875.59
881.29,1771454100,881.59,876.0,876.06
877.69,1771454400,882.11,877.23,881.53
874.79,1771454700,878.37,874.79,877.34
872.76,1771455000,876.3,872.56,874.92
869.32,1771455300,872.91,869.32,872.38
873.83,1771455600,874.0,868.95,869.39
873.67,1771455900,876.17,873.24,873.97
869.8,1771456200,875.06,869.76,873.8
866.35,1771456500,871.38,866.18,869.73
865.87,1771456800,868.24,865.83,866.04
870.05,1771457100,870.32,864.88,865.48
871.19,1771457400,872.2,869.6,870.06
869.19,1771457700,871.03,868.02,871.03
868.91,1771458000,869.9,865.92,868.95
866.51,1771458300,869.39,864.59,868.93
865.9,1771458600,867.23,863.26,866.66
863.58,1771458900,865.65,862.2,865.65
860.11,1771459200,865.13,859.33,863.68
858.72,1771459500,860.99,858.67,859.96
858.76,1771459800,862.06,857.84,859.03
857.58,1771460100,859.82,855.53,858.69
859.13,1771460400,859.36,855.28,857.54
861.91,1771460700,862.91,859.24,859.24
863.35,1771461000,865.2,861.51,862.26
860.7,1771461300,863.9,860.05,862.87
859.44,1771461600,860.71,857.11,860.71
857.38,1771461900,860.56,857.07,859.17
853.54,1771462200,858.27,853.54,857.43
849.72,1771462500,854.35,848.5,853.86
852.65,1771462800,852.65,848.82,849.53
848.06,1771463100,852.46,847.27,852.43
848.05,1771463400,848.7,846.55,847.88
852.36,1771463700,852.36,847.75,847.79
852.86,1771464000,854.36,851.86,852.19
855.68,1771464300,856.81,852.29,852.71
852.22,1771464600,856.24,851.24,855.57
846.98,1771464900,852.75,846.94,852.57
845.41,1771465200,848.0,844.23,846.95
847.62,1771465500,847.97,844.7,845.31
852.62,1771465800,852.62,847.29,847.29
852.82,1771466100,856.13,852.26,852.86
855.45,1771466400,855.96,852.94,852.94
854.77,1771466700,856.39,853.26,855.31
853.53,1771467000,855.87,852.96,855.05
849.83,1771467300,852.93,848.62,852.93
846.86,1771467600,850.05,844.62,849.86
849.08,1771467900,850.54,845.61,846.99
846.47,1771468200,850.15,845.85,849.08
847.86,1771468500,848.05,844.41,846.81
847.05,1771468800,847.83,843.83,847.83
848.01,1771469100,848.01,845.21,846.99
853.47,1771469400,853.82,847.78,848.29
852.71,1771469700,854.74,852.35,853.75
853.4,1771470000,853.92,851.34,852.55
854.99,1771470300,855.99,852.25,853.42
853.05,1771470600,855.56,852.66,854.62
849.23,1771470900,853.52,848.55,852.75
847.25,1771471200,849.47,846.23,849.3
852.35,1771471500,852.45,847.06,847.06
850.47,1771471800,854.23,850.14,851.96
852.16,1771472100,852.72,849.21,850.69
852.55,1771472400,853.84,850.77,851.92
851.8,1771472700,855.14,851.2,852.39
850.09,1771473000,853.37,849.77,851.82
847.66,1771473300,850.42,845.71,849.96
846.21,1771473600,848.57,844.41,847.38
849.48,1771473900,849.63,845.18,846.24
851.57,1771474200,853.6,849.45,849.69
856.72,1771474500,856.95,851.3,851.3
856.29,1771474800,856.58,854.22,856.33
857.18,1771475100,858.0,854.8,856.32
861.76,1771475400,861.76,856.86,857.31
861.01,1771475700,862.02,860.49,861.44
862.11,1771476000,862.26,859.34,860.95
860.58,1771476300,863.22,859.77,862.26
863.03,1771476600,863.21,859.52,860.64
862.79,1771476900,864.76,861.29,863.08
865.8,1771477200,867.27,861.98,862.51
867.09,1771477500,867.82,862.81,865.61
872.07,1771477800,872.27,867.37,867.37
868.24,1771478100,873.13,867.49,871.93
864.21,1771478400,867.93,861.99,867.93
862.79,1771478700,865.86,861.73,864.12
865.33,1771479000,865.74,861.48,862.69
864.83,1771479300,865.34,862.83,864.98
863.46,1771479600,866.32,863.21,865.24
864.52,1771479900,867.16,863.09,863.66
862.0,1771480200,865.96,861.96,864.5
862.58,1771480500,864.62,859.26,861.91
862.67,1771480800,863.89,861.52,862.17
860.83,1771481100,862.8,859.3,862.67
861.02,1771481400,862.64,859.47,860.97
858.07,1771481700,862.05,856.96,861.02
854.12,1771482000,857.92,853.44,857.92
853.02,1771482300,855.29,852.42,853.91
849.57,1771482600,852.87,849.56,852.78
847.47,1771482900,850.36,846.89,849.79
846.5,1771483200,849.09,845.73,847.82
849.99,1771483500,851.55,845.29,846.61
851.79,1771483800,852.4,848.82,849.92
851.4,1771484100,853.73,850.24,851.83
849.71,1771484400,851.07,848.1,851.07
845.17,1771484700,850.21,844.57,849.67
845.25,1771485000,846.49,843.8,844.85
840.46,1771485300,845.7,840.34,845.31
837.26,1771485600,841.13,836.56,840.43
835.3,1771485900,837.83,834.23,837.25
837.91,1771486200,838.23,835.45,835.45
837.03,1771486500,839.39,835.82,837.91
835.35,1771486800,837.32,834.56,836.5
837.41,1771487100,838.01,834.1,835.35
832.54,1771487400,837.47,832.27,837.47
835.65,1771487700,835.79,832.13,832.27
834.95,1771488000,836.44,834.39,835.7
838.73,1771488300,838.81,834.34,834.86
841.63,1771488600,841.73,838.01,838.95
841.86,1771488900,842.09,839.75,841.43
845.56,1771489200,846.02,839.17,841.73
843.45,1771489500,845.61,841.02,845.61
844.84,1771489800,844.84,842.18,843.56
848.1,1771490100,849.31,843.55,844.26
849.27,1771490400,850.25,846.69,848.34
851.48,1771490700,851.48,848.75,849.32
852.67,1771491000,853.13,850.57,851.38
853.23,1771491300,853.8,851.89,852.93
855.02,1771491600,855.19,851.71,853.25
851.64,1771491900,855.5,851.41,855.28
853.54,1771492200,853.89,851.36,851.59
853.34,1771492500,854.3,851.68,853.41
852.32,1771492800,854.87,851.51,853.56
849.9,1771493100,852.62,848.84,852.4
849.55,1771493400,850.84,848.58,850.06
849.09,1771493700,851.03,847.34,849.43
849.92,1771494000,852.04,848.12,849.07
849.51,1771494300,851.08,847.37,849.86
847.7,1771494600,849.47,845.65,849.47
845.61,1771494900,849.57,845.18,847.9
839.47,1771495200,845.65,839.41,845.62
840.06,1771495500,840.96,837.57,839.9
840.38,1771495800,841.82,839.45,840.15
840.86,1771496100,842.33,838.07,840.35
839.01,1771496400,844.99,839.01,841.13
834.12,1771496700,838.63,833.6,838.63
834.44,1771497000,835.43,832.72,834.02
833.41,1771497300,835.97,832.62,834.48
830.1,1771497600,833.4,829.36,833.12
832.27,1771497900,834.13,830.19,830.19
829.6,1771498200,832.54,829.43,832.38
827.78,1771498500,831.14,827.29,829.53
831.46,1771498800,831.46,826.83,828.01
833.65,1771499100,834.26,830.91,831.29
831.93,1771499400,833.64,829.38,833.51
835.43,1771499700,835.44,831.48,831.85
832.13,1771500000,836.63,831.24,835.55
833.68,1771500300,833.81,831.81,831.94
831.63,1771500600,835.72,829.75,833.76
833.58,1771500900,833.93,830.87,832.19
831.65,1771501200,835.32,831.31,833.5
831.93,1771501500,833.34,830.22,831.83
837.97,1771501800,838.38,832.09,832.09
838.62,1771502100,840.47,836.38,838.23
840.45,1771502400,841.32,838.52,838.52
838.31,1771502700,840.88,838.14,840.68
842.65,1771503000,843.02,837.93,838.19
839.74,1771503300,843.31,839.04,843.12
838.59,1771503600,840.47,835.88,839.68
834.68,1771503900,839.17,833.43,838.37
833.02,1771504200,836.17,833.02,834.86
826.54,1771504500,833.24,826.54,833.17
827.03,1771504800,828.09,825.96,826.97
825.17,1771505100,827.8,825.0,826.73
826.36,1771505400,827.35,823.77,825.51
823.13,1771505700,827.67,823.05,826.71
825.71,1771506000,827.24,822.64,823.32
825.15,1771506300,828.13,824.17,825.86
825.37,1771506600,826.66,824.16,825.43
824.4,1771506900,828.09,823.6,825.53
824.78,1771507200,826.11,823.4,824.59
823.91,1771507500,824.34,822.09,824.21
824.65,1771507800,825.05,822.75,823.84
830.71,1771508100,831.46,824.28,824.44
832.05,1771508400,833.88,829.48,830.6
828.15,1771508700,832.28,827.77,831.92
828.16,1771509000,828.66,825.48,827.76
824.62,1771509300,828.61,824.36,828.05
831.95,1771509600,832.01,824.56,824.57
833.23,1771509900,833.66,830.9,831.99
834.56,1771510200,834.74,832.17,833.33
839.5,1771510500,839.58,834.67,834.69
837.45,1771510800,839.62,837.07,839.46
837.8,1771511100,840.72,837.51,837.56
834.6,1771511400,837.72,833.82,837.72
833.75,1771511700,834.62,831.65,834.19
833.04,1771512000,836.16,832.82,834.06
831.85,1771512300,833.18,831.19,832.91
831.1,1771512600,832.11,829.22,831.51
833.16,1771512900,833.31,829.58,831.22
830.02,1771513200,833.07,829.72,833.07
829.41,1771513500,830.46,826.07,830.09
828.2,1771513800,830.07,827.34,829.52
828.62,1771514100,829.16,825.74,828.09
826.14,1771514400,829.23,825.36,828.64
825.19,1771514700,829.11,825.11,826.15
827.56,1771515000,828.9,824.64,825.38
826.75,1771515300,828.3,825.84,827.52
828.21,1771515600,828.87,826.04,826.92
832.04,1771515900,834.11,828.14,828.19
829.19,1771516200,831.88,828.94,831.88
827.7,1771516500,829.93,826.07,829.28
827.28,1771516800,828.92,825.25,827.42
829.89,1771517100,831.17,827.17,827.33
826.1,1771517400,830.46,826.1,829.83
828.01,1771517700,829.08,825.51,825.89
828.27,1771518000,828.93,827.16,828.15
828.02,1771518300,829.4,827.31,828.62
829.21,1771518600,830.29,827.27,827.65
830.98,1771518900,832.64,829.19,829.49
827.37,1771519200,831.05,826.41,830.87
828.98,1771519500,829.26,826.13,827.42
833.84,1771519800,834.1,828.36,828.91
836.26,1771520100,837.09,833.0,833.44
834.53,1771520400,837.13,832.48,836.23
837.05,1771520700,837.71,834.11,834.42
840.75,1771521000,841.22,835.57,836.86
836.86,1771521300,840.75,836.57,840.75
833.24,1771521600,836.56,832.6,836.45
834.03,1771521900,836.0,833.25,833.44
831.11,1771522200,835.38,830.13,834.01
833.35,1771522500,833.84,829.57,831.35
833.24,1771522800,834.22,832.21,833.57
837.72,1771523100,838.04,832.75,833.31
843.2,1771523400,843.2,837.89,838.04
841.27,1771523700,846.46,840.09,843.54
841.93,1771524000,842.48,838.73,841.32
843.13,1771524300,843.53,840.6,842.04
842.53,1771524600,846.44,842.53,842.99
844.08,1771524900,844.57,840.96,842.39
840.41,1771525200,844.33,840.17,844.23
839.6,1771525500,841.39,838.3,840.48
842.11,1771525800,843.52,838.85,839.63
845.02,1771526100,846.06,841.33,841.83
844.12,1771526400,845.5,842.2,845.07
844.29,1771526700,846.74,843.39,843.95
841.59,1771527000,845.12,840.75,844.11
846.75,1771527300,847.08,840.89,841.69
844.22,1771527600,847.67,843.63,846.69
844.31,1771527900,845.13,842.18,843.66
844.7,1771528200,844.97,842.79,844.02
843.32,1771528500,847.59,842.38,844.5
846.6,1771528800,847.19,843.27,843.36
845.9,1771529100,848.63,845.42,846.44
848.35,1771529400,851.04,845.32,845.77
850.48,1771529700,850.48,846.87,848.47
843.76,1771530000,851.2,843.76,850.18
846.32,1771530300,846.32,842.07,843.88
847.98,1771530600,847.98,843.92,846.23
849.14,1771530900,850.02,846.69,848.0
851.09,1771531200,851.98,847.49,849.12
851.68,1771531500,852.34,848.62,851.3
854.41,1771531800,855.42,850.63,851.76
854.5,1771532100,854.57,852.61,854.1
850.8,1771532400,855.29,850.8,854.5
856.33,1771532700,857.36,850.51,850.97
853.12,1771533000,859.34,852.78,856.67
852.02,1771533300,854.64,849.89,852.92
850.01,1771533600,852.32,847.64,851.54
852.18,1771533900,852.63,849.67,850.05
852.51,1771534200,854.91,850.74,852.67
853.61,1771534500,855.06,851.5,852.78
856.46,1771534800,856.55,852.44,853.79
854.85,1771535100,857.87,854.56,856.25
855.19,1771535400,855.76,852.71,854.75
852.49,1771535700,856.46,851.84,855.09
850.51,1771536000,854.62,850.35,852.62
847.99,1771536300,850.28,846.39,850.28
846.97,1771536600,848.95,844.26,848.0
846.56,1771536900,848.68,845.09,847.26
848.21,1771537200,850.42,846.31,846.56
850.31,1771537500,850.84,847.76,848.27
849.93,1771537800,851.22,849.54,850.35
849.46,1771538100,850.78,848.22,849.67
849.4,1771538400,853.36,848.88,849.63
847.82,1771538700,849.58,846.67,849.43
849.6,1771539000,850.83,847.69,848.26
849.12,1771539300,851.79,848.5,849.38
854.52,1771539600,855.08,849.11,849.17
856.7,1771539900,858.16,853.54,854.79
860.51,1771540200,860.97,855.91,856.9
859.2,1771540500,860.34,856.67,860.34
854.53,1771540800,859.38,854.53,859.17
855.38,1771541100,857.03,854.85,854.85
853.24,1771541400,857.01,852.4,855.52
851.8,1771541700,853.46,850.97,853.18
853.24,1771542000,854.22,852.05,852.1
855.2,1771542300,856.26,852.78,852.78
854.03,1771542600,857.5,853.35,855.22
853.21,1771542900,855.36,852.75,854.09
846.61,1771543200,853.29,846.61,853.29
849.27,1771543500,850.02,846.78,846.82
853.51,1771543800,853.88,848.55,849.24
851.7,1771544100,853.52,850.3,853.31
853.47,1771544400,853.99,850.67,851.86
856.54,1771544700,856.63,852.69,853.94
856.64,1771545000,857.49,854.25,856.7
854.18,1771545300,856.85,852.0,856.69
853.56,1771545600,854.51,852.6,854.14
859.47,1771545900,859.79,853.45,853.45
862.69,1771546200,863.55,858.11,859.35
867.01,1771546500,867.04,862.34,862.52
869.11,1771546800,869.85,866.78,866.88
870.01,1771547100,870.2,867.46,869.51
869.92,1771547400,871.67,869.15,869.54
866.77,1771547700,872.48,865.37,870.12
868.45,1771548000,869.72,866.79,866.81
868.2,1771548300,868.83,866.48,868.26
864.72,1771548600,868.66,863.5,867.9
865.0,1771548900,866.89,863.93,864.6
865.69,1771549200,867.06,864.54,865.21
867.32,1771549500,868.48,864.92,865.56
871.22,1771549800,871.56,866.44,867.57
875.38,1771550100,877.26,871.06,871.06
876.2,1771550400,876.7,874.31,874.73
873.3,1771550700,876.49,872.28,876.25
877.93,1771551000,877.93,872.31,873.27
877.92,1771551300,881.36,877.24,878.13
880.33,1771551600,880.74,878.08,878.08
878.85,1771551900,880.12,876.19,880.12
876.81,1771552200,879.49,874.11,878.81
876.35,1771552500,879.72,876.09,876.9
880.43,1771552800,881.39,876.87,876.87
881.4,1771553100,882.59,879.83,880.74
884.95,1771553400,886.14,881.47,881.47
884.42,1771553700,885.52,882.09,885.02
886.33,1771554000,887.54,883.43,884.22
884.36,1771554300,886.99,883.95,886.35
882.42,1771554600,885.71,879.77,884.2
881.67,1771554900,885.2,881.45,882.45
880.7,1771555200,884.62,880.58,881.6
880.25,1771555500,881.44,879.6,880.73
880.23,1771555800,880.63,877.61,880.15
881.0,1771556100,882.11,877.65,879.98
882.82,1771556400,883.16,880.14,880.8
889.16,1771556700,890.14,882.53,882.66
888.75,1771557000,890.12,887.88,888.97
892.66,1771557300,893.28,888.64,889.04
894.01,1771557600,896.61,892.07,892.69
893.92,1771557900,897.4,892.7,894.39
896.81,1771558200,898.05,893.11,893.9
898.18,1771558500,899.32,895.8,896.79
902.76,1771558800,903.01,897.92,897.92
901.75,1771559100,903.55,899.69,902.89
904.4,1771559400,904.4,899.38,901.54
908.0,1771559700,910.04,904.7,904.7
907.96,1771560000,908.17,906.27,908.17
910.61,1771560300,910.61,907.97,908.24
913.57,1771560600,914.71,910.31,910.35
914.03,1771560900,915.08,911.61,913.55
915.1,1771561200,916.44,913.32,913.74
916.04,1771561500,918.46,913.46,914.96
916.79,1771561800,918.34,915.5,916.11
914.48,1771562100,917.04,914.48,916.42
910.04,1771562400,916.8,909.81,914.59
907.67,1771562700,910.63,907.44,909.68
909.31,1771563000,909.31,906.28,907.31
905.94,1771563300,909.17,903.76,908.9
906.53,1771563600,907.65,905.61,906.19
908.36,1771563900,908.93,904.86,907.05
907.45,1771564200,908.82,906.65,908.36
909.13,1771564500,910.26,906.39,907.32
910.08,1771564800,910.76,907.28,909.47
908.14,1771565100,910.57,907.7,910.04
904.95,1771565400,909.59,904.35,907.8
909.77,1771565700,911.45,904.86,904.92
908.25,1771566000,910.23,907.68,909.9
907.13,1771566300,909.02,905.32,908.4
908.84,1771566600,911.82,906.84,907.15
913.73,1771566900,913.73,906.83,908.61
914.67,1771567200,915.89,913.29,913.92
911.37,1771567500,916.06,910.62,914.77
914.57,1771567800,915.19,910.86,911.39
916.97,1771568100,918.0,914.03,914.34
918.14,1771568400,919.12,914.84,917.0
915.59,1771568700,918.05,914.15,918.05
915.8,1771569000,916.69,914.4,915.18
916.55,1771569300,919.76,915.36,916.12
916.59,1771569600,918.27,915.31,916.29
915.85,1771569900,917.85,914.72,916.02
911.46,1771570200,916.73,910.94,916.33
908.83,1771570500,912.68,908.61,911.25
909.04,1771570800,910.24,907.96,908.83
906.33,1771571100,911.13,905.84,909.12
913.07,1771571400,913.12,906.02,906.22
917.01,1771571700,917.01,912.87,913.24
918.96,1771572000,919.69,915.61,916.99
922.42,1771572300,923.12,917.62,918.51
922.02,1771572600,924.77,921.56,922.96
920.11,1771572900,922.34,919.88,922.33
918.18,1771573200,921.27,917.71,919.94
917.17,1771573500,919.85,916.74,918.17
918.52,1771573800,920.35,915.41,917.67
920.98,1771574100,922.79,917.82,918.38
920.41,1771574400,922.51,920.09,921.27
918.29,1771574700,921.03,917.94,920.62
918.46,1771575000,920.59,917.55,918.35
917.86,1771575300,919.18,916.71,918.34
912.72,1771575600,917.69,912.46,917.69
911.41,1771575900,914.48,910.96,913.0
908.56,1771576200,914.25,908.27,911.64
911.43,1771576500,911.54,906.92,908.41
914.09,1771576800,914.53,910.54,911.34
911.49,1771577100,913.91,910.62,913.91
914.62,1771577400,914.62,910.93,911.73
909.23,1771577700,915.63,909.23,915.05
910.87,1771578000,911.58,907.2,908.67
916.54,1771578300,916.9,909.78,911.17
915.37,1771578600,918.91,915.16,917.01
909.79,1771578900,915.19,909.22,914.93
908.58,1771579200,911.4,908.4,909.49
911.3,1771579500,912.23,908.79,908.79
910.04,1771579800,912.71,909.63,911.34
913.68,1771580100,913.95,908.93,909.74
913.09,1771580400,917.31,913.01,913.3
910.77,1771580700,913.74,909.55,913.18
908.36,1771581000,910.79,906.73,910.79
907.13,1771581300,909.4,906.6,908.06
903.85,1771581600,907.66,903.67,907.28
907.17,1771581900,907.17,903.29,903.66
909.5,1771582200,910.9,906.32,907.17
909.9,1771582500,910.7,907.96,909.5
905.92,1771582800,912.22,905.92,909.54
905.34,1771583100,908.8,904.07,905.77
900.55,1771583400,906.05,898.97,905.86
900.36,1771583700,901.28,899.5,900.33
903.3,1771584000,905.58,900.46,900.46
905.23,1771584300,905.84,903.02,903.29
908.8,1771584600,908.94,904.94,904.94
910.44,1771584900,910.89,907.37,908.68
911.0,1771585200,911.94,909.49,910.2
908.95,1771585500,911.62,908.43,910.82
908.01,1771585800,909.03,906.12,909.03
903.4,1771586100,908.87,903.09,908.28
899.17,1771586400,903.12,898.44,903.0
901.81,1771586700,902.3,899.09,899.34
906.98,1771587000,907.72,901.84,901.84
905.69,1771587300,908.22,904.84,906.94
907.14,1771587600,908.84,904.21,905.5
904.79,1771587900,907.95,904.39,907.34
908.17,1771588200,909.88,904.15,904.53
911.18,1771588500,911.73,907.32,907.7
916.27,1771588800,916.74,909.91,911.32
922.14,1771589100,922.4,914.73,915.92
923.71,1771589400,923.71,921.8,922.07
926.31,1771589700,926.41,922.33,923.29
925.15,1771590000,927.0,923.82,926.12
926.84,1771590300,927.46,924.01,924.81
927.24,1771590600,929.13,926.77,927.1
926.71,1771590900,927.12,923.69,927.12
927.03,1771591200,929.0,926.48,926.65
928.13,1771591500,928.17,924.86,927.23
929.49,1771591800,931.19,928.18,928.18
930.73,1771592100,931.26,927.99,929.36
928.77,1771592400,930.63,925.51,930.19
929.25,1771592700,929.84,927.37,928.84
930.32,1771593000,930.62,928.02,929.45
927.63,1771593300,930.11,926.01,930.11
929.2,1771593600,929.94,926.66,927.67
933.25,1771593900,933.67,928.63,929.08
931.19,1771594200,934.37,930.55,933.5
927.38,1771594500,932.78,927.38,931.33
928.58,1771594800,928.9,926.1,927.12
935.99,1771595100,935.99,927.0,928.38
941.82,1771595400,942.51,936.33,936.33
944.59,1771595700,945.7,942.12,942.12
942.0,1771596000,945.52,941.26,944.6
941.69,1771596300,943.98,939.32,942.25
939.77,1771596600,941.59,937.64,941.59
940.01,1771596900,941.04,937.92,939.74
937.53,1771597200,940.56,937.27,940.26
931.65,1771597500,937.72,928.77,937.72
924.77,1771597800,931.82,924.24,931.7
927.26,1771598100,928.24,924.53,924.53
928.7,1771598400,931.01,926.83,926.83
927.55,1771598700,929.84,925.02,928.25
927.26,1771599000,929.03,927.25,927.62
930.49,1771599300,930.64,927.48,927.48
932.31,1771599600,932.82,930.19,930.52
927.46,1771599900,932.57,926.99,932.15
931.22,1771600200,931.22,927.6,927.72
931.5,1771600500,933.04,929.24,931.65
934.89,1771600800,934.95,930.7,931.58
935.36,1771601100,935.55,930.72,934.94
936.76,1771601400,937.84,935.13,935.24
935.55,1771601700,938.71,935.53,936.61
933.35,1771602000,936.44,933.35,935.2
930.29,1771602300,934.32,929.69,933.23
926.13,1771602600,931.71,925.94,930.18
922.97,1771602900,927.63,922.95,926.61
926.33,1771603200,926.78,922.7,922.84
923.73,1771603500,927.4,921.95,926.6
926.78,1771603800,928.52,922.9,923.63
928.23,1771604100,929.37,925.03,927.11
928.13,1771604400,929.14,925.88,928.05
926.76,1771604700,929.0,925.86,927.94
925.73,1771605000,927.73,924.87,927.0
925.36,1771605300,928.1,925.05,925.24
924.6,1771605600,925.77,922.64,925.44
925.74,1771605900,928.09,924.11,924.74
924.08,1771606200,926.69,922.52,925.74
926.22,1771606500,927.37,923.85,924.33
926.41,1771606800,927.1,924.23,926.37
925.83,1771607100,928.97,925.12,926.61
931.44,1771607400,932.42,925.76,926.13
926.8,1771607700,931.63,926.64,931.46
927.9,1771608000,928.59,925.73,926.64
925.94,1771608300,929.84,925.94,928.05
931.58,1771608600,932.42,925.35,925.71
928.72,1771608900,933.2,928.13,931.65
930.85,1771609200,931.68,927.4,929.12
933.59,1771609500,934.77,930.05,930.8
933.75,1771609800,934.95,931.74,933.94
936.17,1771610100,937.14,932.76,933.52
937.09,1771610400,937.32,934.0,935.71
935.25,1771610700,938.57,934.05,937.24
931.52,1771611000,936.76,930.13,935.5
929.49,1771611300,934.74,928.44,931.95
930.88,1771611600,932.5,929.34,929.86
933.52,1771611900,933.52,929.22,930.75
932.84,1771612200,934.77,932.56,933.91
932.56,1771612500,934.89,931.34,932.7
930.52,1771612800,933.17,929.91,932.32
927.68,1771613100,932.43,927.1,930.31
927.59,1771613400,928.53,926.17,927.8
927.24,1771613700,928.88,926.17,927.47
928.18,1771614000,928.7,925.35,927.28
928.94,1771614300,928.96,925.76,928.08
929.53,1771614600,930.92,927.65,928.6
929.21,1771614900,931.05,928.4,929.58
930.16,1771615200,931.71,928.82,929.06
929.66,1771615500,930.76,926.07,930.18
929.32,1771615800,931.95,928.56,929.28
931.52,1771616100,933.95,929.2,929.2
927.3,1771616400,932.32,926.47,931.36
925.84,1771616700,927.72,924.96,927.26
922.26,1771617000,925.51,921.63,925.39
918.11,1771617300,921.99,917.57,921.99
917.49,1771617600,920.6,917.34,918.51
920.6,1771617900,921.04,917.42,917.77
926.8,1771618200,926.83,919.4,920.16
924.6,1771618500,927.55,923.42,926.64
921.93,1771618800,924.29,920.27,924.29
919.16,1771619100,921.85,918.6,921.85
923.76,1771619400,924.18,918.63,919.31
920.85,1771619700,924.65,920.45,923.87
919.26,1771620000,924.3,918.93,920.95
923.07,1771620300,923.53,919.15,919.3
921.04,1771620600,924.7,919.94,923.16
916.85,1771620900,921.74,915.71,920.58
916.37,1771621200,919.95,915.43,917.3
919.46,1771621500,919.46,915.44,916.48
920.6,1771621800,920.6,915.81,919.64
916.95,1771622100,922.63,916.95,920.29
916.55,1771622400,918.35,914.4,917.02
922.18,1771622700,922.72,916.78,916.78
920.25,1771623000,922.63,918.97,922.13
916.65,1771623300,920.3,915.01,920.23
921.16,1771623600,921.55,915.98,916.67
918.94,1771623900,921.8,918.11,920.97
917.35,1771624200,921.64,916.73,918.87
916.85,1771624500,919.46,916.29,917.21
919.41,1771624800,919.47,916.28,916.85
923.3,1771625100,923.74,917.65,919.22
924.78,1771625400,926.84,923.36,923.54
921.98,1771625700,925.11,921.94,924.79
924.12,1771626000,925.2,921.11,922.34
923.1,1771626300,926.09,922.33,924.22
921.24,1771626600,923.69,919.88,923.58
916.25,1771626900,921.8,916.25,921.3
914.04,1771627200,917.56,913.7,916.12
913.16,1771627500,916.0,912.39,913.94
912.99,1771627800,913.68,909.37,913.1
914.06,1771628100,914.62,911.38,913.07
910.43,1771628400,915.91,910.38,914.07
910.93,1771628700,912.94,910.54,910.54
906.34,1771629000,910.7,904.69,910.7
902.92,1771629300,906.77,902.92,906.47
900.83,1771629600,904.64,900.83,903.05
899.59,1771629900,900.64,898.73,900.64
905.42,1771630200,905.43,899.55,899.7
906.52,1771630500,906.94,904.11,905.31
913.86,1771630800,914.46,906.52,906.52
915.5,1771631100,915.5,911.6,914.14
915.15,1771631400,916.47,913.53,915.36
916.45,1771631700,916.63,912.58,915.1
913.13,1771632000,917.74,913.13,916.29
908.89,1771632300,913.17,908.38,913.17
906.47,1771632600,909.06,905.64,908.62
908.64,1771632900,910.7,906.38,906.38
912.49,1771633200,913.5,908.26,908.56
908.94,1771633500,912.78,908.15,912.78
909.78,1771633800,911.1,908.23,909.37
906.13,1771634100,909.56,905.47,909.56
908.71,1771634400,908.99,906.24,906.26
907.17,1771634700,909.96,905.81,908.85
908.22,1771635000,908.96,906.16,907.27
901.15,1771635300,908.78,901.15,908.35
899.75,1771635600,903.32,898.94,901.05
904.4,1771635900,904.66,899.52,900.25
901.73,1771636200,905.28,901.62,904.67
898.88,1771636500,901.84,898.67,901.36
895.3,1771636800,900.3,894.59,898.87
894.4,1771637100,896.79,892.56,895.48
891.64,1771637400,897.32,890.46,894.54
892.8,1771637700,892.9,889.83,891.4
892.87,1771638000,893.45,889.58,892.86
893.92,1771638300,895.22,891.37,892.82
895.94,1771638600,895.94,891.57,893.67
893.65,1771638900,899.18,893.65,896.03
896.74,1771639200,898.29,891.93,893.27
893.56,1771639500,896.78,891.65,896.78
891.8,1771639800,893.63,891.18,893.49
894.45,1771640100,896.74,891.57,891.57
891.25,1771640400,894.68,890.38,894.27
895.45,1771640700,895.74,891.17,891.21
896.0,1771641000,896.44,894.39,895.63
900.08,1771641300,900.48,895.59,895.71
902.97,1771641600,903.79,899.77,899.95
900.21,1771641900,903.35,899.87,902.98
900.14,1771642200,901.59,898.92,900.44
902.26,1771642500,903.04,898.05,900.64
897.45,1771642800,903.56,896.96,902.05
897.32,1771643100,898.65,895.11,897.98
902.32,1771643400,903.15,897.11,897.11
901.49,1771643700,903.74,899.8,902.74
899.96,1771644000,901.55,898.54,901.55
897.91,1771644300,900.41,897.11,900.15
898.88,1771644600,898.88,896.56,898.32
894.59,1771644900,899.14,893.93,899.14
890.75,1771645200,894.65,890.56,894.65
893.03,1771645500,893.94,888.83,890.9
893.69,1771645800,894.09,891.19,892.96
891.88,1771646100,894.96,891.5,893.85
889.34,1771646400,891.64,886.9,891.62
885.62,1771646700,890.1,884.72,889.29
890.74,1771647000,890.74,885.48,885.48
891.89,1771647300,895.26,890.0,890.92
892.44,1771647600,894.59,889.52,892.17
893.77,1771647900,894.4,891.48,892.43
896.26,1771648200,897.65,893.58,893.86
896.33,1771648500,896.91,893.7,895.87
892.83,1771648800,896.38,890.98,896.19
891.96,1771649100,894.29,888.7,892.66
894.82,1771649400,895.58,890.03,892.16
898.9,1771649700,898.9,894.75,894.75
900.86,1771650000,901.09,898.55,899.09
899.44,1771650300,900.66,897.9,900.66
898.37,1771650600,900.97,897.18,899.56
896.95,1771650900,898.66,894.75,898.66
895.11,1771651200,899.17,893.79,896.95
898.44,1771651500,898.48,894.3,895.15
893.76,1771651800,899.65,893.16,898.49
892.31,1771652100,894.73,891.71,893.66
889.2,1771652400,893.47,888.04,892.34
886.48,1771652700,890.06,885.46,889.08
887.57,1771653000,888.31,886.0,886.62
885.56,1771653300,888.22,885.39,887.65
883.68,1771653600,885.91,880.72,885.91
883.15,1771653900,884.77,880.4,884.09
883.49,1771654200,884.51,881.15,883.32
885.26,1771654500,885.55,881.1,883.55
886.73,1771654800,887.76,884.79,885.23
887.5,1771655100,889.02,886.04,886.47
882.83,1771655400,887.29,882.48,887.18
883.19,1771655700,885.57,882.6,883.08
876.27,1771656000,883.27,875.95,883.17
874.01,1771656300,876.92,874.0,876.29
875.64,1771656600,878.84,874.21,874.21
871.32,1771656900,876.74,871.26,875.74
873.73,1771657200,874.35,870.89,871.53
873.48,1771657500,875.03,871.84,874.17
871.92,1771657800,875.09,871.82,873.68
872.91,1771658100,873.57,870.15,871.85
868.83,1771658400,873.3,868.83,873.3
871.06,1771658700,872.34,867.89,868.78
870.12,1771659000,872.06,868.99,871.01
872.0,1771659300,873.09,869.63,870.02
875.96,1771659600,876.71,872.14,872.42
879.85,1771659900,879.85,874.89,875.87
878.69,1771660200,880.26,877.59,879.57
876.43,1771660500,879.82,876.2,878.54
878.96,1771660800,880.28,876.29,876.32
875.95,1771661100,880.21,875.53,878.83
874.9,1771661400,877.82,874.73,876.3
871.76,1771661700,875.63,869.92,875.18
866.99,1771662000,873.12,866.86,871.96
863.77,1771662300,867.36,863.67,866.7
862.63,1771662600,864.6,861.92,863.73
861.84,1771662900,864.34,860.69,862.53
868.01,1771663200,868.1,861.3,861.43
861.93,1771663500,867.94,859.84,867.94
864.9,1771663800,866.23,860.68,862.04
865.42,1771664100,868.53,865.05,865.05
859.95,1771664400,866.14,858.81,865.79
864.21,1771664700,865.92,859.39,859.9
865.53,1771665000,866.48,864.03,864.1
869.34,1771665300,869.69,864.8,865.72
865.14,1771665600,870.0,864.26,869.28
865.35,1771665900,866.92,863.19,864.96
866.12,1771666200,868.23,865.28,865.28
873.99,1771666500,874.21,866.44,866.49
869.15,1771666800,874.28,867.96,874.14
866.69,1771667100,870.11,866.23,869.17
865.05,1771667400,867.91,864.39,866.53
865.19,1771667700,866.87,863.4,865.1
863.46,1771668000,866.49,861.34,865.26
868.65,1771668300,870.57,863.75,863.77
871.24,1771668600,871.92,867.79,868.91
868.04,1771668900,872.11,868.04,871.02
867.44,1771669200,869.1,866.6,868.33
869.83,1771669500,870.95,867.42,867.7
868.75,1771669800,870.09,866.99,869.61
870.84,1771670100,870.97,868.35,869.02
869.25,1771670400,871.31,868.44,870.73
869.98,1771670700,870.75,868.47,869.31
874.09,1771671000,874.97,869.04,869.71
872.39,1771671300,875.88,871.15,874.52
874.43,1771671600,874.73,871.86,872.4
875.39,1771671900,876.39,872.95,874.86
871.45,1771672200,875.56,870.99,875.3
871.27,1771672500,873.14,870.65,871.66
867.69,1771672800,871.21,865.78,871.21
870.25,1771673100,872.54,867.52,867.9
872.77,1771673400,873.79,869.25,870.25
873.42,1771673700,873.48,870.25,872.91
874.34,1771674000,876.3,872.49,873.68
877.71,1771674300,878.35,874.41,874.51
877.42,1771674600,878.55,876.07,877.64
880.54,1771674900,881.86,876.97,877.38
876.88,1771675200,881.79,876.14,880.71
878.55,1771675500,880.44,875.84,876.76
881.36,1771675800,882.7,877.37,878.37
879.26,1771676100,882.94,878.82,881.53
884.38,1771676400,885.09,878.91,879.47
883.17,1771676700,886.35,882.58,884.82
882.05,1771677000,883.91,881.21,883.25
882.81,1771677300,882.81,879.88,882.21
884.48,1771677600,886.1,881.31,882.85
880.41,1771677900,884.09,880.1,884.09
877.69,1771678200,881.32,876.8,880.42
873.19,1771678500,877.8,873.19,877.8
873.29,1771678800,875.19,872.64,873.28
869.73,1771679100,873.44,869.73,873.44
868.19,1771679400,872.31,867.59,869.49
870.62,1771679700,870.85,866.4,868.08
870.79,1771680000,872.98,869.39,870.52
863.08,1771680300,870.8,862.78,870.57
861.38,1771680600,864.35,860.15,863.39
863.4,1771680900,865.27,860.88,861.29
864.63,1771681200,865.15,862.96,863.41
868.98,1771681500,868.98,864.58,864.58
870.72,1771681800,871.24,868.23,869.11
874.46,1771682100,874.46,869.75,870.86
876.4,1771682400,877.45,874.04,874.32
872.94,1771682700,876.57,872.0,875.91
872.53,1771683000,874.19,870.66,873.1
875.06,1771683300,875.96,872.64,872.65
876.26,1771683600,878.17,874.33,875.05
873.63,1771683900,877.71,873.52,876.53
873.99,1771684200,874.04,869.09,873.66
871.77,1771684500,873.86,871.02,873.82
873.95,1771684800,874.27,869.79,871.31
874.06,1771685100,874.93,872.59,874.01
872.8,1771685400,874.92,872.29,873.73
874.6,1771685700,875.53,871.48,872.79
875.44,1771686000,876.84,873.86,874.76
872.9,1771686300,875.8,872.22,875.24
873.74,1771686600,874.88,872.49,872.89
869.44,1771686900,874.19,868.5,873.76
873.27,1771687200,873.64,868.49,869.48
868.34,1771687500,873.49,867.37,873.49
867.48,1771687800,870.24,866.94,868.56
871.42,1771688100,871.65,867.28,867.8
869.82,1771688400,871.61,868.39,871.29
871.26,1771688700,872.31,868.93,869.51
871.43,1771689000,873.65,870.38,871.57
870.85,1771689300,872.09,870.13,871.48
871.3,1771689600,873.47,870.54,871.2
874.61,1771689900,875.44,871.18,871.49
873.3,1771690200,875.8,872.51,874.54
874.9,1771690500,876.57,873.03,873.19
874.88,1771690800,875.68,872.52,875.27
869.77,1771691100,874.87,868.9,874.87
863.92,1771691400,871.48,863.92,869.83
862.87,1771691700,865.02,862.14,863.9
865.99,1771692000,865.99,862.74,862.86
865.03,1771692300,868.67,865.03,865.73
868.73,1771692600,869.53,865.1,865.19
868.4,1771692900,870.78,867.53,868.86
866.73,1771693200,868.66,865.96,868.32
865.58,1771693500,869.04,865.52,866.55
860.38,1771693800,865.48,859.33,865.48
857.5,1771694100,862.75,857.0,860.14
861.02,1771694400,861.16,856.85,857.76
858.16,1771694700,861.3,857.73,860.66
860.94,1771695000,862.32,857.95,858.48
863.27,1771695300,864.09,860.78,860.78
869.95,1771695600,870.68,863.06,863.13
868.25,1771695900,870.91,867.59,869.96
867.89,1771696200,868.28,865.42,868.06
867.83,1771696500,868.96,866.63,867.95
870.91,1771696800,870.91,867.61,867.61
878.73,1771697100,878.73,870.08,870.73
876.82,1771697400,879.51,875.74,878.76
875.1,1771697700,877.07,874.09,876.69
877.26,1771698000,878.9,875.28,875.29
876.34,1771698300,877.85,873.98,877.71
874.49,1771698600,876.78,873.0,875.6
872.77,1771698900,877.15,871.76,874.57
871.29,1771699200,873.14,869.77,872.98
873.31,1771699500,874.77,871.3,871.71
873.09,1771699800,874.09,871.65,873.47
874.99,1771700100,875.27,871.35,872.79
874.69,1771700400,875.87,872.32,874.52
876.98,1771700700,877.02,873.14,874.94
879.6,1771701000,880.53,877.27,877.33
879.43,1771701300,881.23,878.08,879.67
880.82,1771701600,880.82,879.05,879.4
880.49,1771701900,881.9,876.36,881.01
877.35,1771702200,882.24,876.79,880.48
876.14,1771702500,878.95,875.51,877.42
884.48,1771702800,884.48,875.33,875.87
885.7,1771703100,885.7,882.37,884.27
882.78,1771703400,886.01,882.7,885.62
883.45,1771703700,883.84,881.33,882.87
886.32,1771704000,886.66,883.3,883.64
889.03,1771704300,890.49,886.08,886.61
886.82,1771704600,889.83,886.15,889.11
885.86,1771704900,888.64,885.54,887.06
882.28,1771705200,887.45,882.28,885.83
881.83,1771705500,882.02,879.48,881.98
882.08,1771705800,884.35,880.76,881.89
889.65,1771706100,889.65,881.62,882.43
887.57,1771706400,890.78,886.26,889.71
889.22,1771706700,890.26,886.83,887.6
888.95,1771707000,890.98,886.58,889.35
886.49,1771707300,889.33,885.86,888.95
885.65,1771707600,887.6,884.84,886.82
885.16,1771707900,885.96,883.36,885.3
880.59,1771708200,885.25,880.57,885.25
884.9,1771708500,884.9,880.55,880.67
882.91,1771708800,885.29,881.66,884.59
882.58,1771709100,883.7,880.53,882.91
885.14,1771709400,885.27,880.96,882.76
883.86,1771709700,887.09,883.36,885.07
880.93,1771710000,885.39,879.83,883.97
879.11,1771710300,882.5,877.47,880.84
880.0,1771710600,881.6,878.28,879.13
882.88,1771710900,882.98,879.79,880.06
879.96,1771711200,883.04,879.36,882.86
875.03,1771711500,880.18,875.03,879.95
875.12,1771711800,876.86,874.1,874.75
875.71,1771712100,876.47,873.67,875.05
877.2,1771712400,878.54,875.5,875.96
872.29,1771712700,877.27,872.26,877.27
874.44,1771713000,874.95,870.64,872.45
875.79,1771713300,878.11,874.52,874.77
877.43,1771713600,879.16,875.64,876.03
876.77,1771713900,877.98,875.55,877.62
877.06,1771714200,878.35,876.04,876.44
874.14,1771714500,877.15,873.06,876.95
871.26,1771714800,874.32,868.59,874.11
875.88,1771715100,877.45,869.6,871.22
874.61,1771715400,876.64,873.91,875.76
872.46,1771715700,874.69,871.84,874.69
872.29,1771716000,873.39,870.89,872.33
869.1,1771716300,872.96,868.06,872.12
871.22,1771716600,872.33,868.67,868.9
867.34,1771716900,871.69,865.3,871.18
862.22,1771717200,867.36,861.31,867.11
863.12,1771717500,864.16,861.56,861.92
862.53,1771717800,863.7,861.71,863.49
862.04,1771718100,863.92,860.97,862.55
862.11,1771718400,865.72,860.86,862.02
865.87,1771718700,866.29,860.67,862.25
857.11,1771719000,866.64,857.11,865.73
860.26,1771719300,861.49,856.87,856.87
857.5,1771719600,860.42,856.17,860.09
858.75,1771719900,858.95,854.48,857.69
855.06,1771720200,860.54,854.94,858.99
861.31,1771720500,861.32,854.81,855.17
862.91,1771720800,866.49,861.44,861.44
865.75,1771721100,866.0,862.5,862.62
869.17,1771721400,869.59,864.87,865.92
867.53,1771721700,870.54,867.26,868.94
867.3,1771722000,868.9,866.22,867.71
865.08,1771722300,867.24,863.4,867.24
866.78,1771722600,867.84,864.36,865.0
867.48,1771722900,868.85,865.61,866.3
869.11,1771723200,870.14,866.82,867.58
868.82,1771723500,871.14,867.41,869.15
872.0,1771723800,872.0,865.5,868.91
872.72,1771724100,874.67,869.92,871.86
873.1,1771724400,874.45,870.98,873.09
871.02,1771724700,874.36,870.32,873.13
870.0,1771725000,872.85,869.34,871.32
873.2,1771725300,873.2,867.84,869.93
874.88,1771725600,875.65,872.63,873.48
879.57,1771725900,880.03,874.82,875.28
883.88,1771726200,883.88,879.64,879.64
882.38,1771726500,886.63,881.85,884.24
883.19,1771726800,883.84,881.56,882.26
887.05,1771727100,887.05,882.04,883.18
887.74,1771727400,888.15,885.29,887.07
891.98,1771727700,892.52,888.14,888.14
890.34,1771728000,892.43,889.54,891.78
887.02,1771728300,890.73,886.26,890.36
884.9,1771728600,888.07,884.25,887.01
887.12,1771728900,887.12,884.18,885.08
888.99,1771729200,890.22,886.74,887.53
887.82,1771729500,890.12,885.94,889.4
888.2,1771729800,889.39,887.14,887.66
889.34,1771730100,890.86,887.9,888.71
888.51,1771730400,890.98,887.78,889.39
888.01,1771730700,890.97,887.72,888.48
887.61,1771731000,887.84,885.5,887.84
883.57,1771731300,887.36,881.87,887.36
879.95,1771731600,884.11,879.95,883.63
876.47,1771731900,879.66,876.18,879.63
875.61,1771732200,878.16,874.72,876.55
872.43,1771732500,876.19,872.13,875.82
875.75,1771732800,875.82,871.02,872.18
878.98,1771733100,879.79,875.83,875.83
877.96,1771733400,880.93,877.74,879.63
876.65,1771733700,878.72,876.01,877.59
875.57,1771734000,877.81,874.52,876.71
869.28,1771734300,875.75,868.92,875.47
870.23,1771734600,870.97,868.14,869.18
876.46,1771734900,876.46,868.87,870.28
873.1,1771735200,877.97,872.91,876.11
876.83,1771735500,877.34,872.22,873.22
877.42,1771735800,878.29,875.89,876.94
878.97,1771736100,879.16,875.72,877.47
880.5,1771736400,881.96,879.24,879.24
878.6,1771736700,882.35,875.91,880.69
881.84,1771737000,881.84,878.15,878.58
883.04,1771737300,884.48,881.08,881.93
884.52,1771737600,886.18,882.59,883.12
882.19,1771737900,885.26,882.11,884.27
880.81,1771738200,883.68,880.22,882.38
882.24,1771738500,884.28,880.67,880.67
878.46,1771738800,883.74,878.46,882.09
880.3,1771739100,880.78,877.43,878.28
880.1,1771739400,881.84,878.69,880.1
877.63,1771739700,880.03,877.21,879.95
874.22,1771740000,878.37,873.0,877.76
871.5,1771740300,875.9,871.49,873.87
875.29,1771740600,875.29,869.68,871.43
874.02,1771740900,876.31,873.53,875.12
874.09,1771741200,876.98,873.3,873.83
875.56,1771741500,877.15,873.09,874.1
873.58,1771741800,877.34,873.58,875.63
871.49,1771742100,873.94,871.2,873.21
877.38,1771742400,877.88,871.31,871.34
875.44,1771742700,877.57,874.52,877.57
877.59,1771743000,878.46,875.62,875.75
876.89,1771743300,878.43,875.01,877.57
877.18,1771743600,878.49,875.64,877.1
879.1,1771743900,879.12,876.38,877.11
878.61,1771744200,880.79,877.67,878.83
870.65,1771744500,879.27,870.65,878.93
870.72,1771744800,871.51,868.14,870.53
870.05,1771745100,873.57,869.9,870.7
875.47,1771745400,875.67,870.24,870.24
872.72,1771745700,876.98,872.29,875.76
876.77,1771746000,877.04,872.03,873.17
873.83,1771746300,878.85,873.79,876.53
876.96,1771746600,877.27,873.38,873.68
874.15,1771746900,877.76,873.79,876.91
868.72,1771747200,874.22,867.06,873.97
869.08,1771747500,870.69,867.26,869.12
867.01,1771747800,870.73,866.82,869.07
866.88,1771748100,867.31,864.21,866.84
867.08,1771748400,867.22,865.4,866.69
862.99,1771748700,866.86,862.99,866.86
860.0,1771749000,863.14,857.68,862.34
855.73,1771749300,860.3,855.2,860.3
851.8,1771749600,856.19,850.23,855.61
852.86,1771749900,854.07,850.34,851.68
851.58,1771750200,854.12,851.58,853.12
850.22,1771750500,853.26,850.22,851.58
850.14,1771750800,852.02,849.54,850.73
846.64,1771751100,849.98,845.97,849.64
845.87,1771751400,849.11,845.0,846.3
843.63,1771751700,846.28,843.41,845.57
843.92,1771752000,845.78,843.39,843.96
845.84,1771752300,847.42,842.91,843.77
848.61,1771752600,848.71,844.7,845.99
848.82,1771752900,850.93,847.42,848.73
848.01,1771753200,849.08,846.06,848.46
850.97,1771753500,850.97,847.01,847.79
855.3,1771753800,856.25,850.98,851.3
861.07,1771754100,861.14,853.86,855.31
863.43,1771754400,863.43,860.91,861.01
863.27,1771754700,865.72,862.67,863.05
866.75,1771755000,867.52,862.38,863.11
867.43,1771755300,869.17,865.3,866.44
871.98,1771755600,871.98,866.25,867.21
873.19,1771755900,874.87,869.91,872.01
868.85,1771756200,873.81,868.81,873.17
866.0,1771756500,869.64,865.22,868.77
865.39,1771756800,866.74,864.2,865.88
863.29,1771757100,866.55,861.78,865.36
864.06,1771757400,865.05,862.76,863.6
864.07,1771757700,865.56,863.73,864.19
863.92,1771758000,867.83,863.3,864.29
865.9,1771758300,866.68,863.89,864.19
860.84,1771758600,866.19,860.64,865.86
862.59,1771758900,863.21,860.7,861.25
867.78,1771759200,868.13,862.39,862.39
865.52,1771759500,867.92,864.85,867.84
866.31,1771759800,868.6,863.98,865.25
862.7,1771760100,866.74,862.44,866.37
861.55,1771760400,863.89,861.35,862.64
864.9,1771760700,867.59,861.73,861.73
862.71,1771761000,864.97,861.73,864.96
862.64,1771761300,864.69,862.25,863.03
861.34,1771761600,862.67,859.4,862.5
862.12,1771761900,862.53,859.66,860.92
859.82,1771762200,862.5,859.82,862.19
862.49,1771762500,862.64,859.4,859.86
861.66,1771762800,862.97,860.4,862.76
860.1,1771763100,863.21,860.1,861.83
858.03,1771763400,860.68,857.18,859.94
853.55,1771763700,858.7,853.55,858.03
854.53,1771764000,854.55,851.65,853.6
855.69,1771764300,858.57,853.86,854.52
852.7,1771764600,857.02,851.94,855.56
850.28,1771764900,853.38,848.5,852.84
849.99,1771765200,852.4,848.91,850.28
848.96,1771765500,851.22,846.34,850.38
850.41,1771765800,851.63,847.74,849.21
850.97,1771766100,853.98,849.64,850.28
851.42,1771766400,852.6,850.26,851.09
850.81,1771766700,851.97,849.46,851.18
849.28,1771767000,851.13,848.29,850.93
852.22,1771767300,853.89,848.63,849.17
852.91,1771767600,854.61,852.32,852.36
853.65,1771767900,854.78,851.46,853.04
854.32,1771768200,856.74,853.55,853.55
857.81,1771768500,859.29,854.29,854.29
859.35,1771768800,859.47,855.7,857.97
858.96,1771769100,861.35,858.82,859.7
856.78,1771769400,859.39,856.07,859.14
856.93,1771769700,857.98,854.67,857.29
858.24,1771770000,860.0,856.93,857.15
857.75,1771770300,860.2,856.0,858.27
854.16,1771770600,858.43,853.27,857.61
848.19,1771770900,853.77,847.17,853.77
847.6,1771771200,848.94,845.8,848.23
841.45,1771771500,848.67,841.01,847.71
838.95,1771771800,842.15,838.09,841.05
840.33,1771772100,841.88,838.88,839.09
840.36,1771772400,840.86,837.45,840.33
840.49,1771772700,842.43,839.53,840.17
841.12,1771773000,841.64,839.4,840.38
842.23,1771773300,843.53,840.83,841.19
840.35,1771773600,844.21,840.13,842.31
839.49,1771773900,840.36,838.06,840.33
841.9,1771774200,843.78,839.23,839.84
843.47,1771774500,843.8,841.33,841.74
845.04,1771774800,846.49,842.73,843.63
844.0,1771775100,845.68,842.8,844.89
842.91,1771775400,845.6,842.91,843.63
840.68,1771775700,842.94,840.38,842.94
836.99,1771776000,840.73,836.48,840.65
835.49,1771776300,837.23,834.02,837.23
832.49,1771776600,835.81,831.36,835.45
839.4,1771776900,839.62,832.0,832.37
840.59,1771777200,840.87,838.48,839.42
842.52,1771777500,844.08,840.65,840.71
846.49,1771777800,846.77,842.3,842.61
845.42,1771778100,847.34,844.85,846.82
844.7,1771778400,846.11,842.8,845.54
843.89,1771778700,845.74,842.63,845.04
838.85,1771779000,843.52,838.28,843.42
841.45,1771779300,842.04,836.12,838.3
842.72,1771779600,843.28,840.19,841.56
840.13,1771779900,843.4,838.71,842.76
840.33,1771780200,842.62,837.52,840.08
848.16,1771780500,848.16,839.78,840.53
846.45,1771780800,849.45,844.92,848.37
844.62,1771781100,848.18,843.79,846.45
845.22,1771781400,847.23,842.97,844.61
846.61,1771781700,846.61,842.62,844.98
846.44,1771782000,848.66,846.33,846.68
846.9,1771782300,848.51,845.86,846.28
847.82,1771782600,850.06,846.35,847.01
850.58,1771782900,851.56,846.49,847.73
846.16,1771783200,850.32,846.04,850.32
846.07,1771783500,847.5,844.12,846.32
842.12,1771783800,846.1,840.73,845.82
843.88,1771784100,845.0,840.61,841.61
846.82,1771784400,846.88,843.69,843.76
848.75,1771784700,848.75,845.58,846.38
847.5,1771785000,849.96,846.71,848.56
847.64,1771785300,848.23,846.23,847.73
850.04,1771785600,850.79,847.62,848.02
846.17,1771785900,850.21,845.47,850.17
846.44,1771786200,848.8,845.31,845.91
842.35,1771786500,847.59,842.21,846.67
844.17,1771786800,845.58,841.62,842.26
845.03,1771787100,845.66,843.42,843.9
847.48,1771787400,847.99,843.97,844.89
849.17,1771787700,849.75,847.07,847.64
847.72,1771788000,850.25,846.65,849.09
848.68,1771788300,849.4,845.5,847.58
848.75,1771788600,850.52,847.49,848.65
847.65,1771788900,849.58,846.2,848.58
850.37,1771789200,850.65,846.85,847.95
848.0,1771789500,851.1,847.65,850.58
844.42,1771789800,847.69,843.04,847.56
842.43,1771790100,844.37,841.42,844.37
841.22,1771790400,842.58,838.99,842.31
836.73,1771790700,842.45,836.66,841.35
836.61,1771791000,838.66,835.73,837.14
832.75,1771791300,837.93,832.75,836.44
827.66,1771791600,832.54,827.66,832.54
826.82,1771791900,828.43,825.33,827.26
828.31,1771792200,830.39,826.68,826.84
829.54,1771792500,830.34,827.36,828.16
830.19,1771792800,832.47,829.5,829.5
830.48,1771793100,831.65,829.17,830.25
830.66,1771793400,830.9,827.06,830.76
836.44,1771793700,836.73,830.61,830.61
831.44,1771794000,836.59,831.44,836.59
836.69,1771794300,836.8,830.92,831.41
837.42,1771794600,838.31,834.28,836.84
837.96,1771794900,838.94,836.23,837.65
840.29,1771795200,840.33,837.37,837.52
840.0,1771795500,841.03,837.96,840.21
840.18,1771795800,840.67,838.46,840.11
839.31,1771796100,840.88,837.16,840.04
838.12,1771796400,840.09,837.96,839.24
837.66,1771796700,839.92,836.35,838.05
836.82,1771797000,840.0,836.82,837.22
830.65,1771797300,836.89,830.58,836.62
825.57,1771797600,831.64,824.28,831.04
824.04,1771797900,826.58,824.02,825.31
823.26,1771798200,825.35,821.87,823.88
821.95,1771798500,823.69,820.51,823.3
820.31,1771798800,822.36,820.2,821.9
814.6,1771799100,820.27,812.98,820.27
810.84,1771799400,815.93,809.94,814.58
813.48,1771799700,814.33,810.63,810.96
815.24,1771800000,815.68,812.98,813.84
815.17,1771800300,816.74,813.31,815.15
819.19,1771800600,820.66,814.0,815.07
820.87,1771800900,821.54,817.77,819.29
825.32,1771801200,826.14,820.76,820.77
826.4,1771801500,827.91,824.67,824.96
827.47,1771801800,828.49,825.23,826.41
828.27,1771802100,828.64,825.55,827.86
829.93,1771802400,830.38,826.87,828.06
833.3,1771802700,833.93,829.0,830.12
831.22,1771803000,834.38,830.84,833.36
827.36,1771803300,832.11,827.36,831.44
827.81,1771803600,829.0,825.45,827.42
830.73,1771803900,830.93,826.94,828.2
830.26,1771804200,831.17,828.63,830.75
829.84,1771804500,831.19,829.13,830.26
829.84,1771804800,831.97,829.46,829.98
830.01,1771805100,831.64,827.99,829.65
831.77,1771805400,833.99,829.83,829.89
832.31,1771805700,834.36,831.7,831.82
829.01,1771806000,832.16,828.37,832.16
829.93,1771806300,830.05,826.23,829.2
828.65,1771806600,830.61,827.29,830.08
829.01,1771806900,829.9,827.13,828.17
832.14,1771807200,832.99,828.83,828.92
831.46,1771807500,833.77,831.23,832.24
828.39,1771807800,832.32,827.57,832.12
826.86,1771808100,829.58,824.93,828.5
829.09,1771808400,829.09,824.89,826.88
828.43,1771808700,829.75,827.05,828.97
832.85,1771809000,832.87,828.38,828.38
827.53,1771809300,833.23,825.24,832.77
824.89,1771809600,828.53,824.1,827.7
825.96,1771809900,826.98,824.05,824.85
824.92,1771810200,827.2,824.78,825.74
824.31,1771810500,825.64,820.44,825.09
825.84,1771810800,828.66,824.39,824.44
819.84,1771811100,825.76,819.25,825.76
823.93,1771811400,823.95,818.61,819.8
821.39,1771811700,824.82,820.78,823.93
822.61,1771812000,823.36,820.78,821.16
822.41,1771812300,823.94,821.71,822.59
823.67,1771812600,823.89,821.14,822.39
823.15,1771812900,824.32,821.68,823.6
825.66,1771813200,825.71,822.25,822.96
823.38,1771813500,825.84,822.14,825.65
824.0,1771813800,824.68,821.45,823.4
822.77,1771814100,825.55,822.64,823.84
822.0,1771814400,823.37,821.12,822.96
822.27,1771814700,822.96,819.71,822.0
825.05,1771815000,826.77,822.21,822.21
828.27,1771815300,828.44,824.37,825.35
828.44,1771815600,828.93,825.75,827.99
823.17,1771815900,829.44,823.17,828.49
825.46,1771816200,826.29,822.3,823.11
822.21,1771816500,826.14,820.87,825.5
821.79,1771816800,823.19,820.28,822.09
824.05,1771817100,824.88,820.93,822.09
826.06,1771817400,826.22,822.75,824.11
824.19,1771817700,827.61,824.04,826.23
821.76,1771818000,824.07,821.17,824.07
825.9,1771818300,826.27,821.43,822.01
823.9,1771818600,826.44,822.52,825.67
823.02,1771818900,824.47,822.47,824.08
826.4,1771819200,826.44,821.45,822.88
822.81,1771819500,826.7,822.68,826.23
819.38,1771819800,823.47,819.26,822.98
824.45,1771820100,824.78,819.28,819.28
825.82,1771820400,828.63,824.42,824.42
823.05,1771820700,825.78,823.03,825.41
819.31,1771821000,824.31,818.65,823.3
817.25,1771821300,820.05,817.11,819.07
816.13,1771821600,817.71,814.7,817.69
815.94,1771821900,816.41,812.53,816.02
819.58,1771822200,820.15,815.22,815.76
819.08,1771822500,821.42,818.65,819.59
823.44,1771822800,823.55,818.66,818.83
827.81,1771823100,827.81,823.08,823.23
829.6,1771823400,829.71,826.79,827.7
827.94,1771823700,830.05,826.47,829.79
827.87,1771824000,829.58,826.85,827.76
827.2,1771824300,828.43,825.65,827.79
823.35,1771824600,828.73,823.22,826.63
824.9,1771824900,824.9,822.01,823.02
823.22,1771825200,825.3,822.19,825.24
819.79,1771825500,823.8,819.31,822.67
819.8,1771825800,821.43,817.97,819.67
815.32,1771826100,820.57,815.1,820.11
815.0,1771826400,817.68,814.93,815.32
812.78,1771826700,816.49,812.78,814.98
811.77,1771827000,816.03,811.53,812.73
812.76,1771827300,814.89,811.26,811.77
815.86,1771827600,816.28,812.37,812.49
816.2,1771827900,817.36,813.95,815.85
819.45,1771828200,819.45,815.13,816.35
822.22,1771828500,822.59,819.43,819.59
821.72,1771828800,824.1,819.69,821.97
817.24,1771829100,821.85,815.96,821.65
817.08,1771829400,818.02,814.22,817.34
814.16,1771829700,818.79,813.48,817.05
814.96,1771830000,816.3,813.75,814.15
813.86,1771830300,816.47,813.31,815.24
812.66,1771830600,814.52,812.18,813.66
818.5,1771830900,818.72,811.96,812.59
818.18,1771831200,819.75,817.28,818.31
816.21,1771831500,819.42,815.5,818.26
815.06,1771831800,817.46,814.53,816.29
814.22,1771832100,815.77,813.13,814.77
814.92,1771832400,814.94,812.82,814.07
816.2,1771832700,817.38,815.13,815.13
819.5,1771833000,820.77,816.07,816.16
817.69,1771833300,822.16,817.63,819.4
819.98,1771833600,820.02,817.26,817.62
824.01,1771833900,824.45,819.38,819.79
822.06,1771834200,824.92,821.25,824.03
822.15,1771834500,822.76,820.69,821.9
823.0,1771834800,823.7,820.37,822.14
822.52,1771835100,823.84,821.2,823.01
823.19,1771835400,823.89,820.33,822.43
826.61,1771835700,827.39,822.73,823.34
824.5,1771836000,827.62,823.77,826.27
822.35,1771836300,824.56,821.61,824.3
822.1,1771836600,823.57,820.92,822.57
824.78,1771836900,825.43,821.25,822.45
824.77,1771837200,826.7,824.77,825.28
826.79,1771837500,827.54,823.17,824.52
826.1,1771837800,829.42,825.83,827.07
824.51,1771838100,827.05,823.8,826.02
826.54,1771838400,826.79,822.56,824.38
819.17,1771838700,827.33,818.78,826.4
817.33,1771839000,820.46,817.24,819.12
819.6,1771839300,820.06,817.42,817.54
817.5,1771839600,820.6,817.22,819.72
813.26,1771839900,817.82,813.11,817.6
811.31,1771840200,813.44,811.1,813.2
814.99,1771840500,814.99,810.96,811.63
820.6,1771840800,821.42,813.9,815.2
824.28,1771841100,824.33,820.16,820.34
817.71,1771841400,824.63,816.98,824.3
822.02,1771841700,822.02,816.96,817.94
824.97,1771842000,825.26,822.13,822.14
829.88,1771842300,830.94,825.02,825.02
827.16,1771842600,831.5,825.34,830.07
822.07,1771842900,827.99,822.07,826.99
819.43,1771843200,822.18,818.79,822.09
820.03,1771843500,822.3,819.34,819.34
821.8,1771843800,822.97,820.2,820.22
824.63,1771844100,824.69,821.5,821.52
820.52,1771844400,826.13,819.6,824.75
821.34,1771844700,823.1,819.87,820.61
822.17,1771845000,822.87,819.18,821.32
825.47,1771845300,826.23,821.8,822.15
826.31,1771845600,828.09,825.29,825.29
825.69,1771845900,827.69,824.83,825.87
822.53,1771846200,825.54,822.53,825.54
823.85,1771846500,824.08,821.97,822.5
828.46,1771846800,829.05,823.55,823.71
827.5,1771847100,828.56,824.28,828.46
829.78,1771847400,829.98,827.25,827.36
832.24,1771847700,833.84,829.67,829.67
832.47,1771848000,833.3,830.38,832.07
832.34,1771848300,833.42,831.3,832.13
833.33,1771848600,833.96,831.6,831.82
831.19,1771848900,833.36,828.92,832.89
832.96,1771849200,833.53,830.18,831.19
830.61,1771849500,833.29,829.18,833.29
832.67,1771849800,833.19,828.08,830.35
832.02,1771850100,833.0,830.44,833.0
833.91,1771850400,833.91,830.79,832.0
833.95,1771850700,834.88,832.0,833.78
832.17,1771851000,834.44,830.32,833.8
831.28,1771851300,834.24,830.97,832.06
829.62,1771851600,831.21,827.08,831.14
829.03,1771851900,830.83,829.0,829.8
827.65,1771852200,830.08,827.65,828.88
826.97,1771852500,828.85,826.73,827.54
826.15,1771852800,827.22,825.18,826.62
824.93,1771853100,828.0,824.18,826.42
823.19,1771853400,825.0,821.98,824.75
823.55,1771853700,824.77,822.08,823.34
823.7,1771854000,825.4,822.81,823.21
827.98,1771854300,827.98,823.41,824.11
826.74,1771854600,828.18,823.86,828.17
825.81,1771854900,827.89,824.89,827.01
828.43,1771855200,828.48,824.61,825.87
829.53,1771855500,830.83,827.51,828.46
827.32,1771855800,830.28,825.41,829.62
827.87,1771856100,829.4,826.08,827.27
827.63,1771856400,829.38,826.22,828.05
824.86,1771856700,827.53,823.78,827.53
829.49,1771857000,829.49,824.84,825.21
833.13,1771857300,833.99,829.68,829.68
827.52,1771857600,833.92,826.96,833.31
822.92,1771857900,827.72,822.14,827.72
819.31,1771858200,823.18,819.31,823.14
821.55,1771858500,822.63,819.3,819.3
822.11,1771858800,822.91,820.42,821.89
822.49,1771859100,824.04,821.53,822.35
821.64,1771859400,825.21,821.64,822.48
822.55,1771859700,823.83,820.2,821.45
820.95,1771860000,823.23,819.94,822.72
820.21,1771860300,821.82,819.03,821.12
822.88,1771860600,823.42,818.16,819.98
820.9,1771860900,823.05,820.66,822.69
820.51,1771861200,822.01,818.84,821.03
820.03,1771861500,821.81,818.56,820.29
822.65,1771861800,822.65,819.2,820.25
824.35,1771862100,826.3,822.12,822.23
825.13,1771862400,825.13,823.24,824.32
821.02,1771862700,824.97,820.8,824.68
816.92,1771863000,820.93,816.33,820.93
816.61,1771863300,818.91,816.1,817.08
816.77,1771863600,817.19,813.63,816.27
817.56,1771863900,818.54,815.49,816.6
816.49,1771864200,819.58,815.55,817.68
815.56,1771864500,816.7,813.86,816.29
809.08,1771864800,815.63,809.08,815.6
810.4,1771865100,811.0,807.29,809.34
811.07,1771865400,812.9,810.52,810.52
809.57,1771865700,811.51,808.42,810.91
809.99,1771866000,809.99,806.1,808.98
810.43,1771866300,811.87,809.69,809.92
810.49,1771866600,813.28,810.4,810.55
813.11,1771866900,813.78,809.27,810.26
813.1,1771867200,813.55,809.31,813.19
811.37,1771867500,813.07,810.23,813.07
809.71,1771867800,812.87,808.93,811.48
807.73,1771868100,810.44,807.45,809.8
808.56,1771868400,809.0,806.38,807.87
815.53,1771868700,815.53,808.59,808.59
816.38,1771869000,818.18,815.51,815.51
814.59,1771869300,816.52,814.48,816.24
813.57,1771869600,815.13,813.19,814.67
815.63,1771869900,818.13,813.75,813.8
810.36,1771870200,815.6,809.09,815.16
807.03,1771870500,810.75,807.03,810.42
806.88,1771870800,808.91,806.51,806.89
803.52,1771871100,807.5,802.31,806.87
802.91,1771871400,803.59,800.63,803.59
806.58,1771871700,807.45,803.04,803.04
807.8,1771872000,808.07,805.99,806.59
810.11,1771872300,810.83,807.18,807.79
811.49,1771872600,811.49,807.96,810.1
807.69,1771872900,812.84,807.37,811.36
805.33,1771873200,807.69,805.23,807.45
804.51,1771873500,806.69,803.73,805.3
801.57,1771873800,805.94,801.37,804.79
803.56,1771874100,804.25,800.71,801.71
805.24,1771874400,805.76,803.27,803.59
807.19,1771874700,809.16,805.48,805.48
806.77,1771875000,808.35,805.44,807.12
810.8,1771875300,810.8,805.77,806.84
814.26,1771875600,815.84,810.7,810.98
815.95,1771875900,817.19,814.32,814.44
813.37,1771876200,816.32,812.21,816.15
807.67,1771876500,813.06,807.53,813.06
811.63,1771876800,811.63,806.65,807.63
813.02,1771877100,813.8,810.62,811.67
812.73,1771877400,813.6,811.68,813.05
810.54,1771877700,813.16,810.06,812.94
810.15,1771878000,812.54,809.47,810.57
809.49,1771878300,810.78,808.9,810.01
812.34,1771878600,812.96,809.84,809.84
809.77,1771878900,814.46,809.77,812.84
816.05,1771879200,816.2,809.81,809.81
813.37,1771879500,818.59,813.22,816.01
812.86,1771879800,813.05,810.31,812.81
814.86,1771880100,815.52,812.89,813.13
816.08,1771880400,816.08,812.65,814.69
818.75,1771880700,820.11,815.84,816.14
818.72,1771881000,819.11,817.33,818.61
815.72,1771881300,818.8,815.16,818.67
815.17,1771881600,817.77,814.99,815.48
818.54,1771881900,819.29,814.92,815.04
819.12,1771882200,820.33,817.96,818.78
815.62,1771882500,819.54,815.48,818.91
813.93,1771882800,816.24,813.01,815.53
814.51,1771883100,814.8,812.67,814.2
815.03,1771883400,815.87,813.5,814.36
817.58,1771883700,818.67,814.93,815.37
816.78,1771884000,819.6,816.45,817.54
817.49,1771884300,818.49,815.94,816.53
818.84,1771884600,819.53,816.38,817.71
819.54,1771884900,821.49,818.7,818.91
820.03,1771885200,820.03,817.0,819.62
819.41,1771885500,821.29,819.19,819.93
820.68,1771885800,821.42,818.93,819.24
820.96,1771886100,821.92,819.74,820.45
816.38,1771886400,821.53,815.77,820.99
816.95,1771886700,817.64,814.9,816.64
818.73,1771887000,818.8,816.8,816.87
821.5,1771887300,821.54,818.27,818.62
820.94,1771887600,822.89,820.44,821.39
822.69,1771887900,824.48,821.07,821.25
823.79,1771888200,824.38,821.76,822.91
821.24,1771888500,824.2,820.28,823.94
824.34,1771888800,824.34,820.1,821.21
829.84,1771889100,830.03,824.42,824.48
829.62,1771889400,832.87,828.54,829.91
828.0,1771889700,830.13,827.12,829.33
831.21,1771890000,832.5,828.29,828.29
831.3,1771890300,833.57,831.3,831.53
828.78,1771890600,832.54,828.74,831.29
827.89,1771890900,830.02,826.9,828.64
824.58,1771891200,828.45,824.21,827.8
821.5,1771891500,824.94,821.22,824.68
817.27,1771891800,822.24,816.82,821.59
815.89,1771892100,817.92,813.71,817.74
816.45,1771892400,817.72,815.03,815.97
815.87,1771892700,818.68,815.87,816.25
806.87,1771893000,815.77,806.87,815.77
800.58,1771893300,806.87,799.51,806.79
803.88,1771893600,803.88,800.79,800.79
804.35,1771893900,806.13,803.93,803.93
802.63,1771894200,804.8,801.48,804.38
804.18,1771894500,805.21,802.38,802.57
800.5,1771894800,804.57,800.32,804.14
795.98,1771895100,800.46,795.69,800.46
796.8,1771895400,799.02,796.03,796.23
797.32,1771895700,798.21,794.99,796.73
793.64,1771896000,798.1,793.64,797.64
792.35,1771896300,793.51,791.22,793.51
789.65,1771896600,792.11,788.76,792.11
786.99,1771896900,789.98,786.62,789.52
783.92,1771897200,786.86,783.56,786.86
783.86,1771897500,784.92,783.17,784.24
781.34,1771897800,783.91,780.19,783.91
785.65,1771898100,786.93,781.56,781.58
784.96,1771898400,788.2,784.71,786.02
785.19,1771898700,785.69,784.23,785.14
785.83,1771899000,786.35,783.63,785.02
787.56,1771899300,788.08,785.66,785.99
786.87,1771899600,787.15,785.25,787.08
785.61,1771899900,787.95,784.74,786.71
785.15,1771900200,788.07,782.75,785.73
783.38,1771900500,785.26,781.75,784.96
782.77,1771900800,785.09,781.98,783.56
789.28,1771901100,789.28,782.14,782.67
795.2,1771901400,795.2,788.81,789.04
791.35,1771901700,795.63,790.77,795.08
788.55,1771902000,791.59,788.12,791.01
788.51,1771902300,791.24,787.51,788.81
786.48,1771902600,788.96,786.28,788.26
788.82,1771902900,789.05,785.6,786.37
793.0,1771903200,793.0,788.87,788.99
796.48,1771903500,797.39,792.85,793.15
796.01,1771903800,798.16,795.56,796.54
792.28,1771904100,796.16,791.28,796.16
793.86,1771904400,793.96,791.32,792.37
793.72,1771904700,796.61,793.08,794.03
794.36,1771905000,794.69,792.34,793.57
796.65,1771905300,797.27,793.7,794.65
802.31,1771905600,802.31,796.15,796.22
805.37,1771905900,805.91,800.91,802.69
799.85,1771906200,805.46,799.76,805.25
805.24,1771906500,805.73,799.51,799.69
808.74,1771906800,809.77,804.54,805.26
808.54,1771907100,810.51,807.87,808.86
806.2,1771907400,808.45,804.24,808.45
805.38,1771907700,806.74,804.01,806.32
808.81,1771908000,809.01,805.22,805.22
806.21,1771908300,810.35,805.84,809.17
802.22,1771908600,806.33,801.63,806.07
801.21,1771908900,802.3,799.96,801.86
803.22,1771909200,805.48,800.09,800.99
805.2,1771909500,805.66,802.78,803.37
803.15,1771909800,806.61,802.18,805.31
803.54,1771910100,806.42,802.52,803.28
806.02,1771910400,806.02,803.38,803.54
806.33,1771910700,807.37,805.4,805.78
808.61,1771911000,808.74,805.87,806.33
808.55,1771911300,810.38,807.82,808.58
812.49,1771911600,812.49,806.9,808.64
809.02,1771911900,812.98,806.91,812.42
812.93,1771912200,812.93,808.73,809.21
810.74,1771912500,813.9,809.87,813.25
809.91,1771912800,811.81,808.13,810.79
813.36,1771913100,814.15,809.26,809.51
813.84,1771913400,814.52,812.83,813.3
814.25,1771913700,815.29,813.6,813.63
813.51,1771914000,815.85,813.39,814.56
813.44,1771914300,815.17,811.86,813.14
813.44,1771914600,814.88,812.21,813.68
812.71,1771914900,813.47,810.61,813.3
817.18,1771915200,817.19,812.68,812.81
814.65,1771915500,818.46,813.97,817.54
817.75,1771915800,819.21,813.79,814.6
820.64,1771916100,822.71,817.17,817.89
820.3,1771916400,821.59,818.87,820.74
818.68,1771916700,821.21,815.07,820.68
817.16,1771917000,821.35,816.86,818.55
816.74,1771917300,818.71,815.66,816.7
812.78,1771917600,817.72,812.47,816.93
814.39,1771917900,815.13,812.04,812.6
810.41,1771918200,816.21,809.9,814.76
810.55,1771918500,811.95,809.98,810.45
811.86,1771918800,813.6,810.06,810.37
810.62,1771919100,813.16,809.15,811.52
811.57,1771919400,812.33,809.01,811.01
816.28,1771919700,816.31,811.77,811.94
817.24,1771920000,818.12,815.63,816.35
817.66,1771920300,818.57,816.36,817.06
823.83,1771920600,823.83,817.87,817.91
822.82,1771920900,823.92,820.11,823.65
827.1,1771921200,827.36,822.92,822.92
827.68,1771921500,828.61,825.91,826.77
828.2,1771921800,829.82,825.64,827.32
825.05,1771922100,829.57,823.57,828.16
823.5,1771922400,826.14,823.5,824.93
824.02,1771922700,824.76,822.21,823.31
823.23,1771923000,824.86,822.16,824.29
827.37,1771923300,827.82,822.24,822.99
830.36,1771923600,830.75,826.56,827.59
836.01,1771923900,836.14,830.21,830.31
836.8,1771924200,838.82,835.45,835.81
833.02,1771924500,837.12,832.93,836.5
831.47,1771924800,834.4,830.56,832.84
832.98,1771925100,833.4,830.31,831.1
833.08,1771925400,834.21,831.52,832.81
833.96,1771925700,835.68,832.72,833.0
831.0,1771926000,833.98,830.74,833.91
831.04,1771926300,832.98,830.17,831.01
831.66,1771926600,831.85,829.13,831.19
831.66,1771926900,832.22,829.16,831.63
825.87,1771927200,832.13,825.87,831.7
829.09,1771927500,829.42,826.15,826.28
833.49,1771927800,834.96,829.0,829.06
837.68,1771928100,838.42,832.95,833.31
838.93,1771928400,839.87,837.1,837.68
839.15,1771928700,839.97,836.51,838.89
839.43,1771929000,840.53,837.28,839.24
840.86,1771929300,841.58,838.71,839.71
841.17,1771929600,843.0,839.42,840.91
841.97,1771929900,843.96,841.19,841.21
840.72,1771930200,841.97,839.29,841.66
841.71,1771930500,842.78,839.28,840.79
839.51,1771930800,842.72,839.51,841.7
843.17,1771931100,843.23,838.23,839.15
846.03,1771931400,846.89,841.31,843.51
842.89,1771931700,845.86,841.97,845.62
842.59,1771932000,844.5,841.52,842.88
843.45,1771932300,845.3,842.4,842.42
843.78,1771932600,845.08,841.53,843.59
841.2,1771932900,844.58,840.71,843.8
838.1,1771933200,842.04,837.92,840.95
840.18,1771933500,841.59,837.77,837.9
840.78,1771933800,841.58,839.22,840.14
843.19,1771934100,844.09,840.53,840.77
850.49,1771934400,850.55,842.05,842.86
855.58,1771934700,856.7,849.91,850.66
852.79,1771935000,856.02,852.66,855.75
856.91,1771935300,858.63,852.77,852.89
856.81,1771935600,857.81,853.68,856.87
848.98,1771935900,857.45,848.73,856.74
848.48,1771936200,849.76,847.46,849.2
849.59,1771936500,852.07,847.52,848.42
849.7,1771936800,851.63,848.11,849.4
846.1,1771937100,850.76,845.83,849.76
844.33,1771937400,847.77,843.91,846.45
843.37,1771937700,844.47,842.88,844.42
842.92,1771938000,845.16,841.74,843.25
840.79,1771938300,843.96,840.58,842.78
837.72,1771938600,843.38,837.72,841.09
836.08,1771938900,838.85,835.89,837.5
835.72,1771939200,836.51,833.99,835.88
832.47,1771939500,836.44,831.21,835.4
835.35,1771939800,835.57,831.77,832.51
832.78,1771940100,835.46,830.77,835.46
828.61,1771940400,832.54,827.93,832.54
826.84,1771940700,830.38,825.99,828.7
825.79,1771941000,828.71,825.53,826.77
826.38,1771941300,826.77,824.52,825.99
823.64,1771941600,826.69,822.1,826.31
822.5,1771941900,824.93,821.81,823.61
820.83,1771942200,823.48,820.66,822.7
817.34,1771942500,821.1,817.04,820.73
814.9,1771942800,817.95,812.36,817.38
815.79,1771943100,815.87,811.79,814.8
814.41,1771943400,816.74,814.09,815.74
818.02,1771943700,818.03,814.08,814.31
817.48,1771944000,819.49,816.63,817.7
817.59,1771944300,818.32,815.45,817.43
820.8,1771944600,821.13,816.25,817.34
817.66,1771944900,821.6,816.5,820.74
819.6,1771945200,821.88,817.92,817.92
823.43,1771945500,825.02,819.69,819.69
826.21,1771945800,826.59,821.82,823.44
831.94,1771946100,831.94,826.18,826.18
829.98,1771946400,835.27,829.81,832.17
834.53,1771946700,835.26,829.97,829.97
835.51,1771947000,836.44,833.9,834.42
835.95,1771947300,836.29,833.95,835.19
837.8,1771947600,839.37,835.53,836.15
836.94,1771947900,840.16,836.4,837.97
833.59,1771948200,837.08,831.85,837.08
832.76,1771948500,834.41,831.79,833.64
838.85,1771948800,839.16,832.84,833.1
838.29,1771949100,840.86,837.27,838.52
838.11,1771949400,841.02,837.73,838.64
839.27,1771949700,841.32,838.0,838.12
839.81,1771950000,841.54,838.77,839.22
839.06,1771950300,841.61,838.42,839.87
840.51,1771950600,840.89,836.25,839.25
837.44,1771950900,841.29,835.97,840.52
838.18,1771951200,840.63,836.16,837.46
837.26,1771951500,838.31,834.95,838.09
838.96,1771951800,841.29,837.42,837.5
840.16,1771952100,840.58,837.17,838.94
838.81,1771952400,841.05,837.51,840.02
838.1,1771952700,841.31,838.06,839.02
837.49,1771953000,838.97,836.71,837.7
837.92,1771953300,839.47,836.02,837.18
838.08,1771953600,838.32,833.62,837.79
832.84,1771953900,838.87,831.37,838.16
833.06,1771954200,836.05,832.63,832.84
831.17,1771954500,834.1,829.38,833.12
829.48,1771954800,832.05,828.71,830.73
822.97,1771955100,829.45,822.7,829.3
824.0,1771955400,826.0,821.99,822.84
826.31,1771955700,826.66,824.08,824.42
827.2,1771956000,828.27,824.57,826.32
829.74,1771956300,829.98,826.82,827.54
827.59,1771956600,830.9,827.59,829.66
822.72,1771956900,828.42,821.94,827.89
823.67,1771957200,823.67,820.68,822.66
827.48,1771957500,830.33,823.2,824.11
829.94,1771957800,829.94,825.19,827.38
830.74,1771958100,834.6,829.99,829.99
834.25,1771958400,835.25,830.25,830.78
832.73,1771958700,836.33,832.65,834.33
832.57,1771959000,834.39,831.86,832.75
829.51,1771959300,833.14,827.68,832.51
830.4,1771959600,831.73,828.36,829.1
827.19,1771959900,830.91,826.59,830.56
827.94,1771960200,828.68,826.21,827.15
829.67,1771960500,830.5,827.73,828.12
830.42,1771960800,832.77,829.26,829.87
832.4,1771961100,833.07,829.82,830.8
831.12,1771961400,832.73,829.25,832.57
837.27,1771961700,838.06,830.78,831.04
839.39,1771962000,840.01,836.09,837.42
835.57,1771962300,840.09,835.51,839.06
833.19,1771962600,837.24,833.04,836.12
832.68,1771962900,833.2,830.24,832.82
830.2,1771963200,833.83,828.87,832.73
829.63,1771963500,831.77,827.93,830.23
825.9,1771963800,830.32,825.59,829.53
823.27,1771964100,827.48,823.27,826.11
823.67,1771964400,826.61,822.57,823.48
822.04,1771964700,823.86,821.3,823.86
821.32,1771965000,825.41,820.84,822.0
822.67,1771965300,823.47,820.41,821.4
823.99,1771965600,824.57,820.85,822.66
819.7,1771965900,824.59,819.59,823.94
815.92,1771966200,820.48,814.65,819.82
818.37,1771966500,818.37,814.99,815.98
817.73,1771966800,819.4,817.47,818.17
818.01,1771967100,818.41,816.6,817.56
820.37,1771967400,821.01,817.86,817.89
819.75,1771967700,822.57,818.95,820.62
816.25,1771968000,820.55,815.74,819.57
814.92,1771968300,818.0,814.74,816.43
815.52,1771968600,816.87,814.07,815.07
816.4,1771968900,817.32,814.88,815.48
814.07,1771969200,817.99,813.94,816.57
813.77,1771969500,816.24,812.79,813.92
814.45,1771969800,815.42,812.38,813.85
815.6,1771970100,817.68,813.88,814.38
816.83,1771970400,818.39,813.71,815.36
817.18,1771970700,818.9,816.64,816.66
817.32,1771971000,818.31,813.73,817.11
815.0,1771971300,819.73,814.88,816.85
812.12,1771971600,816.32,811.89,815.21
808.55,1771971900,813.05,808.12,811.97
815.03,1771972200,815.13,808.37,808.52
814.83,1771972500,815.54,813.05,814.79
814.24,1771972800,817.24,813.52,814.91
814.03,1771973100,815.96,813.48,814.17
814.16,1771973400,817.06,813.66,813.89
814.06,1771973700,814.77,812.14,813.8
816.33,1771974000,817.45,813.77,814.16
815.83,1771974300,816.42,814.26,816.33
809.15,1771974600,816.56,808.9,816.02
806.81,1771974900,809.41,806.04,809.41
804.33,1771975200,807.25,804.33,806.93
806.11,1771975500,807.06,802.9,804.36
806.45,1771975800,807.91,804.2,806.14
810.08,1771976100,810.08,804.69,806.68
812.73,1771976400,812.73,809.05,809.88
812.33,1771976700,813.7,811.41,812.99
812.24,1771977000,813.05,809.7,812.27
810.23,1771977300,812.29,808.14,811.91
810.93,1771977600,812.1,808.95,809.85
811.83,1771977900,812.46,810.66,810.94
815.06,1771978200,817.18,811.51,811.71
819.99,1771978500,820.08,814.7,815.26
817.35,1771978800,819.67,816.31,819.67
820.01,1771979100,821.34,817.22,817.48
819.67,1771979400,822.24,818.11,820.21
817.77,1771979700,819.72,816.36,819.72
818.15,1771980000,818.92,815.99,817.67
815.39,1771980300,818.16,815.2,818.16
814.59,1771980600,816.19,813.88,815.23
808.42,1771980900,814.43,807.03,814.36
805.54,1771981200,809.59,805.38,808.41
806.93,1771981500,808.41,804.97,805.9
805.39,1771981800,807.16,804.98,806.61
806.44,1771982100,806.7,803.18,805.31
803.91,1771982400,806.68,802.83,806.67
807.55,1771982700,807.71,803.58,803.9
805.39,1771983000,808.8,805.23,807.72
807.21,1771983300,808.35,805.04,805.47
805.81,1771983600,807.3,804.69,807.23
806.38,1771983900,807.19,803.41,805.43
806.53,1771984200,806.59,803.15,806.14
807.83,1771984500,808.94,806.0,806.22
811.6,1771984800,811.84,807.73,808.1
812.47,1771985100,813.72,809.44,811.54
817.51,1771985400,817.51,812.02,812.48
815.32,1771985700,818.41,814.86,817.69
815.44,1771986000,818.5,814.73,814.98
815.13,1771986300,815.92,813.56,815.49
813.18,1771986600,815.33,812.04,815.03
816.48,1771986900,816.73,812.43,812.8
813.97,1771987200,816.68,812.43,816.19
814.8,1771987500,815.39,813.21,813.93
816.76,1771987800,818.51,814.58,814.84
818.08,1771988100,818.7,816.79,816.79
817.82,1771988400,819.5,817.16,817.97
814.89,1771988700,818.05,813.57,817.85
816.01,1771989000,817.6,813.41,814.83
813.03,1771989300,816.8,812.45,816.02
815.4,1771989600,816.57,812.9,812.9
817.8,1771989900,818.04,815.16,815.16
821.36,1771990200,821.53,817.58,817.89
821.4,1771990500,821.83,819.22,821.51
818.47,1771990800,821.78,817.25,821.78
820.36,1771991100,820.72,817.9,818.52
820.67,1771991400,823.39,819.6,820.27
819.99,1771991700,821.78,817.71,820.37
822.38,1771992000,823.36,819.92,820.26
820.61,1771992300,824.17,820.61,822.4
823.78,1771992600,824.9,820.6,820.77
828.56,1771992900,828.56,823.51,823.73
830.39,1771993200,830.39,827.08,828.46
834.65,1771993500,834.65,830.59,830.6
833.7,1771993800,838.57,833.54,834.98
833.18,1771994100,834.13,831.01,834.13
836.04,1771994400,836.19,832.01,833.26
832.09,1771994700,835.96,831.27,835.96
832.86,1771995000,832.86,830.7,832.37
831.32,1771995300,833.52,828.04,832.49
831.38,1771995600,832.87,830.09,831.12
831.73,1771995900,833.11,830.2,831.62
836.77,1771996200,836.77,831.55,831.77
833.11,1771996500,837.84,833.0,836.99
837.22,1771996800,837.79,832.77,833.45
835.77,1771997100,840.09,835.4,837.08
834.74,1771997400,838.38,834.51,835.96
834.4,1771997700,834.99,831.79,834.7
832.82,1771998000,835.66,831.64,834.31
835.94,1771998300,836.63,833.03,833.03
833.95,1771998600,837.42,833.26,836.22
837.14,1771998900,837.14,833.87,834.05
838.86,1771999200,839.01,836.34,837.01
843.82,1771999500,843.88,839.11,839.11
845.47,1771999800,845.64,843.54,844.09
842.86,1772000100,846.27,842.53,845.13
843.16,1772000400,844.74,841.54,842.72
837.76,1772000700,843.18,837.66,842.92
838.56,1772001000,841.7,837.68,837.8
836.01,1772001300,840.1,835.68,838.03
841.55,1772001600,843.12,835.37,835.88
842.38,1772001900,843.07,840.1,841.52
843.56,1772002200,844.19,842.08,842.43
845.77,1772002500,846.0,843.51,844.01
845.88,1772002800,846.0,844.06,845.69
846.6,1772003100,847.29,844.35,846.2
841.41,1772003400,847.25,841.41,847.02
839.5,1772003700,841.81,839.14,841.51
838.54,1772004000,839.63,837.1,839.63
837.73,1772004300,839.09,836.35,838.49
837.8,1772004600,838.62,836.09,837.83
841.81,1772004900,841.81,837.51,837.51
841.03,1772005200,844.39,840.77,841.78
838.69,1772005500,842.23,838.67,841.42
836.49,1772005800,838.64,836.46,838.64
838.68,1772006100,839.4,836.02,836.59
835.53,1772006400,838.73,834.28,838.7
832.66,1772006700,836.04,831.68,835.53
830.91,1772007000,833.5,829.58,832.61
831.98,1772007300,833.63,830.19,830.83
832.17,1772007600,832.72,830.28,832.33
837.42,1772007900,837.61,832.28,832.33
838.46,1772008200,841.55,837.63,837.67
837.1,1772008500,840.15,836.86,838.26
836.73,1772008800,838.9,836.61,836.96
836.12,1772009100,837.46,834.74,836.79
838.81,1772009400,840.42,836.07,836.24
840.6,1772009700,840.78,837.62,838.53
841.35,1772010000,842.3,839.59,840.85
842.16,1772010300,842.65,840.7,841.49
846.41,1772010600,846.66,840.83,841.43
845.86,1772010900,847.14,844.18,846.34
841.81,1772011200,845.77,840.5,845.77
840.2,1772011500,842.98,837.47,841.65
844.52,1772011800,846.03,840.31,840.31
846.54,1772012100,846.98,843.69,844.56
845.27,1772012400,846.97,844.12,846.96
847.89,1772012700,847.89,843.37,845.16
846.53,1772013000,847.96,845.33,847.96
847.51,1772013300,848.42,846.0,846.7
847.8,1772013600,848.42,846.61,847.61
848.45,1772013900,850.16,847.45,847.83
852.11,1772014200,852.52,848.02,848.91
851.26,1772014500,852.15,849.91,851.71
850.85,1772014800,852.53,849.75,851.6
851.5,1772015100,851.6,849.04,850.84
849.62,1772015400,852.72,845.62,851.65
850.86,1772015700,852.99,849.15,849.5
851.93,1772016000,852.02,848.15,850.76
854.0,1772016300,854.69,850.15,851.97
851.54,1772016600,854.37,851.43,854.37
851.22,1772016900,852.45,849.44,851.77
850.64,1772017200,852.12,849.62,851.01
851.06,1772017500,851.06,848.32,850.57
851.93,1772017800,854.94,850.58,851.0
852.62,1772018100,853.28,850.68,852.19
853.85,1772018400,855.18,852.45,852.97
855.26,1772018700,856.66,853.61,853.65
857.13,1772019000,857.2,853.61,855.54
858.61,1772019300,859.19,856.04,857.07
859.25,1772019600,860.4,858.2,858.22
853.46,1772019900,859.61,853.33,859.04
857.98,1772020200,857.98,853.41,853.63
859.88,1772020500,860.53,857.47,858.28
858.39,1772020800,860.22,856.97,859.96
862.08,1772021100,863.45,858.46,858.46
859.9,1772021400,863.66,859.65,862.05
859.39,1772021700,860.71,858.87,859.92
862.04,1772022000,862.04,858.87,859.51
865.73,1772022300,866.25,861.65,862.49
868.19,1772022600,868.99,865.17,865.63
874.84,1772022900,874.84,867.41,868.51
868.1,1772023200,875.19,868.1,874.81
873.02,1772023500,873.16,868.1,868.62
874.06,1772023800,875.91,872.88,872.96
871.58,1772024100,874.33,871.03,873.86
873.32,1772024400,874.73,870.98,871.65
876.21,1772024700,877.76,872.61,873.53
880.68,1772025000,880.68,876.03,876.3
878.85,1772025300,881.41,877.98,881.36
874.4,1772025600,879.09,873.99,878.78
872.39,1772025900,874.42,869.59,874.42
873.06,1772026200,875.36,872.37,872.69
874.85,1772026500,876.62,872.82,873.26
875.0,1772026800,877.05,873.92,874.77
874.13,1772027100,875.46,871.79,875.04
872.63,1772027400,876.84,872.32,874.37
874.66,1772027700,876.72,871.65,872.16
877.13,1772028000,879.47,874.36,874.45
876.4,1772028300,878.7,876.0,876.91
878.01,1772028600,878.46,874.83,876.63
877.62,1772028900,879.74,876.16,878.37
881.52,1772029200,881.56,877.37,877.71
878.13,1772029500,881.78,876.75,881.78
875.99,1772029800,878.8,873.67,877.8
876.08,1772030100,877.98,874.35,876.02
867.53,1772030400,875.85,867.53,875.81
869.0,1772030700,871.64,867.37,867.49
871.52,1772031000,872.18,868.35,869.08
876.76,1772031300,876.76,870.66,871.39
875.38,1772031600,879.2,875.17,876.73
874.9,1772031900,877.91,874.45,875.44
880.59,1772032200,881.1,873.9,874.54
878.13,1772032500,881.1,876.59,880.76
872.34,1772032800,879.06,872.11,878.14
873.74,1772033100,874.97,872.25,872.34
873.68,1772033400,874.55,872.92,873.38
867.34,1772033700,873.89,867.34,873.89
865.04,1772034000,868.02,865.04,867.3
862.69,1772034300,866.27,862.58,865.17
862.61,1772034600,863.02,861.23,862.58
863.55,1772034900,865.39,861.43,862.99
860.94,1772035200,863.7,859.5,863.35
862.45,1772035500,862.58,859.57,861.1
860.2,1772035800,862.85,859.33,862.33
859.19,1772036100,861.2,858.03,859.94
857.51,1772036400,858.91,856.43,858.84
855.95,1772036700,858.71,855.21,857.54
856.26,1772037000,856.26,853.13,855.98
856.11,1772037300,858.58,856.08,856.67
860.44,1772037600,860.67,855.35,855.95
861.16,1772037900,862.03,859.54,860.13
859.07,1772038200,861.24,857.53,861.24
855.97,1772038500,859.32,855.4,858.98
855.99,1772038800,857.57,855.7,856.22
854.83,1772039100,857.13,854.53,855.62
854.6,1772039400,855.54,850.93,854.79
851.36,1772039700,854.45,849.75,854.15
848.6,1772040000,853.22,848.33,851.5
847.91,1772040300,848.85,845.84,848.76
851.22,1772040600,852.62,847.37,847.67
847.27,1772040900,851.46,846.76,851.09
849.0,1772041200,849.63,845.94,846.81
848.94,1772041500,851.4,847.59,849.36
853.88,1772041800,854.14,848.99,848.99
847.61,1772042100,853.6,847.52,853.6
848.52,1772042400,849.51,847.03,847.42
846.49,1772042700,848.96,844.64,848.77
847.55,1772043000,848.63,846.41,846.53
847.92,1772043300,849.14,846.49,847.49
851.69,1772043600,851.69,847.58,847.64
855.27,1772043900,855.27,851.5,851.67
855.82,1772044200,857.48,855.24,855.26
857.48,1772044500,858.31,854.46,855.74
858.2,1772044800,859.16,856.03,857.67
862.05,1772045100,862.71,856.56,858.28
857.56,1772045400,862.27,856.48,861.71
856.13,1772045700,858.79,854.71,857.45
856.87,1772046000,857.12,853.85,856.12
855.78,1772046300,858.03,854.96,856.88
855.5,1772046600,857.38,853.83,855.52
853.67,1772046900,856.31,853.67,855.55
852.41,1772047200,855.8,852.41,853.88
851.65,1772047500,853.72,849.88,852.79
849.16,1772047800,852.89,848.82,851.56
845.8,1772048100,851.24,845.8,849.52
849.41,1772048400,849.79,845.59,845.96
847.4,1772048700,849.73,846.01,849.34
846.65,1772049000,848.76,846.3,847.26
842.51,1772049300,846.7,841.66,846.54
841.42,1772049600,843.81,841.2,842.59
842.73,1772049900,843.84,840.78,841.63
846.31,1772050200,847.25,842.39,842.84
842.58,1772050500,848.01,842.58,846.32
842.5,1772050800,842.77,840.47,842.41
842.9,1772051100,843.43,840.53,842.42
849.4,1772051400,849.4,842.91,842.91
849.57,1772051700,851.03,849.07,849.71
852.41,1772052000,852.63,848.22,849.66
854.15,1772052300,854.62,850.38,852.09
853.81,1772052600,855.11,852.93,853.87
859.16,1772052900,859.4,852.55,853.53
865.52,1772053200,865.89,858.5,859.12
861.69,1772053500,866.46,861.18,865.55
860.43,1772053800,862.88,858.47,861.84
860.43,1772054100,860.8,857.21,860.43
863.1,1772054400,863.66,860.03,860.26
860.85,1772054700,864.61,860.85,863.25
861.39,1772055000,861.98,859.12,860.97
865.26,1772055300,865.55,860.94,861.57
863.27,1772055600,865.57,861.96,865.13
867.68,1772055900,868.13,863.32,863.35
865.22,1772056200,868.21,864.62,867.64
867.77,1772056500,868.06,865.59,865.59
869.37,1772056800,871.07,867.1,867.56
870.47,1772057100,870.72,867.08,869.4
868.45,1772057400,871.75,868.06,870.73
868.5,1772057700,870.0,867.09,868.63
869.16,1772058000,871.35,868.37,868.53
872.58,1772058300,872.89,868.84,868.88
872.64,1772058600,873.8,871.06,872.52
871.77,1772058900,873.0,870.83,872.69
873.72,1772059200,874.19,869.52,871.57
873.33,1772059500,874.75,872.35,873.81
871.77,1772059800,874.35,871.7,873.39
871.17,1772060100,872.29,868.84,872.03
870.43,1772060400,872.36,868.54,870.89
865.91,1772060700,872.42,865.84,870.7
866.96,1772061000,869.22,865.77,866.18
867.7,1772061300,868.72,864.51,867.09
866.42,1772061600,868.38,865.84,867.29
865.54,1772061900,867.38,864.44,866.38
866.83,1772062200,869.04,864.53,865.18
865.41,1772062500,867.15,864.23,866.8
865.86,1772062800,868.09,864.87,865.51
866.75,1772063100,868.06,865.33,865.91
868.34,1772063400,869.09,866.71,866.8
867.4,1772063700,868.28,865.23,868.28
865.92,1772064000,870.15,865.6,867.73
870.6,1772064300,871.01,866.44,866.44
869.46,1772064600,871.44,868.77,870.7
866.67,1772064900,872.65,866.24,869.45
867.55,1772065200,868.17,865.1,866.6
864.27,1772065500,867.46,863.89,867.19
865.97,1772065800,866.06,863.23,864.15
868.52,1772066100,868.52,864.08,866.2
867.75,1772066400,869.93,866.96,868.55
865.15,1772066700,868.56,864.65,867.88
865.26,1772067000,865.85,863.22,865.11
868.25,1772067300,868.71,864.11,864.88
869.89,1772067600,871.94,868.07,868.32
867.71,1772067900,870.66,865.63,869.78
865.16,1772068200,869.9,864.81,867.64
864.88,1772068500,865.9,862.96,865.15
862.77,1772068800,865.13,860.5,864.66
867.8,1772069100,868.73,862.24,862.61
863.9,1772069400,869.0,863.9,868.22
866.89,1772069700,867.55,863.68,863.92
863.21,1772070000,867.34,862.67,866.92
866.7,1772070300,866.74,862.15,863.25
868.35,1772070600,870.7,865.65,866.84
866.01,1772070900,868.46,864.09,868.09
864.38,1772071200,867.35,864.38,865.99
857.75,1772071500,864.52,856.98,864.52
857.54,1772071800,858.35,856.13,857.52
853.17,1772072100,857.53,851.09,857.5
852.79,1772072400,854.48,851.91,853.08
850.91,1772072700,853.69,849.89,852.34
854.85,1772073000,854.88,849.92,850.57
857.46,1772073300,858.79,854.9,855.4
854.28,1772073600,857.41,853.35,857.41
857.43,1772073900,858.08,852.78,854.51
858.48,1772074200,861.48,856.51,857.45
857.82,1772074500,858.7,855.37,858.45
859.62,1772074800,859.9,857.04,858.29
864.99,1772075100,865.26,858.5,859.65
866.07,1772075400,866.29,863.43,865.14
869.11,1772075700,869.51,865.27,866.08
870.11,1772076000,870.97,868.63,869.23
871.87,1772076300,872.14,868.42,869.54
870.21,1772076600,873.78,870.21,871.78
870.55,1772076900,871.26,869.14,870.62
866.88,1772077200,871.14,866.09,870.52
864.98,1772077500,867.05,862.44,866.46
863.97,1772077800,865.04,862.36,864.64
867.03,1772078100,869.65,863.1,863.97
869.92,1772078400,870.62,865.57,866.72
872.3,1772078700,872.77,868.97,869.92
865.59,1772079000,873.25,864.68,872.01
862.58,1772079300,866.06,861.23,865.59
863.4,1772079600,863.59,861.46,862.77
863.88,1772079900,863.88,861.38,863.26
859.29,1772080200,864.24,859.12,863.78
865.16,1772080500,865.16,859.01,859.29
865.06,1772080800,867.69,864.92,865.57
867.51,1772081100,867.89,864.3,865.3
869.72,1772081400,870.44,866.05,867.36
873.62,1772081700,873.62,869.03,869.74
870.55,1772082000,874.47,870.1,873.85
867.78,1772082300,871.52,867.78,870.79
866.72,1772082600,868.76,865.68,867.94
866.1,1772082900,867.7,865.47,866.63
869.79,1772083200,870.06,866.03,866.23
873.55,1772083500,875.06,869.15,869.59
873.37,1772083800,874.45,871.91,873.57
874.65,1772084100,875.89,873.41,873.41
872.55,1772084400,874.41,871.35,874.25
874.45,1772084700,875.8,872.65,872.77
876.95,1772085000,877.2,872.7,874.01
875.29,1772085300,878.39,874.92,877.1
876.07,1772085600,876.39,873.14,875.11
875.9,1772085900,877.74,874.85,876.56
875.99,1772086200,878.14,874.06,875.9
872.8,1772086500,877.08,871.83,875.64
874.06,1772086800,875.23,872.62,872.72
868.53,1772087100,873.69,868.39,873.69
870.66,1772087400,871.61,867.76,868.3
873.54,1772087700,874.97,870.03,870.29
877.12,1772088000,878.43,873.19,873.19
877.53,1772088300,879.49,875.99,877.4
878.77,1772088600,880.5,877.48,877.62
878.66,1772088900,880.09,876.92,878.59
876.31,1772089200,881.59,875.98,878.41
876.96,1772089500,877.39,874.0,876.45
876.93,1772089800,879.35,875.69,876.77
875.26,1772090100,877.12,873.32,877.09
877.27,1772090400,878.48,874.27,875.13
876.79,1772090700,880.86,876.2,877.31
873.27,1772091000,876.87,872.82,876.51
874.67,1772091300,874.86,873.08,873.55
879.57,1772091600,879.57,872.23,874.62
878.27,1772091900,880.53,876.75,879.87
877.89,1772092200,878.69,876.16,878.47
878.86,1772092500,879.33,874.97,877.85
877.34,1772092800,879.99,875.28,878.85
878.38,1772093100,878.6,874.78,877.22
879.94,1772093400,880.83,877.23,878.76
880.01,1772093700,880.68,876.21,879.99
881.51,1772094000,883.17,878.88,879.65
881.78,1772094300,883.72,881.01,881.66
879.09,1772094600,881.94,878.09,881.68
876.6,1772094900,879.79,876.49,879.25
872.35,1772095200,876.73,871.61,876.63
876.14,1772095500,876.14,872.0,872.06
878.93,1772095800,879.58,876.09,876.13
880.51,1772096100,882.29,878.54,879.04
879.7,1772096400,881.61,879.23,880.72
880.55,1772096700,881.46,879.06,879.69
882.98,1772097000,884.71,880.1,880.57
881.75,1772097300,883.16,880.81,882.76
881.73,1772097600,882.15,878.98,881.92
883.85,1772097900,884.44,880.01,881.56
886.29,1772098200,886.33,882.94,883.66
885.94,1772098500,886.98,884.75,886.34
883.52,1772098800,885.59,881.57,885.43
883.52,1772099100,885.53,881.6,883.72
880.33,1772099400,884.06,880.17,883.57
876.81,1772099700,880.06,876.58,880.04
877.42,1772100000,877.96,875.37,876.92
875.95,1772100300,879.54,875.89,877.17
871.03,1772100600,875.85,870.44,875.65
873.9,1772100900,875.75,870.14,871.27
871.46,1772101200,874.66,870.87,873.86
872.46,1772101500,872.8,868.27,871.55
871.93,1772101800,875.02,870.05,872.85
872.15,1772102100,873.74,870.98,872.23
869.48,1772102400,872.83,869.47,872.23
873.44,1772102700,874.12,869.09,869.12
872.05,1772103000,875.66,871.19,873.54
875.63,1772103300,875.63,869.99,871.83
876.34,1772103600,876.98,873.83,875.65
881.07,1772103900,882.32,876.05,876.28
882.81,1772104200,883.9,880.73,880.83
878.84,1772104500,883.57,878.81,882.68
880.79,1772104800,882.54,878.56,878.86
879.37,1772105100,882.67,879.32,881.16
876.6,1772105400,881.92,876.36,879.5
873.5,1772105700,876.97,873.09,876.88
872.36,1772106000,875.07,872.28,873.35
871.07,1772106300,873.37,870.35,872.5
866.76,1772106600,872.08,866.1,871.3
866.25,1772106900,867.91,865.07,866.59
866.7,1772107200,866.97,864.49,865.98
865.75,1772107500,866.75,864.02,866.75
865.2,1772107800,866.33,864.08,865.88
863.27,1772108100,865.6,862.9,865.33
863.56,1772108400,865.16,862.05,863.44
865.88,1772108700,865.96,862.09,863.32
863.68,1772109000,866.06,863.11,865.9
865.09,1772109300,868.27,862.59,863.66
866.38,1772109600,866.95,863.13,865.41
861.04,1772109900,866.66,860.44,866.34
865.32,1772110200,865.46,860.74,861.34
864.87,1772110500,869.79,864.79,865.34
863.56,1772110800,865.57,862.2,864.45
865.7,1772111100,868.18,863.77,863.77
864.37,1772111400,867.19,862.43,865.67
864.05,1772111700,864.81,860.92,864.47
865.81,1772112000,866.79,862.51,864.01
865.59,1772112300,867.12,864.15,865.57
868.82,1772112600,868.91,865.33,865.8
867.15,1772112900,868.99,865.29,868.62
862.38,1772113200,867.04,861.99,866.95
862.73,1772113500,862.91,859.63,862.16
864.82,1772113800,865.23,862.24,862.44
863.82,1772114100,865.7,863.18,864.58
863.04,1772114400,863.97,861.05,863.64
867.06,1772114700,867.83,862.63,863.32
867.57,1772115000,869.51,866.75,867.26
865.44,1772115300,867.73,864.43,867.3
869.19,1772115600,869.52,865.04,865.04
869.0,1772115900,869.66,865.57,868.59
862.85,1772116200,870.36,862.59,869.12
859.48,1772116500,862.97,858.63,862.58
858.19,1772116800,861.92,856.3,860.31
861.32,1772117100,862.09,858.64,858.64
859.96,1772117400,862.33,857.9,860.92
856.97,1772117700,862.62,856.77,860.46
856.44,1772118000,860.72,856.17,857.05
851.55,1772118300,856.67,851.47,856.48
847.69,1772118600,851.91,846.67,851.81
848.09,1772118900,848.93,845.72,848.16
848.74,1772119200,849.39,847.55,848.09
847.69,1772119500,851.09,846.31,849.06
843.1,1772119800,848.23,842.23,847.56
844.99,1772120100,848.27,841.25,843.18
844.64,1772120400,845.77,842.49,845.22
843.09,1772120700,844.59,840.57,844.59
846.78,1772121000,846.78,841.99,843.0
850.01,1772121300,850.32,846.58,846.58
849.8,1772121600,853.82,849.5,850.15
850.63,1772121900,851.88,847.51,849.88
851.97,1772122200,852.0,848.04,850.48
854.2,1772122500,854.64,851.94,852.05
857.5,1772122800,858.42,853.59,854.03
856.88,1772123100,859.65,856.49,857.45
862.49,1772123400,862.53,857.06,857.17
861.69,1772123700,862.65,859.92,862.17
860.96,1772124000,864.5,860.62,861.79
858.53,1772124300,861.42,857.65,860.98
859.29,1772124600,859.35,856.87,858.68
861.98,1772124900,861.98,858.89,858.93
859.1,1772125200,863.68,859.1,861.8
855.98,1772125500,859.79,855.89,859.19
859.65,1772125800,860.37,856.04,856.22
862.08,1772126100,862.57,858.22,859.54
862.22,1772126400,863.42,861.06,862.11
859.91,1772126700,861.92,858.26,861.92
863.77,1772127000,863.77,859.25,859.77
869.0,1772127300,869.87,863.53,863.82
863.98,1772127600,869.04,862.89,868.86
864.48,1772127900,867.18,864.05,864.13
863.57,1772128200,865.05,863.39,864.24
866.46,1772128500,867.36,863.55,863.77
867.25,1772128800,867.25,864.37,866.17
870.06,1772129100,870.06,866.26,867.57
873.59,1772129400,873.74,868.54,870.16
865.93,1772129700,873.79,865.93,873.79
862.61,1772130000,866.23,861.67,866.23
860.04,1772130300,863.94,860.04,862.53
856.42,1772130600,861.57,856.42,860.33
856.61,1772130900,857.95,853.9,856.43
855.99,1772131200,858.83,855.99,856.59
850.81,1772131500,856.01,850.8,855.89
851.7,1772131800,853.25,849.71,851.19
848.92,1772132100,852.31,846.86,851.58
848.53,1772132400,848.96,846.94,848.78
849.39,1772132700,850.22,846.82,848.83
845.31,1772133000,850.22,845.31,849.63
845.77,1772133300,845.96,843.27,845.34
845.03,1772133600,846.65,844.07,845.96
846.43,1772133900,847.37,844.6,844.84
843.48,1772134200,847.06,843.3,846.37
842.32,1772134500,844.73,840.95,843.58
845.35,1772134800,845.48,842.13,842.31
846.08,1772135100,848.4,844.49,845.33
845.38,1772135400,846.42,843.73,846.12
844.76,1772135700,847.06,844.27,845.23
844.76,1772136000,847.43,844.33,844.82
845.08,1772136300,846.53,843.85,844.54
849.05,1772136600,849.7,844.65,845.35
847.68,1772136900,849.61,847.03,848.73
846.46,1772137200,847.99,845.44,847.87
840.86,1772137500,846.38,840.45,846.33
839.51,1772137800,840.75,838.45,840.7
841.24,1772138100,841.38,838.0,839.48
840.95,1772138400,842.63,840.14,840.68
843.29,1772138700,843.39,838.74,841.22
844.49,1772139000,845.42,842.9,843.29
842.78,1772139300,844.81,841.28,844.41
846.27,1772139600,847.07,842.32,842.62
850.24,1772139900,850.3,846.05,846.23
856.85,1772140200,857.42,849.89,850.07
853.52,1772140500,857.48,853.52,857.05
854.87,1772140800,856.31,853.32,853.68
860.11,1772141100,860.11,855.34,855.34
861.95,1772141400,862.95,857.9,859.91
860.11,1772141700,862.41,859.42,862.12
862.11,1772142000,863.35,859.98,860.17
860.5,1772142300,862.39,858.91,861.85
862.68,1772142600,862.8,859.92,860.55
862.41,1772142900,865.77,862.41,862.44
858.94,1772143200,864.54,858.8,862.46
859.32,1772143500,859.32,855.83,859.01
856.9,1772143800,859.55,855.51,859.41
858.36,1772144100,859.11,855.41,857.05
859.87,1772144400,861.26,858.16,858.47
859.24,1772144700,860.9,857.82,860.27
857.79,1772145000,859.92,856.07,859.26
856.9,1772145300,858.95,856.33,857.91
851.64,1772145600,857.39,849.47,856.65
850.55,1772145900,853.06,850.24,851.67
850.66,1772146200,851.58,849.4,850.57
851.6,1772146500,853.1,850.63,850.63
855.61,1772146800,855.61,850.87,851.35
851.9,1772147100,857.29,850.86,855.87
851.76,1772147400,852.82,850.35,851.49
854.59,1772147700,854.66,851.06,851.55
853.63,1772148000,857.02,852.49,854.75
852.27,1772148300,854.79,851.91,853.97
848.51,1772148600,853.09,847.94,852.19
846.91,1772148900,849.45,846.78,848.09
847.61,1772149200,850.67,846.38,846.94
845.83,1772149500,847.36,845.26,847.34
845.24,1772149800,847.31,843.75,845.82
848.2,1772150100,848.99,843.95,845.5
845.04,1772150400,850.61,844.87,848.04
843.75,1772150700,846.98,843.4,844.49
842.19,1772151000,844.06,840.61,843.64
842.11,1772151300,843.37,840.68,842.11
842.26,1772151600,842.95,840.51,842.08
842.22,1772151900,843.63,839.46,842.08
844.16,1772152200,844.16,837.65,841.81
848.35,1772152500,850.43,844.22,844.22
846.04,1772152800,849.15,845.26,848.52
846.14,1772153100,848.28,845.52,845.98
849.15,1772153400,850.8,846.28,846.69
851.11,1772153700,853.67,848.91,849.09
849.68,1772154000,852.67,849.18,850.97
848.63,1772154300,850.41,846.3,849.85
847.57,1772154600,850.63,846.04,848.79
843.27,1772154900,847.52,842.36,847.52
847.29,1772155200,847.29,842.17,843.61
846.9,1772155500,847.54,844.35,847.19
844.48,1772155800,848.13,843.06,846.97
844.08,1772156100,847.85,843.24,844.7
845.57,1772156400,846.48,841.9,844.42
842.25,1772156700,846.94,841.41,845.68
841.12,1772157000,843.5,840.86,842.02
838.6,1772157300,842.18,837.41,841.04
836.28,1772157600,841.62,836.28,838.39
837.08,1772157900,838.35,836.33,836.44
837.18,1772158200,839.31,836.01,837.19
838.28,1772158500,838.37,835.9,836.86
838.43,1772158800,841.07,837.99,838.34
832.58,1772159100,837.93,832.58,837.93
834.55,1772159400,834.8,830.84,832.29
832.24,1772159700,835.95,830.51,834.79
834.75,1772160000,835.05,831.49,832.12
834.33,1772160300,837.71,833.21,834.79
833.09,1772160600,834.56,832.71,834.48
831.08,1772160900,834.51,830.71,833.32
832.49,1772161200,832.88,829.19,830.74
833.37,1772161500,834.06,831.42,832.95
830.76,1772161800,834.39,830.16,833.57
831.6,1772162100,833.13,830.68,830.9
828.16,1772162400,832.0,827.78,831.85
829.55,1772162700,830.62,827.96,827.99
824.13,1772163000,829.66,823.72,829.52
825.21,1772163300,827.21,823.5,824.14
821.65,1772163600,825.3,821.24,825.25
824.71,1772163900,824.81,821.74,821.82
826.0,1772164200,827.76,824.46,825.02
825.08,1772164500,826.72,824.17,826.31
826.15,1772164800,827.06,822.73,824.8
825.06,1772165100,827.4,824.28,826.11
824.76,1772165400,826.75,824.72,825.18
823.66,1772165700,825.0,820.37,824.46
826.19,1772166000,827.31,823.85,823.88
824.4,1772166300,827.35,824.19,826.45
826.23,1772166600,828.09,823.77,823.93
821.22,1772166900,826.5,821.1,826.5
821.62,1772167200,823.08,820.39,821.22
824.5,1772167500,824.5,820.22,821.93
819.54,1772167800,824.86,819.52,824.36
821.14,1772168100,822.02,818.49,819.38
819.96,1772168400,821.83,819.62,821.34
821.36,1772168700,823.35,819.52,819.84
820.41,1772169000,822.32,818.94,821.1
822.87,1772169300,823.01,819.29,820.12
824.36,1772169600,826.12,822.46,822.92
825.23,1772169900,826.61,823.61,824.3
825.05,1772170200,826.54,823.21,825.64
820.59,1772170500,826.54,820.06,825.26
819.89,1772170800,820.96,818.53,820.71
818.18,1772171100,821.68,817.79,819.82
817.67,1772171400,818.97,816.1,818.23
813.76,1772171700,819.69,812.5,817.64
815.94,1772172000,816.46,813.09,813.92
817.5,1772172300,817.58,814.22,815.43
819.29,1772172600,820.52,817.16,817.44
820.37,1772172900,820.61,818.39,819.26
819.76,1772173200,820.66,817.5,820.51
820.65,1772173500,821.83,817.56,819.34
824.03,1772173800,824.42,820.38,820.64
821.85,1772174100,824.44,821.21,823.91
821.8,1772174400,823.69,820.17,821.89
823.97,1772174700,824.47,819.47,821.58
822.95,1772175000,824.52,822.68,823.95
824.19,1772175300,825.43,822.41,823.1
818.67,1772175600,825.38,818.67,824.3
819.81,1772175900,820.31,817.55,818.95
820.21,1772176200,820.37,817.85,819.56
819.54,1772176500,822.49,819.42,820.03
819.58,1772176800,820.97,818.09,819.54
817.12,1772177100,820.04,817.04,819.8
817.94,1772177400,819.59,816.95,816.95
815.07,1772177700,818.11,813.79,817.98
816.68,1772178000,817.01,811.93,815.08
814.55,1772178300,817.32,814.44,816.65
818.54,1772178600,818.98,813.54,814.82
817.92,1772178900,819.08,816.74,818.81
818.1,1772179200,820.41,817.68,818.09
820.35,1772179500,820.89,817.47,817.96
825.37,1772179800,825.95,819.72,820.28
828.93,1772180100,828.93,825.13,825.5
834.14,1772180400,834.16,828.04,828.89
836.14,1772180700,837.09,833.48,834.31
837.48,1772181000,837.72,834.35,835.88
835.04,1772181300,839.64,834.8,837.65
835.94,1772181600,835.94,831.22,835.4
840.75,1772181900,841.08,835.18,836.18
836.38,1772182200,840.99,834.85,840.46
836.23,1772182500,838.07,834.9,836.15
836.03,1772182800,837.43,835.23,836.04
840.16,1772183100,840.44,835.36,835.93
842.61,1772183400,845.47,840.02,840.02
842.34,1772183700,844.7,841.82,842.38
839.47,1772184000,843.03,839.47,842.29
836.25,1772184300,839.91,835.65,839.46
837.0,1772184600,839.83,834.29,836.23
840.26,1772184900,840.26,836.18,836.93
839.48,1772185200,841.22,837.89,840.66
835.66,1772185500,839.15,835.03,839.03
837.09,1772185800,838.29,834.99,835.75
838.91,1772186100,840.31,836.53,836.88
839.05,1772186400,841.1,838.02,838.8
837.47,1772186700,840.91,837.47,839.26
835.39,1772187000,838.45,835.2,837.44
835.31,1772187300,837.68,833.77,835.74
836.39,1772187600,838.3,833.89,835.03
838.26,1772187900,838.66,835.7,836.29
841.88,1772188200,842.19,837.42,838.3
847.87,1772188500,849.03,841.58,842.02
848.83,1772188800,850.53,847.6,848.02
846.81,1772189100,848.85,845.66,848.85
846.17,1772189400,847.84,844.8,846.89
845.21,1772189700,847.27,844.28,846.38
845.4,1772190000,845.66,842.79,845.29
846.07,1772190300,847.72,844.59,845.18
848.74,1772190600,849.44,845.52,845.67
849.55,1772190900,851.68,848.95,849.09
849.19,1772191200,850.28,848.04,849.71
851.72,1772191500,853.69,848.44,849.26
849.1,1772191800,852.03,847.39,851.65
847.83,1772192100,851.46,847.4,849.33
848.7,1772192400,850.75,847.35,848.21
845.66,1772192700,848.85,844.46,848.27
843.55,1772193000,846.79,843.55,846.05
843.99,1772193300,846.45,843.23,843.81
845.87,1772193600,846.01,841.73,844.01
843.2,1772193900,846.12,842.51,845.69
841.18,1772194200,845.86,841.17,843.13
838.71,1772194500,841.89,838.67,841.05
833.51,1772194800,839.88,833.0,839.26
831.21,1772195100,833.58,830.52,833.19
830.71,1772195400,832.75,829.62,830.87
823.18,1772195700,830.77,823.15,830.75
821.46,1772196000,823.18,820.22,822.76
819.75,1772196300,822.58,819.53,821.48
816.36,1772196600,820.1,816.14,819.92
813.56,1772196900,817.01,813.56,816.46
816.66,1772197200,816.66,813.22,813.79
815.51,1772197500,818.9,815.06,816.72
815.89,1772197800,816.22,813.41,815.15
814.49,1772198100,816.33,812.88,815.99
816.91,1772198400,818.02,814.14,814.81
816.65,1772198700,820.22,816.61,816.93
816.44,1772199000,817.9,815.57,816.57
815.59,1772199300,816.69,814.93,816.31
816.56,1772199600,817.54,814.76,815.22
819.05,1772199900,819.69,814.78,816.71
816.86,1772200200,819.54,816.69,819.02
814.07,1772200500,817.49,812.27,816.79
815.37,1772200800,815.46,812.84,813.89
815.13,1772201100,816.97,815.01,815.38
811.31,1772201400,815.55,810.36,815.19
815.09,1772201700,815.09,811.19,811.49
814.02,1772202000,817.62,813.59,814.93
810.87,1772202300,814.51,809.74,814.25
811.68,1772202600,812.99,809.88,810.64
812.91,1772202900,813.09,809.13,811.48
810.47,1772203200,813.92,809.75,812.83
805.07,1772203500,810.35,804.29,810.35
805.31,1772203800,807.07,804.04,805.09
804.3,1772204100,806.39,803.82,805.18
802.91,1772204400,805.39,801.15,804.33
800.13,1772204700,803.93,799.52,803.11
801.6,1772205000,801.78,798.1,800.25
801.54,1772205300,803.2,800.82,801.44
804.01,1772205600,805.25,800.09,801.51
801.27,1772205900,805.74,800.97,803.94
800.8,1772206200,801.55,798.75,801.39
799.5,1772206500,801.67,798.9,800.29
802.55,1772206800,803.52,799.47,799.55
801.72,1772207100,805.35,801.51,802.53
802.26,1772207400,804.91,801.39,801.81
803.25,1772207700,805.22,802.06,802.06
803.51,1772208000,804.59,801.96,803.6
803.05,1772208300,803.75,800.87,803.75
804.16,1772208600,804.49,801.69,803.05
804.06,1772208900,804.55,801.67,804.13
805.08,1772209200,805.12,802.6,804.35
806.81,1772209500,808.62,804.2,804.96
804.75,1772209800,807.08,802.42,806.65
802.01,1772210100,805.08,801.64,804.98
801.37,1772210400,803.48,801.34,801.68
802.47,1772210700,803.04,800.38,801.35
804.89,1772211000,805.57,802.4,802.4
803.62,1772211300,805.19,802.04,804.75
804.7,1772211600,806.03,802.39,803.52
807.57,1772211900,807.87,804.82,804.94
804.49,1772212200,808.42,804.34,807.9
805.94,1772212500,807.07,802.93,804.49
807.33,1772212800,808.22,805.13,805.9
807.29,1772213100,809.57,805.05,807.71
810.37,1772213400,811.35,807.34,807.34
811.19,1772213700,812.78,809.48,810.28
812.9,1772214000,814.21,810.37,811.04
806.75,1772214300,814.22,806.53,813.02
808.61,1772214600,810.6,806.49,806.49
810.45,1772214900,813.19,808.82,808.82
811.43,1772215200,812.69,808.28,810.48
811.46,1772215500,814.14,810.96,811.26
810.5,1772215800,812.67,809.02,811.57
807.4,1772216100,811.67,806.98,810.31
813.12,1772216400,813.71,807.48,807.48
809.61,1772216700,813.61,808.52,813.34
811.94,1772217000,813.97,809.63,809.83
815.68,1772217300,815.92,809.53,811.77
818.28,1772217600,819.37,814.7,815.61
816.91,1772217900,818.52,815.57,818.1
819.5,1772218200,820.8,816.95,817.12
817.07,1772218500,820.1,816.12,819.34
819.66,1772218800,819.9,817.41,817.41
820.44,1772219100,820.44,818.73,819.29
825.75,1772219400,825.75,819.81,820.42
824.88,1772219700,827.84,824.68,825.97
821.17,1772220000,825.13,820.5,824.75
816.38,1772220300,821.37,816.21,820.62
816.39,1772220600,816.72,813.34,816.37
819.23,1772220900,819.55,815.63,816.25
819.56,1772221200,820.46,817.33,819.07
817.7,1772221500,819.64,817.15,819.46
820.86,1772221800,820.86,816.74,817.56
818.06,1772222100,820.98,817.72,820.76
817.97,1772222400,819.26,817.11,818.26
819.79,1772222700,819.79,817.12,818.19
819.93,1772223000,820.52,817.76,820.11
819.91,1772223300,822.36,819.7,819.83
822.49,1772223600,822.77,818.37,819.92
821.03,1772223900,822.57,819.08,822.52
817.87,1772224200,820.38,816.68,820.38
813.33,1772224500,818.19,813.33,818.19
813.44,1772224800,814.87,811.26,813.45
813.44,1772225100,813.83,812.04,813.12
816.58,1772225400,817.48,812.95,813.55
813.74,1772225700,816.66,812.89,816.51
812.7,1772226000,815.03,812.04,813.61
813.0,1772226300,813.31,810.71,812.27
812.51,1772226600,815.24,811.12,813.05
813.8,1772226900,814.19,811.27,812.57
819.76,1772227200,820.38,813.46,813.84
818.23,1772227500,820.79,815.78,819.92
818.76,1772227800,818.93,815.08,818.08
819.86,1772228100,820.63,816.0,818.75
819.05,1772228400,822.06,818.68,819.67
819.74,1772228700,820.87,817.64,819.27
819.82,1772229000,821.01,818.88,820.09
819.82,1772229300,820.65,818.01,819.95
821.47,1772229600,821.48,818.62,819.68
821.4,1772229900,822.7,819.54,821.63
825.34,1772230200,825.5,820.11,821.55
825.65,1772230500,827.77,825.29,825.4
821.68,1772230800,825.71,821.39,825.51
821.49,1772231100,822.46,819.71,821.54
823.56,1772231400,823.68,821.18,821.36
823.72,1772231700,824.34,822.01,823.92
821.12,1772232000,824.6,820.4,823.55
816.66,1772232300,821.34,816.66,821.17
814.79,1772232600,817.66,814.79,816.57
817.94,1772232900,819.14,814.79,814.87
818.9,1772233200,819.97,816.18,817.95
820.99,1772233500,821.62,817.88,819.02
817.83,1772233800,821.91,817.83,820.54
820.46,1772234100,821.29,817.02,817.8
818.34,1772234400,820.98,818.34,820.36
820.16,1772234700,821.77,818.22,818.81
821.97,1772235000,822.39,819.4,820.23
820.56,1772235300,822.36,819.2,822.17
821.73,1772235600,822.19,819.04,820.52
817.04,1772235900,823.5,816.56,821.52
816.27,1772236200,817.86,815.45,817.37
813.43,1772236500,816.28,812.31,816.28
809.25,1772236800,813.28,808.88,813.28
809.82,1772237100,811.46,807.96,809.18
806.88,1772237400,810.26,804.47,809.44
810.03,1772237700,810.84,806.25,807.15
810.83,1772238000,811.85,809.66,810.12
809.66,1772238300,810.74,807.35,810.74
811.12,1772238600,811.92,808.82,809.66
809.53,1772238900,811.61,808.82,810.9
805.84,1772239200,809.43,805.36,809.43
808.5,1772239500,808.9,803.35,805.62
810.57,1772239800,810.57,805.79,808.56
817.2,1772240100,817.47,810.79,810.87
816.5,1772240400,818.04,814.45,816.99
817.31,1772240700,821.33,816.19,816.33
817.46,1772241000,817.75,814.14,817.37
816.6,1772241300,817.49,814.81,817.33
817.09,1772241600,817.09,814.15,816.56
819.91,1772241900,819.91,816.39,817.21
818.54,1772242200,820.95,818.54,819.8
818.95,1772242500,822.03,817.9,818.24
821.83,1772242800,822.06,817.49,819.02
820.26,1772243100,823.28,818.48,821.83
821.47,1772243400,822.11,819.44,820.19
819.08,1772243700,821.83,818.87,821.03
821.7,1772244000,822.55,819.38,819.38
822.65,1772244300,824.11,821.57,821.92
821.83,1772244600,825.24,821.44,823.03
823.07,1772244900,824.22,820.43,822.05
823.57,1772245200,823.69,820.82,822.7
822.98,1772245500,823.9,821.96,823.43
818.24,1772245800,823.87,817.94,823.34
817.56,1772246100,819.15,815.63,818.11
816.05,1772246400,818.22,815.61,817.34
814.98,1772246700,817.89,813.17,816.25
815.1,1772247000,816.52,812.07,814.43
813.75,1772247300,816.3,813.23,814.96
815.38,1772247600,816.34,813.26,813.77
813.1,1772247900,817.43,812.48,815.46
818.22,1772248200,818.22,812.39,812.96
818.93,1772248500,823.12,818.09,818.47
818.54,1772248800,819.83,816.48,819.15
815.74,1772249100,819.6,814.9,818.77
815.64,1772249400,816.09,813.76,815.6
818.02,1772249700,818.35,815.72,815.92
822.1,1772250000,823.54,817.7,817.82
824.36,1772250300,825.03,821.96,822.24
827.0,1772250600,828.3,824.02,824.21
825.01,1772250900,827.25,824.25,827.2
821.88,1772251200,826.32,821.2,825.03
821.72,1772251500,824.84,820.03,822.04
823.65,1772251800,825.29,821.14,821.79
822.28,1772252100,824.7,821.81,823.8
820.21,1772252400,823.41,820.21,822.45
820.64,1772252700,823.39,820.05,820.47
821.3,1772253000,822.66,819.87,820.6
821.9,1772253300,823.85,820.9,821.44
821.99,1772253600,822.03,819.59,821.87
824.95,1772253900,826.21,822.34,822.38
825.37,1772254200,825.48,823.49,824.47
831.98,1772254500,833.27,825.25,825.25
833.41,1772254800,833.78,830.73,831.4
830.24,1772255100,834.55,828.86,833.39
833.61,1772255400,835.03,829.61,830.3
835.88,1772255700,838.12,833.06,833.69
838.24,1772256000,839.36,835.77,836.11
834.78,1772256300,839.19,834.51,837.97
834.97,1772256600,837.24,834.38,834.89
834.94,1772256900,836.75,833.95,835.02
832.68,1772257200,835.52,832.36,834.77
835.33,1772257500,835.98,831.85,832.9
832.76,1772257800,835.57,829.94,835.48
833.56,1772258100,836.64,832.54,833.06
835.5,1772258400,836.73,833.38,833.88
836.98,1772258700,838.8,835.23,835.23
839.53,1772259000,839.8,834.61,837.07
832.65,1772259300,840.5,832.5,839.44
832.64,1772259600,835.57,832.52,833.01
833.0,1772259900,834.88,832.47,832.88
830.92,1772260200,833.26,829.36,832.87
830.9,1772260500,831.46,829.24,830.75
834.17,1772260800,834.17,829.78,830.67
827.3,1772261100,834.44,825.0,834.05
827.38,1772261400,828.51,825.54,827.31
826.53,1772261700,827.58,825.6,827.36
824.97,1772262000,827.27,824.72,826.57
823.39,1772262300,825.24,822.54,824.72
826.19,1772262600,827.72,823.05,823.48
823.15,1772262900,828.64,822.3,826.32
822.18,1772263200,823.79,820.89,823.18
823.57,1772263500,823.57,820.38,821.88
824.99,1772263800,825.92,821.9,823.73
827.19,1772264100,827.19,823.28,824.9
825.29,1772264400,829.09,825.29,826.77
826.4,1772264700,827.93,823.7,825.11
827.42,1772265000,827.72,825.15,826.47
834.93,1772265300,835.12,827.08,827.38
840.92,1772265600,840.92,834.59,835.06
839.65,1772265900,841.71,838.89,840.43
840.5,1772266200,840.7,837.5,839.4
840.59,1772266500,841.25,838.88,840.46
840.99,1772266800,842.24,839.33,840.64
838.22,1772267100,841.74,838.22,841.2
835.82,1772267400,839.48,835.79,837.8
833.9,1772267700,837.25,833.57,835.4
834.66,1772268000,835.67,833.21,833.68
834.34,1772268300,837.85,833.59,834.35
834.21,1772268600,836.22,832.88,834.34
834.92,1772268900,836.58,833.37,834.07
833.27,1772269200,837.3,833.27,834.85
834.94,1772269500,837.78,831.45,833.3
836.94,1772269800,836.94,833.97,834.87
840.05,1772270100,840.94,837.26,837.35
840.53,1772270400,844.63,839.45,840.2
843.64,1772270700,846.83,840.29,840.86
841.39,1772271000,844.47,838.84,843.97
840.99,1772271300,843.06,839.15,841.3
838.9,1772271600,840.94,837.36,840.69
839.74,1772271900,840.95,837.89,838.45
836.12,1772272200,840.7,835.23,839.75
836.55,1772272500,836.73,832.4,836.0
834.6,1772272800,838.11,834.38,836.52
833.53,1772273100,835.89,832.64,834.46
833.53,1772273400,836.0,832.93,833.62
835.69,1772273700,835.77,832.27,833.32
833.19,1772274000,835.85,832.22,835.8
829.77,1772274300,833.34,828.72,833.31
830.3,1772274600,831.67,829.38,829.79
832.15,1772274900,832.81,829.34,829.99
835.51,1772275200,835.71,831.49,831.89
834.38,1772275500,836.46,832.15,835.3
836.17,1772275800,836.84,833.32,834.36
838.6,1772276100,839.03,835.57,836.21
840.67,1772276400,843.33,838.39,838.64
843.9,1772276700,844.63,839.68,840.56
846.87,1772277000,848.7,843.84,844.15
842.99,1772277300,847.76,842.59,847.03
842.47,1772277600,843.38,840.87,843.23
840.47,1772277900,842.72,838.35,842.36
838.33,1772278200,841.19,836.96,840.5
839.6,1772278500,841.04,838.29,838.33
838.86,1772278800,840.67,837.62,839.43
842.55,1772279100,844.02,838.7,838.85
844.13,1772279400,845.77,842.62,842.86
844.86,1772279700,846.65,842.71,844.57
843.6,1772280000,845.12,842.55,844.49
843.65,1772280300,845.3,842.9,843.74
840.43,1772280600,844.41,839.65,843.68
837.78,1772280900,840.76,837.55,840.39
837.33,1772281200,840.11,836.67,837.65
836.51,1772281500,838.35,834.09,837.46
836.9,1772281800,839.7,835.37,836.77
835.75,1772282100,839.72,835.25,837.32
838.53,1772282400,839.74,835.88,835.88
838.59,1772282700,839.91,836.34,838.43
840.53,1772283000,841.03,838.08,838.54
838.56,1772283300,841.92,837.37,840.44
842.44,1772283600,842.83,837.08,838.79
841.96,1772283900,842.31,839.07,842.23
845.49,1772284200,847.41,841.54,841.78
841.66,1772284500,845.43,841.66,845.43
839.4,1772284800,841.8,838.5,841.52
838.41,1772285100,840.62,837.71,839.39
839.74,1772285400,841.06,838.29,838.37
840.35,1772285700,840.93,837.45,839.44
838.6,1772286000,840.96,837.27,839.94
836.25,1772286300,839.6,836.25,838.69
832.94,1772286600,836.61,832.83,836.21
832.25,1772286900,834.04,831.31,832.78
835.1,1772287200,835.1,830.91,832.43
839.75,1772287500,839.75,833.02,835.03
840.46,1772287800,840.46,836.52,839.59
838.45,1772288100,841.35,837.2,840.47
837.2,1772288400,838.38,836.14,838.0
838.85,1772288700,839.56,836.58,837.12
836.49,1772289000,839.68,836.06,839.27
831.56,1772289300,836.96,831.56,836.47
829.68,1772289600,834.24,829.67,831.52
827.68,1772289900,831.79,827.11,829.7
826.81,1772290200,829.39,826.31,827.7
831.12,1772290500,831.17,826.39,826.93
830.59,1772290800,831.48,828.29,831.47
832.44,1772291100,834.1,829.48,830.42
832.43,1772291400,836.66,832.38,832.4
832.13,1772291700,834.96,831.87,832.5
833.53,1772292000,836.07,831.97,831.97
836.21,1772292300,837.55,833.3,833.37
832.58,1772292600,836.73,831.71,836.39
835.43,1772292900,835.57,831.43,832.42
839.33,1772293200,839.53,835.37,835.82
840.59,1772293500,841.41,838.86,839.57
844.53,1772293800,845.95,840.42,840.95
842.21,1772294100,844.4,842.21,844.31
841.89,1772294400,845.37,840.58,841.98
839.16,1772294700,841.85,837.58,841.43
842.82,1772295000,842.82,838.66,839.22
844.32,1772295300,844.76,842.05,842.97
840.28,1772295600,844.67,838.35,844.22
841.57,1772295900,842.47,840.16,840.25
839.69,1772296200,841.81,838.47,841.64
838.61,1772296500,841.71,838.2,839.79
839.84,1772296800,839.95,837.34,838.78
840.23,1772297100,841.06,838.88,840.15
835.07,1772297400,840.26,834.99,840.1
833.4,1772297700,837.14,833.4,835.01
835.62,1772298000,836.96,833.01,833.64
836.99,1772298300,837.47,835.02,835.67
837.48,1772298600,839.03,836.41,837.21
836.19,1772298900,837.81,834.66,837.32
832.83,1772299200,836.94,832.33,836.04
828.93,1772299500,833.64,828.92,832.84
827.93,1772299800,830.67,827.72,829.13
823.65,1772300100,827.91,823.14,827.77
829.05,1772300400,831.09,823.56,823.72
829.43,1772300700,831.21,827.95,828.76
828.6,1772301000,830.22,827.06,829.04
827.07,1772301300,828.5,825.67,828.5
822.67,1772301600,827.4,822.13,827.13
820.9,1772301900,823.38,820.62,822.75
819.03,1772302200,821.38,818.95,821.04
822.77,1772302500,822.87,818.19,819.23
821.88,1772302800,825.21,821.51,822.62
820.62,1772303100,821.83,819.3,821.65
823.21,1772303400,823.96,820.27,820.36
824.81,1772303700,825.63,822.29,823.29
825.37,1772304000,828.0,824.05,824.98
824.94,1772304300,825.96,823.28,825.32
820.55,1772304600,824.7,820.07,824.69
822.55,1772304900,824.25,818.67,820.74
825.29,1772305200,825.29,821.21,822.5
826.91,1772305500,828.5,825.14,825.6
823.14,1772305800,827.43,823.0,827.0
823.21,1772306100,825.68,821.63,822.78
820.77,1772306400,823.19,819.94,823.17
820.94,1772306700,823.07,820.79,821.12
820.36,1772307000,820.69,817.99,820.23
821.86,1772307300,821.98,819.9,820.0
819.05,1772307600,822.24,818.21,822.23
819.18,1772307900,820.25,817.86,819.02
818.98,1772308200,821.22,818.81,819.47
822.2,1772308500,822.9,819.04,819.36
824.02,1772308800,824.33,820.78,821.99
827.51,1772309100,827.51,823.57,824.03
828.84,1772309400,829.2,825.16,827.56
829.54,1772309700,829.58,827.53,828.84
833.04,1772310000,833.57,829.13,829.66
830.13,1772310300,832.95,828.67,832.82
830.68,1772310600,831.59,828.62,829.64
830.53,1772310900,832.5,830.12,830.79
832.33,1772311200,832.98,828.72,830.7
836.35,1772311500,836.61,831.76,832.54
834.7,1772311800,837.13,832.95,836.43
836.18,1772312100,836.43,833.25,834.75
834.08,1772312400,838.1,834.08,835.93
831.93,1772312700,835.53,831.84,834.23
837.4,1772313000,837.4,831.04,831.92
839.44,1772313300,840.28,836.23,837.1
834.0,1772313600,839.67,832.86,839.43
833.68,1772313900,834.55,832.24,834.02
836.59,1772314200,836.79,833.29,834.27
838.46,1772314500,839.56,836.26,836.55
836.49,1772314800,841.61,835.44,838.28
834.34,1772315100,836.94,833.54,836.19
834.21,1772315400,836.26,833.46,834.36
833.01,1772315700,834.65,831.92,834.36
830.41,1772316000,833.36,830.27,833.19
826.94,1772316300,830.36,826.53,830.36
823.75,1772316600,827.27,823.75,826.35
824.74,1772316900,824.74,822.95,823.98
822.64,1772317200,825.31,822.51,824.83
820.78,1772317500,823.09,820.74,822.98
818.63,1772317800,821.53,818.45,820.79
818.63,1772318100,821.22,817.97,818.72
818.28,1772318400,821.95,817.44,818.99
818.7,1772318700,819.49,817.64,818.53
825.0,1772319000,825.57,818.93,818.93
827.93,1772319300,827.93,823.44,824.93
824.48,1772319600,828.13,824.48,827.75
823.51,1772319900,825.71,823.09,824.46
821.06,1772320200,824.88,820.68,823.31
823.03,1772320500,823.73,820.89,821.28
823.32,1772320800,824.76,821.58,822.66
824.35,1772321100,825.63,822.18,823.36
822.99,1772321400,826.92,822.39,824.52
820.04,1772321700,824.73,819.27,823.14
819.29,1772322000,820.73,817.15,820.22
818.46,1772322300,819.94,817.74,819.44
818.13,1772322600,820.38,817.37,818.7
822.84,1772322900,823.09,818.04,818.59
822.38,1772323200,823.72,820.55,823.27
823.09,1772323500,824.89,821.47,822.14
819.68,1772323800,823.99,818.46,823.07
822.15,1772324100,822.55,818.04,819.9
824.02,1772324400,825.11,821.13,821.75
824.73,1772324700,826.28,822.77,824.13
824.03,1772325000,826.44,823.58,824.88
819.05,1772325300,825.32,819.05,823.95
814.96,1772325600,818.99,813.73,818.81
817.91,1772325900,817.91,813.99,814.8
815.71,1772326200,818.63,813.66,818.18
819.7,1772326500,819.75,813.72,815.57
816.88,1772326800,819.33,814.38,819.24
815.18,1772327100,817.25,812.93,816.86
817.0,1772327400,817.87,814.19,815.28
815.38,1772327700,816.92,815.18,816.87
819.15,1772328000,819.92,815.22,815.22
819.12,1772328300,820.64,817.54,819.16
817.01,1772328600,820.09,815.8,819.3
813.48,1772328900,817.93,813.26,817.05
816.52,1772329200,816.52,811.17,813.69
818.9,1772329500,818.9,815.63,816.58
817.84,1772329800,821.88,817.6,819.27
815.64,1772330100,818.2,815.3,817.9
809.29,1772330400,816.89,809.29,815.9
809.2,1772330700,810.14,806.67,809.37
805.97,1772331000,809.79,804.91,809.23
807.36,1772331300,808.61,805.53,805.94
809.61,1772331600,809.7,805.26,806.93
810.49,1772331900,811.06,808.25,809.43
808.69,1772332200,811.59,807.4,810.96
812.43,1772332500,812.53,808.36,808.9
812.57,1772332800,814.8,810.74,812.19
815.05,1772333100,817.25,812.41,812.41
815.77,1772333400,818.31,814.15,814.91
816.92,1772333700,817.22,814.7,815.84
816.61,1772334000,818.57,816.16,817.04
818.99,1772334300,819.25,815.98,817.01
817.31,1772334600,820.08,816.97,818.89
815.47,1772334900,817.83,814.41,817.14
815.34,1772335200,815.6,813.43,815.54
820.96,1772335500,821.46,815.26,815.49
823.86,1772335800,824.75,819.43,821.01
821.17,1772336100,825.28,820.44,824.08
819.83,1772336400,822.04,818.82,821.01
817.4,1772336700,820.99,817.35,819.74
814.72,1772337000,818.16,812.44,817.54
812.54,1772337300,815.16,812.51,814.77
813.4,1772337600,814.34,810.62,812.45
814.12,1772337900,815.55,812.25,813.12
815.82,1772338200,816.66,813.93,813.93
817.17,1772338500,818.96,815.85,815.85
818.43,1772338800,819.54,815.25,816.67
816.85,1772339100,819.44,816.06,818.4
819.76,1772339400,819.87,816.16,816.81
819.3,1772339700,822.31,818.51,819.55
819.41,1772340000,819.7,817.52,819.21
823.23,1772340300,824.39,819.18,819.45
821.94,1772340600,823.75,820.83,823.24
820.95,1772340900,822.04,819.21,821.57
823.66,1772341200,823.89,820.55,821.11
821.46,1772341500,824.21,821.15,823.63
822.87,1772341800,824.1,819.57,821.68
822.52,1772342100,824.29,821.97,822.68
818.36,1772342400,822.89,817.91,822.45
818.87,1772342700,819.14,815.97,818.22
819.79,1772343000,820.6,817.99,818.52
820.95,1772343300,820.95,816.9,819.81
818.73,1772343600,820.92,818.22,820.72
819.17,1772343900,819.82,817.29,819.0
820.6,1772344200,820.73,817.19,818.87
820.61,1772344500,820.97,818.34,820.7
820.81,1772344800,822.13,819.79,821.01
823.56,1772345100,825.01,820.69,820.69
823.95,1772345400,824.37,822.78,823.76
819.46,1772345700,823.97,819.28,823.71
823.06,1772346000,823.06,818.3,819.64
822.14,1772346300,823.73,821.44,822.89
822.72,1772346600,824.02,820.35,822.4
823.62,1772346900,823.71,821.72,822.69
824.04,1772347200,824.27,821.19,823.43
826.55,1772347500,827.12,823.49,824.14
826.33,1772347800,827.83,825.65,826.33
826.88,1772348100,827.97,824.76,826.27
826.6,1772348400,827.13,823.24,826.72
831.37,1772348700,831.94,824.7,826.62
827.34,1772349000,832.16,826.48,831.25
827.93,1772349300,830.12,827.1,827.41
830.25,1772349600,830.25,826.66,827.81
830.68,1772349900,833.22,830.27,830.49
826.63,1772350200,832.25,826.01,830.4
826.8,1772350500,827.69,824.3,826.53
826.62,1772350800,828.74,825.97,826.61
829.28,1772351100,829.79,825.95,826.45
832.6,1772351400,832.75,828.25,829.34
832.95,1772351700,833.97,831.18,832.28
833.18,1772352000,834.76,830.95,833.21
834.9,1772352300,835.71,833.02,833.43
835.33,1772352600,835.75,832.72,834.72
835.18,1772352900,835.5,832.8,835.02
834.95,1772353200,836.4,833.77,835.08
834.96,1772353500,835.83,832.87,835.29
837.61,1772353800,839.0,832.28,834.94
839.64,1772354100,842.75,837.17,837.6
835.22,1772354400,840.03,834.68,839.61
838.93,1772354700,839.26,835.44,835.72
845.3,1772355000,845.3,838.84,838.84
847.92,1772355300,847.92,843.83,845.26
846.5,1772355600,848.95,846.15,848.11
844.52,1772355900,846.89,843.84,846.38
845.9,1772356200,845.9,842.6,844.53
848.18,1772356500,848.4,844.93,845.83
847.91,1772356800,848.78,846.1,847.82
849.25,1772357100,850.47,847.65,847.87
843.74,1772357400,849.58,843.74,849.28
842.1,1772357700,843.55,838.75,843.24
842.67,1772358000,843.84,840.44,841.63
839.77,1772358300,844.18,839.33,842.73
839.31,1772358600,841.72,838.81,839.67
834.64,1772358900,839.45,834.19,839.45
834.21,1772359200,835.35,830.92,834.89
833.38,1772359500,834.27,831.14,834.15
830.01,1772359800,834.59,829.48,833.35
828.76,1772360100,830.7,827.36,830.03
825.95,1772360400,829.28,825.42,828.33
828.18,1772360700,829.12,825.38,825.8
829.04,1772361000,831.0,827.44,828.17
829.2,1772361300,831.0,828.48,828.97
833.46,1772361600,833.59,828.69,828.69
836.96,1772361900,837.91,833.27,833.5
835.24,1772362200,837.29,835.18,836.93
833.23,1772362500,835.52,831.62,835.12
832.82,1772362800,834.08,831.76,833.08
829.59,1772363100,832.91,829.47,832.91
828.77,1772363400,830.31,828.36,829.6
831.13,1772363700,832.36,828.56,828.87
831.49,1772364000,833.36,830.0,831.07
830.92,1772364300,832.1,828.04,831.83
828.93,1772364600,830.95,827.57,830.66
828.11,1772364900,828.98,827.01,828.72
828.65,1772365200,830.09,827.64,828.24
832.13,1772365500,832.29,828.55,828.55
829.5,1772365800,833.1,829.18,832.22
832.83,1772366100,833.24,828.28,829.77
830.57,1772366400,833.81,830.54,832.4
828.16,1772366700,830.45,827.54,830.45
826.53,1772367000,828.64,825.94,827.83
825.97,1772367300,826.88,823.55,826.68
823.76,1772367600,826.35,822.37,825.65
827.99,1772367900,828.88,823.97,823.97
825.97,1772368200,828.35,824.46,827.8
822.71,1772368500,826.83,822.02,826.02
819.36,1772368800,822.87,816.89,822.87
817.8,1772369100,820.48,817.5,819.56
815.09,1772369400,818.87,814.15,818.11
816.05,1772369700,817.12,814.12,815.81
816.28,1772370000,817.17,814.54,816.03
820.1,1772370300,820.1,815.92,816.32
823.25,1772370600,825.15,819.59,819.75
824.03,1772370900,826.82,821.61,823.11
825.25,1772371200,827.0,822.69,823.96
824.42,1772371500,826.87,823.82,825.33
826.29,1772371800,826.9,824.64,824.64
829.04,1772372100,829.17,825.19,826.42
832.03,1772372400,832.13,827.91,829.15
835.15,1772372700,835.29,832.36,832.36
834.02,1772373000,835.95,833.6,835.07
835.24,1772373300,835.61,831.65,834.14
840.47,1772373600,840.73,835.51,835.51
840.47,1772373900,840.72,836.96,840.5
841.08,1772374200,842.55,838.17,840.54
841.75,1772374500,842.87,840.15,841.15
843.75,1772374800,843.75,840.36,841.82
845.73,1772375100,846.87,843.69,843.92
845.07,1772375400,846.26,844.54,845.7
846.22,1772375700,846.95,843.78,844.96
844.3,1772376000,848.27,844.06,846.47
842.54,1772376300,846.58,840.49,844.74
838.76,1772376600,844.26,838.76,843.02
841.56,1772376900,843.86,838.7,838.95
838.12,1772377200,843.37,838.12,841.53
838.69,1772377500,839.83,837.04,838.3
836.3,1772377800,838.97,836.3,838.33
838.16,1772378100,838.5,835.0,836.22
836.16,1772378400,838.23,835.62,838.23
837.28,1772378700,839.11,835.5,836.04
839.57,1772379000,839.57,834.77,837.19
841.45,1772379300,842.2,837.82,839.63
838.9,1772379600,842.16,837.51,841.48
835.85,1772379900,839.12,834.88,838.87
832.71,1772380200,836.32,832.24,835.39
834.12,1772380500,834.93,831.64,832.38
836.36,1772380800,836.36,832.51,833.87
836.27,1772381100,837.65,834.58,836.57
837.82,1772381400,837.82,834.65,836.35
838.65,1772381700,838.98,834.97,837.44
840.05,1772382000,841.07,837.28,838.68
837.64,1772382300,840.21,837.42,840.06
838.9,1772382600,840.02,837.61,837.77
841.94,1772382900,842.45,838.37,838.62
841.61,1772383200,842.69,839.81,842.04
844.4,1772383500,844.4,839.83,841.77
841.87,1772383800,844.65,840.81,844.39
844.09,1772384100,845.11,841.12,842.18
846.21,1772384400,848.62,843.93,844.4
849.08,1772384700,850.66,845.98,846.05
855.01,1772385000,855.01,848.77,849.3
856.33,1772385300,858.89,855.04,855.04
853.08,1772385600,856.31,852.59,856.31
852.59,1772385900,853.74,851.28,853.34
853.76,1772386200,854.68,851.48,852.15
849.31,1772386500,855.2,848.98,853.94
847.66,1772386800,850.24,846.4,849.52
845.98,1772387100,847.32,843.6,847.32
851.46,1772387400,851.46,845.7,846.3
849.35,1772387700,851.62,847.82,851.45
848.32,1772388000,850.44,848.32,849.54
847.16,1772388300,850.7,847.16,848.04
847.25,1772388600,849.15,846.0,847.05
848.12,1772388900,848.38,845.15,847.32
848.41,1772389200,848.41,845.67,848.08
842.26,1772389500,849.27,841.43,848.25
840.42,1772389800,842.07,839.74,841.84
842.31,1772390100,843.63,839.42,840.36
843.3,1772390400,844.86,840.91,842.17
845.56,1772390700,845.85,843.15,843.38
847.12,1772391000,849.5,845.7,845.91
853.42,1772391300,853.79,847.3,847.3
853.22,1772391600,854.29,850.07,853.79
851.7,1772391900,854.0,851.27,853.31
852.73,1772392200,853.87,851.58,851.81
850.45,1772392500,852.93,850.44,852.54
849.37,1772392800,850.5,847.42,850.39
849.11,1772393100,849.69,846.12,849.13
843.24,1772393400,849.14,842.93,848.98
845.53,1772393700,845.93,842.03,843.27
844.02,1772394000,846.42,843.71,846.02
846.36,1772394300,846.62,843.15,844.04
843.31,1772394600,847.5,841.79,846.32
847.01,1772394900,847.72,842.99,843.18
849.27,1772395200,849.41,845.26,847.24
850.78,1772395500,851.6,847.55,849.18
852.42,1772395800,853.81,850.68,850.9
851.1,1772396100,854.27,849.97,852.44
853.21,1772396400,853.41,850.5,851.12
855.95,1772396700,856.27,851.6,853.44
855.08,1772397000,858.88,854.96,856.23
854.85,1772397300,855.59,852.7,855.16
850.5,1772397600,854.92,850.5,854.57
854.97,1772397900,854.97,849.99,850.64
853.1,1772398200,855.18,852.61,854.86
851.1,1772398500,853.82,848.54,853.19
848.31,1772398800,851.18,846.86,850.95
846.55,1772399100,848.44,846.05,848.19
846.36,1772399400,847.12,843.98,846.47
841.79,1772399700,846.35,841.79,846.35
838.24,1772400000,841.59,837.87,841.59
839.45,1772400300,840.78,838.35,838.5
834.89,1772400600,839.3,834.43,839.3
837.23,1772400900,837.44,835.08,835.08
839.5,1772401200,840.38,837.45,837.45
837.13,1772401500,841.9,835.35,839.67
840.03,1772401800,840.03,834.73,837.04
834.75,1772402100,839.92,834.75,839.25
838.87,1772402400,839.83,834.47,834.71
835.35,1772402700,839.21,834.39,838.91
836.49,1772403000,836.91,834.08,835.29
834.88,1772403300,838.12,834.71,836.29
836.31,1772403600,838.33,834.66,835.03
841.2,1772403900,841.2,835.51,836.56
841.4,1772404200,844.84,841.15,841.4
840.44,1772404500,843.5,840.14,841.63
843.0,1772404800,843.07,840.22,840.57
839.06,1772405100,843.5,838.09,843.06
838.56,1772405400,840.6,836.5,838.84
841.87,1772405700,841.89,837.84,839.02
843.33,1772406000,844.13,841.69,842.01
842.65,1772406300,843.79,840.91,843.33
845.69,1772406600,846.19,842.44,842.63
844.65,1772406900,847.42,842.09,845.77
846.75,1772407200,847.88,842.66,844.86
846.95,1772407500,849.6,846.39,846.72
850.52,1772407800,850.82,846.48,847.03
852.96,1772408100,853.57,850.38,850.38
856.23,1772408400,856.53,852.03,853.08
854.93,1772408700,857.96,854.36,856.2
856.74,1772409000,856.84,852.7,855.05
858.94,1772409300,859.55,855.78,856.51
862.46,1772409600,862.81,858.54,858.54
863.8,1772409900,865.01,861.56,862.62
867.37,1772410200,868.83,864.4,864.4
869.09,1772410500,870.1,866.16,867.55
872.98,1772410800,874.76,868.82,868.87
874.91,1772411100,875.97,872.6,872.84
878.03,1772411400,878.22,874.57,874.81
872.68,1772411700,880.25,872.68,877.79
872.22,1772412000,874.54,871.93,872.62
870.27,1772412300,872.16,869.35,872.06
870.07,1772412600,870.81,867.54,870.21
871.85,1772412900,871.85,869.69,869.9
872.91,1772413200,872.94,870.29,871.62
872.22,1772413500,873.78,871.07,873.11
877.06,1772413800,877.16,872.26,872.29
879.01,1772414100,879.01,876.73,877.08
875.76,1772414400,879.34,874.38,878.99
877.71,1772414700,878.29,874.66,875.53
875.84,1772415000,877.94,875.02,877.6
876.62,1772415300,879.22,876.01,876.06
875.43,1772415600,877.84,874.92,876.61
877.4,1772415900,877.4,873.81,875.39
877.43,1772416200,881.07,876.81,877.34
876.93,1772416500,879.38,876.78,877.38
879.97,1772416800,881.68,876.76,876.76
877.78,1772417100,881.62,877.44,880.13
874.82,1772417400,878.7,873.7,877.73
875.95,1772417700,877.31,874.55,874.55
876.9,1772418000,878.19,875.71,875.77
877.91,1772418300,878.99,876.69,876.96
880.54,1772418600,881.75,877.17,877.75
879.65,1772418900,882.12,879.56,880.65
879.12,1772419200,880.42,876.68,879.51
878.35,1772419500,882.46,878.07,879.27
875.59,1772419800,880.17,874.9,878.05
875.46,1772420100,876.68,873.66,875.56
875.49,1772420400,877.22,871.91,875.4
877.71,1772420700,878.63,874.08,875.5
881.07,1772421000,882.07,877.56,878.15
880.11,1772421300,881.2,878.06,881.17
880.49,1772421600,881.44,879.1,880.12
881.31,1772421900,883.7,881.05,881.05
880.8,1772422200,883.29,879.7,881.7
881.39,1772422500,881.39,878.16,880.67
885.11,1772422800,885.11,880.65,881.47
886.83,1772423100,888.15,884.28,885.3
882.93,1772423400,887.05,882.93,886.74
882.6,1772423700,883.43,881.07,883.01
880.98,1772424000,884.84,880.98,882.7
880.57,1772424300,881.9,878.81,881.02
878.38,1772424600,880.58,876.73,880.12
880.43,1772424900,880.72,877.65,878.6
878.69,1772425200,880.65,877.46,880.11
880.63,1772425500,882.57,878.46,878.63
875.03,1772425800,881.16,874.91,881.03
877.69,1772426100,878.04,875.39,875.57
877.29,1772426400,878.56,876.18,877.67
876.9,1772426700,877.67,875.64,877.18
876.09,1772427000,878.06,874.82,876.59
875.87,1772427300,879.47,874.46,876.36
870.82,1772427600,876.24,870.14,876.24
870.38,1772427900,871.7,868.87,870.94
866.85,1772428200,871.6,866.83,870.06
869.93,1772428500,870.59,866.69,866.89
871.18,1772428800,871.18,867.64,870.1
870.69,1772429100,873.21,870.35,871.16
867.61,1772429400,871.08,867.37,871.08
865.71,1772429700,867.76,865.66,867.64
863.94,1772430000,866.84,863.46,865.9
864.04,1772430300,865.49,860.71,864.03
862.22,1772430600,865.3,861.65,863.96
858.78,1772430900,863.78,858.78,862.5
856.45,1772431200,859.63,855.42,858.93
853.58,1772431500,856.58,853.13,856.58
850.63,1772431800,856.45,849.87,853.58
848.77,1772432100,851.47,847.43,850.89
848.65,1772432400,849.6,846.03,849.08
845.77,1772432700,850.52,845.77,848.73
844.4,1772433000,846.81,844.4,845.79
844.17,1772433300,846.26,843.41,844.6
845.44,1772433600,845.83,842.92,844.41
844.49,1772433900,846.97,843.41,845.51
845.67,1772434200,847.1,843.8,844.31
849.73,1772434500,849.92,845.43,845.52
852.8,1772434800,853.25,849.36,849.76
853.74,1772435100,854.3,851.47,852.66
854.09,1772435400,854.89,852.34,854.15
850.57,1772435700,853.74,849.34,853.74
850.74,1772436000,852.2,849.65,850.52
846.59,1772436300,851.55,845.82,850.68
842.41,1772436600,846.59,841.77,846.44
843.06,1772436900,844.52,841.46,842.37
848.17,1772437200,848.17,843.1,843.15
849.63,1772437500,849.63,845.66,848.07
853.88,1772437800,853.94,848.78,849.65
852.14,1772438100,854.08,850.74,853.85
848.33,1772438400,852.73,847.85,852.24
849.59,1772438700,850.14,847.61,848.22
846.89,1772439000,849.66,844.4,849.39
842.99,1772439300,846.79,842.38,846.79
846.18,1772439600,847.15,842.95,843.16
847.08,1772439900,848.41,846.01,846.26
844.93,1772440200,848.12,844.4,846.74
842.4,1772440500,846.76,842.4,845.06
849.94,1772440800,850.54,842.05,842.53
843.37,1772441100,850.39,843.04,850.18
839.29,1772441400,843.32,838.91,843.31
837.44,1772441700,842.3,837.44,838.97
839.04,1772442000,841.52,837.36,837.5
840.43,1772442300,840.43,836.92,838.99
838.38,1772442600,841.32,838.38,840.39
836.24,1772442900,839.68,835.59,838.4
835.12,1772443200,836.85,833.83,836.27
835.19,1772443500,836.8,832.94,835.39
833.55,1772443800,835.7,831.9,835.15
830.43,1772444100,833.41,830.13,833.35
829.76,1772444400,831.59,828.66,830.31
828.99,1772444700,829.98,826.13,829.54
826.8,1772445000,830.58,826.42,828.94
824.97,1772445300,827.01,824.48,826.43
821.94,1772445600,826.03,821.94,824.9
825.28,1772445900,825.93,820.87,821.73
827.2,1772446200,828.31,824.92,825.1
826.8,1772446500,827.93,824.29,827.48
826.52,1772446800,829.22,824.89,827.03
821.87,1772447100,826.9,821.01,826.48
823.69,1772447400,823.81,820.97,822.07
823.7,1772447700,824.94,822.52,823.85
817.49,1772448000,823.97,817.26,823.6
819.38,1772448300,819.44,817.04,817.57
820.23,1772448600,820.23,815.67,819.33
821.31,1772448900,823.55,819.6,820.17
823.4,1772449200,823.63,820.17,821.75
825.13,1772449500,825.89,822.78,823.44
823.59,1772449800,825.48,821.84,825.2
821.59,1772450100,823.4,820.84,823.27
819.03,1772450400,821.77,818.23,821.62
818.81,1772450700,820.74,817.69,819.08
815.69,1772451000,820.6,815.65,818.82
818.17,1772451300,818.66,815.62,815.83
817.24,1772451600,820.23,815.93,818.26
817.32,1772451900,818.93,816.97,817.2
820.54,1772452200,820.54,815.51,817.51
824.02,1772452500,824.5,820.57,820.76
825.85,1772452800,825.85,822.73,823.87
826.54,1772453100,828.41,825.14,825.87
823.75,1772453400,827.29,823.34,826.8
822.58,1772453700,824.51,821.42,823.9
820.57,1772454000,823.62,820.29,822.7
823.31,1772454300,825.28,820.7,820.93
825.35,1772454600,826.73,823.46,823.46
821.94,1772454900,825.18,821.0,825.18
821.54,1772455200,822.73,820.57,821.83
823.77,1772455500,824.36,819.96,821.55
828.38,1772455800,828.38,823.13,824.02
832.11,1772456100,832.99,827.9,828.36
835.4,1772456400,835.75,830.0,832.05
835.37,1772456700,837.26,834.9,835.49
837.09,1772457000,837.39,834.51,835.02
832.85,1772457300,837.14,832.52,837.03
827.49,1772457600,832.99,827.3,832.98
828.4,1772457900,829.22,825.28,827.38
826.54,1772458200,829.09,824.18,828.13
827.23,1772458500,829.31,826.24,826.42
827.07,1772458800,827.65,825.41,827.45
824.02,1772459100,827.46,822.6,826.75
822.14,1772459400,824.4,820.65,824.4
818.31,1772459700,822.94,818.19,822.32
819.12,1772460000,823.49,818.39,818.53
817.67,1772460300,819.24,816.52,819.24
820.9,1772460600,821.1,816.79,817.84
818.86,1772460900,821.55,817.73,820.99
819.53,1772461200,820.4,816.69,818.75
814.52,1772461500,819.94,814.52,819.76
817.89,1772461800,819.2,814.66,814.79
817.23,1772462100,817.9,813.89,817.67
821.37,1772462400,821.37,816.55,817.36
822.2,1772462700,823.02,819.29,821.01
821.56,1772463000,824.25,820.94,822.06
819.77,1772463300,822.87,819.57,821.79
821.67,1772463600,822.55,818.3,819.74
824.11,1772463900,825.49,821.41,821.65
822.2,1772464200,824.31,820.02,824.08
822.04,1772464500,824.11,820.89,822.04
820.48,1772464800,822.16,819.11,822.16
818.26,1772465100,820.61,815.85,820.61
821.66,1772465400,822.18,816.86,817.74
822.48,1772465700,823.48,821.66,821.82
827.17,1772466000,827.6,821.73,822.48
824.96,1772466300,828.09,824.96,826.97
826.46,1772466600,827.17,824.25,825.16
827.33,1772466900,828.15,825.28,826.41
826.56,1772467200,827.41,825.16,826.87
822.17,1772467500,827.34,822.15,826.52
823.82,1772467800,824.96,821.39,822.29
822.72,1772468100,824.47,821.26,824.19
822.88,1772468400,824.02,821.61,822.89
820.0,1772468700,823.05,818.13,822.96
816.9,1772469000,820.14,816.28,819.92
814.56,1772469300,817.43,814.43,816.64
817.36,1772469600,818.5,813.92,814.6
813.74,1772469900,818.22,813.6,817.29
816.42,1772470200,816.6,813.62,813.99
813.8,1772470500,817.78,812.87,816.08
816.43,1772470800,816.84,812.12,813.71
814.82,1772471100,816.83,814.03,816.45
815.76,1772471400,816.25,813.11,814.71
812.02,1772471700,815.95,809.32,815.87
814.34,1772472000,815.03,811.89,812.27
813.65,1772472300,814.46,811.06,814.46
812.2,1772472600,815.2,810.3,813.56
810.06,1772472900,812.71,807.05,812.02
807.48,1772473200,810.14,807.12,809.96
807.13,1772473500,808.21,805.6,807.6
806.35,1772473800,809.13,806.01,806.94
801.76,1772474100,806.64,800.6,806.47
800.72,1772474400,804.28,800.72,801.99
798.02,1772474700,800.72,795.51,800.72
799.26,1772475000,800.25,797.47,798.09
802.0,1772475300,802.07,799.2,799.21
809.54,1772475600,809.54,801.25,801.63
810.25,1772475900,811.89,807.32,809.6
806.71,1772476200,810.81,805.14,810.18
809.29,1772476500,810.02,804.73,806.38
805.74,1772476800,809.09,805.74,809.08
802.01,1772477100,806.07,801.2,805.55
801.55,1772477400,803.02,799.94,801.95
802.39,1772477700,803.26,800.39,801.66
804.07,1772478000,806.25,802.35,802.49
799.21,1772478300,805.43,799.21,804.02
796.29,1772478600,800.55,796.02,798.96
796.22,1772478900,796.8,794.35,796.48
799.53,1772479200,799.69,795.75,796.15
804.33,1772479500,804.33,799.17,799.53
805.22,1772479800,806.34,803.62,804.2
806.73,1772480100,809.01,805.04,805.14
803.91,1772480400,806.96,803.17,806.63
801.93,1772480700,804.46,798.75,803.88
804.67,1772481000,805.58,800.34,801.81
806.12,1772481300,806.69,801.49,804.4
804.21,1772481600,808.47,804.03,806.25
803.87,1772481900,805.59,802.69,804.22
808.38,1772482200,808.38,804.22,804.35
811.07,1772482500,811.36,807.33,808.19
806.96,1772482800,812.22,806.57,810.94
806.99,1772483100,808.2,805.02,806.68
806.02,1772483400,806.89,803.49,806.6
805.95,1772483700,806.4,803.54,806.01
803.29,1772484000,806.57,803.29,805.84
802.65,1772484300,804.98,802.36,803.74
806.15,1772484600,808.08,802.33,802.65
805.2,1772484900,807.98,805.13,805.95
806.77,1772485200,806.88,804.47,805.07
805.12,1772485500,807.17,804.62,806.64
801.06,1772485800,805.97,801.05,805.53
803.25,1772486100,804.05,801.34,801.34
800.72,1772486400,804.89,800.68,803.59
801.12,1772486700,802.51,800.62,800.62
798.69,1772487000,801.09,796.48,801.06
798.81,1772487300,799.23,796.13,798.74
801.42,1772487600,802.76,798.92,799.07
802.29,1772487900,803.75,801.23,801.45
806.5,1772488200,806.57,800.61,802.12
804.21,1772488500,808.95,804.12,805.8
806.07,1772488800,808.22,803.59,804.55
809.47,1772489100,810.06,805.67,806.15
810.73,1772489400,811.44,808.27,809.49
809.71,1772489700,814.0,809.65,810.48
805.11,1772490000,810.93,805.11,809.71
804.84,1772490300,807.59,803.4,805.16
804.65,1772490600,805.93,803.2,804.87
804.69,1772490900,805.05,803.23,804.73
806.01,1772491200,806.01,802.25,804.89
803.53,1772491500,806.21,802.87,805.9
806.02,1772491800,806.02,800.44,803.13
808.1,1772492100,808.29,805.43,806.08
808.84,1772492400,810.0,805.92,808.04
804.96,1772492700,809.0,804.39,809.0
810.54,1772493000,810.87,803.97,804.92
807.9,1772493300,811.89,807.9,810.92
806.6,1772493600,808.75,806.6,807.55
806.45,1772493900,808.16,805.02,806.3
807.36,1772494200,808.04,805.77,806.86
805.78,1772494500,807.52,805.69,807.52
803.35,1772494800,806.76,803.1,805.87
801.2,1772495100,803.95,800.66,803.5
803.44,1772495400,804.91,799.98,801.49
800.65,1772495700,803.54,800.09,803.06
802.17,1772496000,803.86,800.36,801.07
804.07,1772496300,804.23,801.35,802.12
801.82,1772496600,804.24,798.91,804.24
801.62,1772496900,802.54,798.98,801.81
797.91,1772497200,802.12,797.91,801.41
796.11,1772497500,799.64,796.11,798.22
799.91,1772497800,800.28,795.98,796.27
796.13,1772498100,800.67,796.04,799.88
796.16,1772498400,798.48,796.1,796.32
795.87,1772498700,797.31,793.48,796.32
793.38,1772499000,796.47,791.99,795.71
791.05,1772499300,793.54,791.05,793.26
791.55,1772499600,791.69,788.77,791.0
791.97,1772499900,796.25,791.43,791.75
790.76,1772500200,792.91,790.35,791.82
791.15,1772500500,792.09,789.13,790.64
789.89,1772500800,791.99,788.92,791.36
790.12,1772501100,791.42,788.6,790.09
788.78,1772501400,790.41,786.29,790.12
786.76,1772501700,789.19,785.57,788.65
787.22,1772502000,791.15,786.33,786.46
786.66,1772502300,789.85,786.08,787.1
791.2,1772502600,791.2,786.74,787.03
795.4,1772502900,796.87,790.97,791.56
797.55,1772503200,798.01,795.06,795.47
802.29,1772503500,802.3,797.56,797.56
801.1,1772503800,803.85,801.08,802.32
800.47,1772504100,801.52,799.58,801.26
794.76,1772504400,800.66,792.95,800.66
797.48,1772504700,800.16,794.17,794.99
798.83,1772505000,799.45,796.73,797.26
797.55,1772505300,799.24,796.31,798.72
799.97,1772505600,800.39,797.58,797.75
799.19,1772505900,800.92,797.29,800.01
800.33,1772506200,801.69,798.7,799.26
798.57,1772506500,800.3,797.02,800.3
800.26,1772506800,801.12,796.77,798.73
800.3,1772507100,801.46,798.0,800.18
798.22,1772507400,800.15,797.59,800.03
801.25,1772507700,803.0,797.65,798.46
803.97,1772508000,804.18,800.4,800.94
805.96,1772508300,806.65,803.29,804.09
807.82,1772508600,807.82,804.11,806.1
808.4,1772508900,808.9,804.99,807.95
810.58,1772509200,813.17,806.65,808.53
805.4,1772509500,810.45,804.16,810.45
807.48,1772509800,807.99,805.16,805.46
808.98,1772510100,810.14,806.83,807.57
808.12,1772510400,809.73,807.52,808.92
808.86,1772510700,809.98,807.89,808.26
810.52,1772511000,811.27,808.07,808.59
805.23,1772511300,810.93,805.23,810.62
801.49,1772511600,805.18,801.11,805.18
801.54,1772511900,802.79,800.5,801.72
802.18,1772512200,802.18,799.2,801.5
798.8,1772512500,803.72,797.75,802.09
796.37,1772512800,798.93,794.52,798.69
795.58,1772513100,797.9,795.07,796.33
794.01,1772513400,795.84,792.37,795.44
791.08,1772513700,794.05,789.67,794.05
793.9,1772514000,794.04,789.62,790.93
791.11,1772514300,794.11,790.56,793.64
790.48,1772514600,792.02,789.2,791.15
792.56,1772514900,793.9,790.54,790.54
791.27,1772515200,793.54,790.27,792.8
786.01,1772515500,791.57,785.99,791.33
781.21,1772515800,785.81,780.49,785.76
779.17,1772516100,781.1,778.2,780.99
779.47,1772516400,780.32,777.97,779.15
779.15,1772516700,779.69,777.73,779.37
779.9,1772517000,781.93,778.83,779.16
784.31,1772517300,784.6,778.98,779.98
782.76,1772517600,786.14,782.36,784.08
782.29,1772517900,783.45,781.0,782.76
781.06,1772518200,782.24,778.98,782.24
783.0,1772518500,783.14,779.73,781.29
784.76,1772518800,784.76,780.29,782.7
783.14,1772519100,785.14,782.95,784.54
784.49,1772519400,784.81,780.73,783.25
784.36,1772519700,786.26,783.65,784.61
783.38,1772520000,785.17,783.2,784.68
788.02,1772520300,788.03,782.41,783.32
786.34,1772520600,788.76,783.74,788.08
778.83,1772520900,786.28,778.69,786.28
775.8,1772521200,779.53,775.19,778.58
775.54,1772521500,777.94,774.86,775.97
780.57,1772521800,780.57,775.4,775.75
781.13,1772522100,782.54,779.67,780.86
781.29,1772522400,782.44,780.54,781.34
780.52,1772522700,781.1,778.19,781.02
779.15,1772523000,781.1,777.99,780.59
779.66,1772523300,780.86,778.59,779.1
784.1,1772523600,784.71,779.03,779.88
781.85,1772523900,785.25,781.85,784.13
786.24,1772524200,786.53,781.9,781.9
788.88,1772524500,789.47,786.22,786.22
791.61,1772524800,791.61,787.2,788.75
791.16,1772525100,792.61,789.87,791.7
794.56,1772525400,794.96,790.54,791.39
798.08,1772525700,799.06,794.6,794.71
798.54,1772526000,799.37,797.33,797.94
799.68,1772526300,800.65,798.09,798.5
795.63,1772526600,800.52,795.26,799.82
797.19,1772526900,801.03,795.15,795.67
795.04,1772527200,797.42,794.08,796.76
798.25,1772527500,798.67,794.18,795.31
798.03,1772527800,799.86,797.05,798.52
796.1,1772528100,798.78,793.81,798.2
797.62,1772528400,798.79,795.53,796.22
797.43,1772528700,797.43,793.75,797.23
796.09,1772529000,798.41,795.99,797.4
798.27,1772529300,798.36,794.67,795.77
794.94,1772529600,798.32,794.73,798.16
796.09,1772529900,797.15,794.28,794.8
793.87,1772530200,796.52,792.42,795.9
792.65,1772530500,795.31,792.61,793.88
792.73,1772530800,794.21,790.46,792.69
794.3,1772531100,795.8,791.84,792.76
796.96,1772531400,797.48,792.93,794.38
798.58,1772531700,799.12,796.57,797.18
798.67,1772532000,800.25,797.42,798.67
798.98,1772532300,799.96,797.55,798.72
803.36,1772532600,803.98,798.67,798.97
801.37,1772532900,803.75,800.67,803.46
798.31,1772533200,801.6,797.51,801.11
802.86,1772533500,803.08,798.53,798.55
803.68,1772533800,804.24,801.0,802.72
805.72,1772534100,806.16,803.82,803.82
806.63,1772534400,806.71,804.08,805.34
803.52,1772534700,806.65,802.13,806.23
797.74,1772535000,803.83,797.29,803.39
794.08,1772535300,798.89,794.08,798.01
793.55,1772535600,794.96,791.28,793.8
794.28,1772535900,795.71,793.64,793.67
793.02,1772536200,795.86,793.02,794.61
796.58,1772536500,797.27,791.96,792.94
799.05,1772536800,799.93,794.88,796.76
797.72,1772537100,800.02,796.31,799.0
796.88,1772537400,797.96,795.57,797.55
798.95,1772537700,799.18,796.86,796.86
800.54,1772538000,801.5,799.03,799.05
798.88,1772538300,800.41,798.27,800.41
798.02,1772538600,801.49,797.66,798.93
796.58,1772538900,799.14,795.29,798.05
796.55,1772539200,798.06,795.43,796.85
798.26,1772539500,799.18,796.42,796.56
801.73,1772539800,802.67,798.14,798.14
804.5,1772540100,804.67,799.89,801.89
800.96,1772540400,805.35,800.96,804.36
801.58,1772540700,802.12,799.75,801.0
801.39,1772541000,803.29,800.21,801.49
801.11,1772541300,802.31,799.11,801.4
802.27,1772541600,803.8,800.64,800.64
800.81,1772541900,802.86,800.12,802.16
797.53,1772542200,800.9,795.2,800.9
796.54,1772542500,798.03,796.28,797.35
793.54,1772542800,798.11,793.54,796.16
790.35,1772543100,793.27,788.58,793.27
788.53,1772543400,790.64,788.26,790.26
786.0,1772543700,789.37,785.97,788.46
784.07,1772544000,787.28,783.16,786.21
781.5,1772544300,784.47,780.54,784.18
779.76,1772544600,781.45,778.62,781.09
777.79,1772544900,781.29,777.0,779.34
773.71,1772545200,778.0,773.5,777.71
772.14,1772545500,774.39,771.8,773.39
776.32,1772545800,776.53,771.27,772.17
778.26,1772546100,780.39,776.1,776.17
778.01,1772546400,779.57,776.57,778.19
774.25,1772546700,777.98,774.13,777.93
777.88,1772547000,777.97,773.7,774.21
778.72,1772547300,779.83,776.67,777.77
775.43,1772547600,779.14,775.28,778.62
775.23,1772547900,777.5,775.03,775.69
770.12,1772548200,775.18,769.7,775.18
766.57,1772548500,771.33,765.84,770.08
766.8,1772548800,767.78,765.65,766.81
772.0,1772549100,772.0,766.62,767.13
772.63,1772549400,773.02,769.95,771.99
772.54,1772549700,773.02,771.33,772.7
770.42,1772550000,773.16,769.69,772.77
770.72,1772550300,773.0,769.03,770.24
768.85,1772550600,770.97,767.72,770.97
767.77,1772550900,769.53,767.38,768.9
766.57,1772551200,770.21,766.17,768.03
770.04,1772551500,770.2,764.84,766.39
767.29,1772551800,769.9,766.67,769.9
767.93,1772552100,768.23,766.43,766.86
764.79,1772552400,769.05,764.75,767.89
761.91,1772552700,765.2,761.2,764.92
762.78,1772553000,763.61,761.19,761.84
763.27,1772553300,764.04,760.9,762.84
757.25,1772553600,763.29,757.12,763.07
756.76,1772553900,760.62,756.67,757.08
755.77,1772554200,757.19,754.61,756.78
754.71,1772554500,756.24,753.44,755.95
758.84,1772554800,759.15,753.83,754.67
756.64,1772555100,759.08,755.01,758.77
756.31,1772555400,758.85,755.67,756.67
761.55,1772555700,762.13,756.24,756.24
759.2,1772556000,762.55,758.44,761.38
760.04,1772556300,760.98,758.82,759.4
761.2,1772556600,761.89,758.27,759.97
760.43,1772556900,761.88,759.66,761.02
761.86,1772557200,762.74,758.95,760.42
763.78,1772557500,765.05,761.36,761.71
770.93,1772557800,771.4,763.84,763.87
774.04,1772558100,774.47,771.04,771.04
775.85,1772558400,775.92,773.25,774.35
767.96,1772558700,775.84,766.95,775.51
770.94,1772559000,771.56,767.65,768.01
771.99,1772559300,773.23,769.54,770.66
770.94,1772559600,771.79,769.94,771.79
773.09,1772559900,773.38,769.53,770.9
775.03,1772560200,776.5,772.88,773.35
774.02,1772560500,777.36,773.85,775.09
776.08,1772560800,776.08,772.79,774.64
777.92,1772561100,778.82,775.73,776.23
776.43,1772561400,778.93,775.33,777.9
776.04,1772561700,777.04,774.63,776.33
777.36,1772562000,778.2,773.89,776.37
777.2,1772562300,777.27,774.58,777.21
777.07,1772562600,778.33,775.71,777.19
778.2,1772562900,778.59,773.68,777.16
778.75,1772563200,779.39,776.76,778.02
783.06,1772563500,784.22,778.61,778.62
787.69,1772563800,788.06,781.96,782.94
784.6,1772564100,787.79,784.33,787.61
784.17,1772564400,785.06,783.05,784.5
784.49,1772564700,785.23,782.54,784.0
782.05,1772565000,784.45,781.89,784.43
777.71,1772565300,782.92,777.27,781.99
776.5,1772565600,777.64,773.86,777.64
778.75,1772565900,779.7,776.54,776.66
777.16,1772566200,780.37,776.21,778.74
776.17,1772566500,777.15,774.39,777.13
777.13,1772566800,778.27,775.94,776.24
775.43,1772567100,777.96,774.38,777.34
776.8,1772567400,776.85,773.67,775.14
777.02,1772567700,777.33,775.03,776.96
774.17,1772568000,777.05,773.52,776.7
778.88,1772568300,778.88,773.58,774.14
778.72,1772568600,780.1,778.02,778.93
780.94,1772568900,781.37,777.99,778.84
779.46,1772569200,782.35,778.99,781.4
777.19,1772569500,780.99,777.14,779.64
778.43,1772569800,778.81,776.09,776.72
778.49,1772570100,780.1,777.89,778.46
777.56,1772570400,779.37,776.97,778.62
770.6,1772570700,777.68,770.6,777.51
767.5,1772571000,770.69,765.95,770.69
768.85,1772571300,769.38,766.45,767.42
768.74,1772571600,770.76,768.25,768.96
766.97,1772571900,770.11,766.97,768.76
769.76,1772572200,770.28,766.48,767.03
770.84,1772572500,771.87,768.2,769.85
770.22,1772572800,772.33,768.6,770.97
772.84,1772573100,772.88,769.19,769.92
769.69,1772573400,773.02,769.11,773.02
770.57,1772573700,770.71,768.62,769.33
766.76,1772574000,770.48,766.76,770.34
771.86,1772574300,772.23,767.01,767.01
771.83,1772574600,772.22,768.76,771.68
770.34,1772574900,773.42,770.34,772.08
770.12,1772575200,771.59,768.1,770.36
773.09,1772575500,773.64,769.25,769.98
771.87,1772575800,774.44,771.4,773.09
771.45,1772576100,773.42,771.02,771.92
773.36,1772576400,773.76,771.11,771.56
774.55,1772576700,774.55,771.02,773.17
772.61,1772577000,774.9,772.18,774.55
773.76,1772577300,774.03,770.65,772.22
773.85,1772577600,775.71,772.7,773.86
772.59,1772577900,774.24,770.2,773.75
774.14,1772578200,774.14,771.57,772.72
774.75,1772578500,775.32,772.29,774.24
775.08,1772578800,777.71,774.46,774.78
774.75,1772579100,776.83,774.21,775.16
779.31,1772579400,779.73,774.82,775.09
781.41,1772579700,782.22,778.67,779.58
779.97,1772580000,781.31,778.89,781.31
778.62,1772580300,780.7,777.53,780.25
779.0,1772580600,780.27,777.53,778.38
777.62,1772580900,779.94,776.29,779.01
778.24,1772581200,780.28,776.79,777.56
777.27,1772581500,779.27,776.38,778.27
780.29,1772581800,780.68,776.14,777.36
780.14,1772582100,780.74,778.69,780.43
776.47,1772582400,780.89,776.32,780.15
776.24,1772582700,777.57,774.48,776.53
778.95,1772583000,779.09,775.76,776.2
779.86,1772583300,780.05,777.23,778.9
781.69,1772583600,784.34,779.76,779.76
784.27,1772583900,785.03,781.03,781.82
784.73,1772584200,786.16,782.28,784.23
784.4,1772584500,784.89,782.43,784.69
786.13,1772584800,787.85,783.53,784.18
783.42,1772585100,785.78,781.16,785.65
787.25,1772585400,787.25,783.51,783.51
790.6,1772585700,790.83,787.12,787.63
788.71,1772586000,790.95,786.31,790.62
792.97,1772586300,793.47,788.82,788.83
794.09,1772586600,796.02,792.73,792.73
793.33,1772586900,795.45,792.49,793.81
792.08,1772587200,795.45,791.68,793.08
791.58,1772587500,793.96,790.04,792.13
794.95,1772587800,796.0,790.72,791.43
797.18,1772588100,797.31,794.35,794.84
799.83,1772588400,800.19,797.0,797.1
801.45,1772588700,801.45,798.77,799.57
802.51,1772589000,804.11,800.27,801.2
810.16,1772589300,810.57,802.51,802.51
810.09,1772589600,810.29,808.14,810.04
811.66,1772589900,811.87,809.74,810.08
813.47,1772590200,816.7,811.25,811.65
813.65,1772590500,814.35,811.86,813.61
814.53,1772590800,815.51,813.18,813.76
811.77,1772591100,815.23,811.72,814.41
812.97,1772591400,813.54,810.27,812.04
811.22,1772591700,814.29,810.74,813.51
812.54,1772592000,812.54,809.9,811.03
814.93,1772592300,816.71,811.26,812.43
818.25,1772592600,819.47,814.55,814.74
818.54,1772592900,819.36,816.74,818.34
816.05,1772593200,818.56,815.93,818.43
813.34,1772593500,816.37,812.88,815.66
811.73,1772593800,813.65,810.24,813.62
813.85,1772594100,813.98,810.38,811.8
811.92,1772594400,815.31,811.5,814.3
807.56,1772594700,812.26,806.76,811.86
803.2,1772595000,808.27,803.2,807.27
801.27,1772595300,805.35,800.44,803.18
801.59,1772595600,801.98,799.19,801.59
803.36,1772595900,803.36,800.21,801.53
801.9,1772596200,803.63,800.99,803.39
799.63,1772596500,802.81,797.29,802.06
798.58,1772596800,802.01,798.58,799.87
803.22,1772597100,804.07,798.62,798.62
805.18,1772597400,806.35,802.9,803.02
805.92,1772597700,808.96,804.89,804.93
805.06,1772598000,806.83,804.3,806.27
804.93,1772598300,805.03,801.89,805.03
807.13,1772598600,808.49,804.33,804.91
807.67,1772598900,808.91,806.09,806.85
805.85,1772599200,807.83,804.61,807.76
807.77,1772599500,808.29,804.46,806.02
810.71,1772599800,811.2,806.99,807.82
811.79,1772600100,812.55,809.35,810.61
808.51,1772600400,812.73,807.76,812.21
808.81,1772600700,810.47,807.9,808.84
804.23,1772601000,808.54,804.23,808.54
805.64,1772601300,806.13,802.57,804.16
804.0,1772601600,805.89,803.63,805.69
809.78,1772601900,809.78,803.85,803.92
807.29,1772602200,810.46,806.11,809.79
810.16,1772602500,811.25,807.52,807.53
812.61,1772602800,812.61,809.29,810.54
808.67,1772603100,812.75,807.33,812.55
807.32,1772603400,809.14,804.77,808.3
804.33,1772603700,808.21,804.33,807.52
809.27,1772604000,810.22,804.15,804.41
811.59,1772604300,813.01,808.42,809.18
810.15,1772604600,812.47,808.79,811.46
808.07,1772604900,810.06,807.91,810.05
808.85,1772605200,808.9,806.24,808.22
808.8,1772605500,809.45,807.17,808.67
806.21,1772605800,809.13,805.85,808.69
804.22,1772606100,806.52,802.86,806.35
804.18,1772606400,805.88,802.97,804.3
803.02,1772606700,804.7,800.86,804.49
803.04,1772607000,803.99,801.56,802.72
802.09,1772607300,803.67,801.47,802.83
800.17,1772607600,803.04,799.96,802.38
800.9,1772607900,801.2,798.71,800.04
802.13,1772608200,803.29,800.67,800.85
803.82,1772608500,803.86,800.85,802.31
804.95,1772608800,805.09,802.23,803.8
807.12,1772609100,807.78,803.81,804.73
811.67,1772609400,812.06,805.47,806.68
810.09,1772609700,812.3,808.95,812.27
814.35,1772610000,815.85,810.06,810.33
813.32,1772610300,816.63,812.42,814.36
814.14,1772610600,815.11,811.87,813.32
813.96,1772610900,815.18,812.19,814.56
815.67,1772611200,816.89,813.9,814.08
815.64,1772611500,816.02,813.78,815.67
819.64,1772611800,819.86,815.42,815.66
820.26,1772612100,820.85,817.21,819.78
819.48,1772612400,823.75,819.26,819.86
823.03,1772612700,824.27,819.29,819.62
824.5,1772613000,825.22,822.17,823.24
824.6,1772613300,824.93,822.52,824.27
822.51,1772613600,824.58,821.77,824.58
821.01,1772613900,823.22,820.49,822.66
827.12,1772614200,827.41,821.15,821.15
829.76,1772614500,829.76,826.21,827.07
829.55,1772614800,831.5,828.88,829.48
827.78,1772615100,830.53,827.29,829.82
830.1,1772615400,831.31,827.74,827.93
827.9,1772615700,830.06,825.14,830.06
825.93,1772616000,827.94,824.91,827.94
822.34,1772616300,826.05,820.96,825.91
822.14,1772616600,823.19,819.97,822.24
818.84,1772616900,822.9,817.71,822.16
821.2,1772617200,822.07,816.54,818.62
819.5,1772617500,822.14,819.06,821.41
818.92,1772617800,820.11,817.32,819.42
820.57,1772618100,822.21,818.65,819.19
817.03,1772618400,820.68,816.86,820.59
815.72,1772618700,817.38,813.94,816.64
812.9,1772619000,816.57,812.7,815.6
817.26,1772619300,817.71,811.33,813.16
820.56,1772619600,820.83,816.67,817.38
817.48,1772619900,820.64,816.89,820.52
821.37,1772620200,821.79,817.55,817.55
822.04,1772620500,822.04,817.73,821.52
821.78,1772620800,824.57,821.74,822.04
817.78,1772621100,822.56,817.78,821.19
818.19,1772621400,819.88,816.55,817.83
820.11,1772621700,821.93,817.78,817.99
824.88,1772622000,826.13,819.67,820.12
824.21,1772622300,826.09,823.38,824.42
825.04,1772622600,826.73,823.71,824.34
829.01,1772622900,829.01,824.54,824.94
828.89,1772623200,830.15,826.67,828.74
830.09,1772623500,830.1,827.02,828.82
831.85,1772623800,832.44,828.25,830.25
827.59,1772624100,831.83,826.28,831.82
829.3,1772624400,829.62,827.05,827.32
826.07,1772624700,829.82,825.57,829.32
819.77,1772625000,827.2,819.68,826.12
823.95,1772625300,823.95,818.87,819.55
830.41,1772625600,830.75,823.28,824.06
828.77,1772625900,830.45,827.2,830.21
828.12,1772626200,829.93,826.13,828.94
828.77,1772626500,828.77,826.17,828.18
831.36,1772626800,831.97,828.72,828.85
831.46,1772627100,833.83,830.32,831.32
832.51,1772627400,833.09,830.44,831.25
832.57,1772627700,832.9,830.43,832.58
831.89,1772628000,833.52,829.87,832.5
830.91,1772628300,832.79,829.53,831.88
827.69,1772628600,831.61,826.99,830.9
828.68,1772628900,829.28,827.16,827.59
827.01,1772629200,830.12,826.19,828.77
827.75,1772629500,827.95,824.31,826.93
832.5,1772629800,832.73,827.07,827.54
829.71,1772630100,832.42,827.01,832.42
829.8,1772630400,830.37,827.54,829.36
828.54,1772630700,830.27,827.26,830.16
829.18,1772631000,831.03,828.42,828.45
825.97,1772631300,829.25,825.03,829.25
826.36,1772631600,828.59,824.36,826.15
819.73,1772631900,825.77,819.3,825.77
819.92,1772632200,823.43,818.94,819.61
816.9,1772632500,819.84,816.53,819.84
818.63,1772632800,819.3,815.71,817.33
816.86,1772633100,819.06,815.76,818.62
809.06,1772633400,817.06,808.92,816.6
809.12,1772633700,809.72,807.44,809.07
809.63,1772634000,810.76,808.16,809.23
809.67,1772634300,811.8,809.06,809.75
810.48,1772634600,810.48,807.16,809.61
803.27,1772634900,810.54,803.27,810.27
799.24,1772635200,803.29,798.47,803.2
802.05,1772635500,802.05,797.56,799.17
802.95,1772635800,803.55,801.44,801.88
803.98,1772636100,804.21,802.39,802.62
800.9,1772636400,806.07,800.77,803.98
801.63,1772636700,803.68,800.55,801.27
798.24,1772637000,801.92,796.96,801.53
800.08,1772637300,800.9,798.29,798.29
796.65,1772637600,801.35,796.65,800.08
797.51,1772637900,798.33,796.21,796.67
800.61,1772638200,802.26,797.48,797.76
802.57,1772638500,803.56,799.26,800.37
802.12,1772638800,803.5,799.79,802.34
798.34,1772639100,802.83,798.15,801.75
797.69,1772639400,799.33,796.4,798.26
801.85,1772639700,802.74,797.55,797.91
800.71,1772640000,802.48,800.26,801.84
799.07,1772640300,800.9,797.91,800.35
799.69,1772640600,799.69,797.41,799.08
800.0,1772640900,802.87,799.51,799.73
801.35,1772641200,801.82,798.55,799.75
801.19,1772641500,802.01,798.33,801.13
800.22,1772641800,801.85,799.44,801.35
798.19,1772642100,800.95,797.71,800.31
801.09,1772642400,802.21,798.1,798.18
798.51,1772642700,801.67,797.75,800.93
799.9,1772643000,800.15,796.76,798.75
800.9,1772643300,802.75,799.83,799.99
798.22,1772643600,801.11,797.27,800.69
799.07,1772643900,799.13,796.63,798.13
799.99,1772644200,801.35,798.18,798.76
804.61,1772644500,805.29,799.97,800.12
806.04,1772644800,806.4,804.4,804.6
807.38,1772645100,807.64,805.04,805.73
808.46,1772645400,808.96,806.24,807.43
810.04,1772645700,811.84,808.09,808.47
813.5,1772646000,814.83,809.38,810.15
818.85,1772646300,819.4,813.19,813.54
823.08,1772646600,823.71,817.69,818.59
819.97,1772646900,824.51,819.38,822.95
820.86,1772647200,821.28,818.18,820.01
821.78,1772647500,823.42,820.55,821.15
819.12,1772647800,821.9,818.65,821.55
818.59,1772648100,820.06,817.67,819.3
816.74,1772648400,818.57,815.32,818.57
817.31,1772648700,817.41,813.46,816.44
816.48,1772649000,819.03,815.96,817.01
811.54,1772649300,816.59,811.44,816.25
807.49,1772649600,811.37,806.48,811.3
807.55,1772649900,807.83,805.48,807.4
811.87,1772650200,813.23,807.54,807.67
814.18,1772650500,815.2,811.82,811.82
807.64,1772650800,813.84,807.32,813.78
810.47,1772651100,810.78,805.3,807.47
810.85,1772651400,814.64,810.38,810.45
812.29,1772651700,813.41,810.21,810.61
809.82,1772652000,813.92,808.18,812.29
808.49,1772652300,810.12,807.76,809.7
804.95,1772652600,808.53,804.95,808.53
808.35,1772652900,808.71,804.08,805.0
808.09,1772653200,809.38,806.99,808.13
807.5,1772653500,809.82,806.7,808.0
810.17,1772653800,810.38,806.69,807.75
811.97,1772654100,813.87,808.94,810.04
813.28,1772654400,814.37,811.73,812.06
816.22,1772654700,817.02,811.83,813.04
815.94,1772655000,816.76,813.91,816.25
813.47,1772655300,815.99,813.37,815.74
815.98,1772655600,815.98,812.31,813.66
816.59,1772655900,817.98,815.55,816.25
818.97,1772656200,820.86,814.54,816.33
816.86,1772656500,819.47,816.28,819.06
817.85,1772656800,819.58,816.99,817.06
817.95,1772657100,818.29,815.48,817.96
817.47,1772657400,820.27,816.85,818.28
819.13,1772657700,822.06,816.87,817.38
818.05,1772658000,820.65,817.29,819.14
817.94,1772658300,818.63,816.13,817.77
820.47,1772658600,820.47,815.82,817.66
815.12,1772658900,821.41,813.89,820.3
813.59,1772659200,815.09,812.86,814.97
811.78,1772659500,813.51,810.95,813.49
812.05,1772659800,813.48,811.36,812.35
810.55,1772660100,814.24,810.17,812.27
807.71,1772660400,811.03,806.63,810.42
808.75,1772660700,809.78,807.32,808.16
804.95,1772661000,808.51,804.19,808.46
804.77,1772661300,805.72,802.37,804.71
806.38,1772661600,806.38,802.46,804.57
807.9,1772661900,807.9,804.13,806.51
807.18,1772662200,810.29,806.8,807.62
807.97,1772662500,809.15,807.12,807.12
804.93,1772662800,808.48,804.43,807.78
802.82,1772663100,805.58,801.62,805.16
803.76,1772663400,805.17,802.1,802.76
804.7,1772663700,807.38,803.23,803.54
804.88,1772664000,806.11,803.85,804.92
805.41,1772664300,805.86,803.7,805.1
808.17,1772664600,809.1,805.26,805.5
808.76,1772664900,810.97,806.16,808.48
810.64,1772665200,810.64,807.78,808.51
808.29,1772665500,811.96,807.77,810.74
807.63,1772665800,809.79,806.55,808.56
808.96,1772666100,810.6,807.53,807.53
809.84,1772666400,809.84,807.82,808.87
807.46,1772666700,809.55,805.5,809.55
803.47,1772667000,807.88,803.24,807.28
802.67,1772667300,806.81,802.12,803.82
802.22,1772667600,803.89,800.93,802.96
801.29,1772667900,804.33,801.06,802.2
798.18,1772668200,802.02,797.67,801.71
794.34,1772668500,798.18,793.76,798.11
792.71,1772668800,794.59,791.85,794.55
792.84,1772669100,794.25,791.0,792.29
791.69,1772669400,794.18,791.52,792.63
792.71,1772669700,793.1,790.55,791.47
794.86,1772670000,795.09,792.28,792.98
794.02,1772670300,796.17,792.02,794.74
797.45,1772670600,797.45,793.31,794.38
798.38,1772670900,799.21,795.79,797.51
795.82,1772671200,799.55,795.35,798.6
794.37,1772671500,797.78,793.34,795.6
792.55,1772671800,794.29,790.72,794.29
791.52,1772672100,792.99,790.55,792.72
789.52,1772672400,791.69,789.4,791.29
788.11,1772672700,789.6,787.08,789.33
787.82,1772673000,789.93,787.47,788.02
791.11,1772673300,791.11,786.32,788.0
790.94,1772673600,791.65,789.65,791.16
789.27,1772673900,790.98,786.37,790.92
788.81,1772674200,790.05,787.94,789.31
789.09,1772674500,789.52,787.19,789.02
789.07,1772674800,791.44,788.68,789.04
790.93,1772675100,792.43,788.58,789.12
788.45,1772675400,791.24,787.95,790.76
788.0,1772675700,790.52,787.15,788.39
790.4,1772676000,791.82,787.38,787.97
790.24,1772676300,791.87,789.04,790.53
786.0,1772676600,791.39,786.0,789.93
785.49,1772676900,786.31,783.64,786.31
786.15,1772677200,786.57,783.64,785.36
782.66,1772677500,786.16,780.51,786.16
786.12,1772677800,786.63,782.18,782.6
786.75,1772678100,787.08,784.69,786.13
785.14,1772678400,787.11,783.54,787.11
780.42,1772678700,786.47,779.92,785.26
783.7,1772679000,784.14,780.25,780.35
786.97,1772679300,788.51,782.44,783.54
784.71,1772679600,786.59,783.01,786.59
785.47,1772679900,785.89,783.49,784.73
785.25,1772680200,790.44,785.01,785.6
785.79,1772680500,785.79,782.57,785.11
783.01,1772680800,786.42,782.35,785.66
781.86,1772681100,785.38,781.68,783.12
778.8,1772681400,781.78,775.73,781.73
775.3,1772681700,780.34,774.82,779.06
774.84,1772682000,776.32,773.69,775.5
775.93,1772682300,777.85,775.17,775.17
773.27,1772682600,776.28,772.71,776.06
775.35,1772682900,775.54,773.07,773.43
773.43,1772683200,775.52,771.66,775.52
775.06,1772683500,776.52,772.95,773.33
776.06,1772683800,776.6,773.18,774.98
776.01,1772684100,776.41,773.68,776.07
778.22,1772684400,778.53,775.52,775.85
776.95,1772684700,779.16,775.81,778.28
773.9,1772685000,780.31,773.65,776.65
775.63,1772685300,777.6,774.12,774.21
775.39,1772685600,776.66,773.14,775.58
779.45,1772685900,779.45,775.69,775.69
780.54,1772686200,781.18,778.01,779.4
780.0,1772686500,781.22,778.63,780.17
780.6,1772686800,781.37,779.41,780.43
782.18,1772687100,783.89,780.55,780.55
784.38,1772687400,786.07,781.53,782.1
785.49,1772687700,787.4,784.29,784.87
787.18,1772688000,788.11,783.74,785.55
784.83,1772688300,787.01,782.85,786.97
786.13,1772688600,786.61,784.83,784.91
782.76,1772688900,786.44,782.4,786.3
784.46,1772689200,784.64,781.34,782.41
783.44,1772689500,785.6,782.97,784.62
784.72,1772689800,786.13,782.86,783.26
785.59,1772690100,787.61,784.69,784.69
785.78,1772690400,787.6,784.77,785.7
784.53,1772690700,786.57,783.06,785.78
787.75,1772691000,787.75,784.34,784.58
790.08,1772691300,790.39,786.91,787.82
789.14,1772691600,790.62,788.84,790.23
791.66,1772691900,793.92,788.88,789.24
793.7,1772692200,794.05,791.32,791.37
791.86,1772692500,794.35,791.05,793.7
788.59,1772692800,792.32,788.28,791.9
790.18,1772693100,790.18,787.14,788.3
787.11,1772693400,791.6,787.11,790.19
786.55,1772693700,787.99,784.84,787.39
785.5,1772694000,787.5,785.5,786.49
781.11,1772694300,785.33,779.91,785.33
782.63,1772694600,784.99,780.01,781.22
782.73,1772694900,783.78,781.05,782.72
782.12,1772695200,783.6,781.71,782.87
783.13,1772695500,785.47,782.26,782.26
782.0,1772695800,785.09,781.63,782.86
779.03,1772696100,782.57,779.03,782.06
776.52,1772696400,780.25,775.88,779.04
780.76,1772696700,781.98,775.65,776.6
780.37,1772697000,781.78,780.06,780.83
778.44,1772697300,781.39,777.28,780.41
778.49,1772697600,780.36,777.91,778.36
778.19,1772697900,779.38,777.33,778.46
779.08,1772698200,780.05,777.1,778.23
777.31,1772698500,778.91,774.23,778.73
778.85,1772698800,780.41,777.08,777.31
776.81,1772699100,779.31,776.79,778.82
777.48,1772699400,778.14,775.37,776.67
779.28,1772699700,779.93,776.22,777.34
779.62,1772700000,780.99,777.88,779.43
777.57,1772700300,780.6,776.53,779.44
772.1,1772700600,778.0,771.71,777.47
773.65,1772700900,773.96,771.32,772.45
773.86,1772701200,775.46,771.45,773.43
775.26,1772701500,776.21,773.62,773.91
774.38,1772701800,776.03,774.15,775.18
775.36,1772702100,775.76,773.24,774.31
771.68,1772702400,777.19,771.45,774.88
770.43,1772702700,772.18,768.43,771.52
772.6,1772703000,772.72,770.45,770.48
773.27,1772703300,773.27,769.44,772.82
775.89,1772703600,778.09,773.1,773.48
777.54,1772703900,777.54,774.08,775.86
774.35,1772704200,777.76,774.35,777.75
778.26,1772704500,778.5,774.04,774.04
776.16,1772704800,778.16,774.99,778.16
775.82,1772705100,778.03,775.05,776.23
777.92,1772705400,778.85,774.22,775.56
775.17,1772705700,778.68,774.5,778.14
777.34,1772706000,777.35,774.47,775.0
777.13,1772706300,778.45,775.77,777.18
777.5,1772706600,779.27,776.21,776.98
777.85,1772706900,780.65,776.77,777.41
774.45,1772707200,777.74,774.04,777.43
773.82,1772707500,774.8,772.39,774.4
772.19,1772707800,774.29,771.3,773.76
771.46,1772708100,773.42,770.68,772.07
774.17,1772708400,775.26,770.8,771.38
778.62,1772708700,778.62,773.24,774.35
781.45,1772709000,782.57,777.99,778.44
786.14,1772709300,787.29,780.8,781.87
790.96,1772709600,790.96,785.08,785.82
787.95,1772709900,791.7,786.57,791.06
786.78,1772710200,787.95,783.92,787.7
