close,epoch,high,low,open
5034.181,1772295600,5035.761,5034.173,5035.201
5035.019,1772295900,5035.229,5033.621,5034.238
5036.562,1772296200,5037.268,5034.391,5035.068
5035.305,1772296500,5037.756,5035.144,5036.478
5038.539,1772296800,5038.879,5034.629,5035.39
5039.532,1772297100,5039.532,5038.162,5038.549
5041.09,1772297400,5042.667,5039.107,5039.521
5039.956,1772297700,5041.616,5039.767,5041.005
5039.142,1772298000,5040.111,5039.014,5039.763
5040.646,1772298300,5040.718,5039.147,5039.156
5040.404,1772298600,5042.106,5039.613,5040.624
5039.041,1772298900,5040.605,5038.853,5040.538
5038.067,1772299200,5039.202,5036.498,5039.135
5038.258,1772299500,5039.684,5037.835,5038.239
5039.937,1772299800,5040.194,5037.816,5038.1
5038.976,1772300100,5040.525,5038.976,5039.969
5039.283,1772300400,5041.194,5038.868,5039.146
5038.027,1772300700,5040.465,5037.804,5039.129
5039.801,1772301000,5039.824,5037.389,5037.979
5040.15,1772301300,5040.15,5038.202,5039.725
5042.351,1772301600,5043.381,5040.375,5040.399
5040.571,1772301900,5042.1,5039.505,5041.943
5041.479,1772302200,5043.19,5040.429,5040.684
5043.521,1772302500,5044.035,5041.225,5041.455
5045.449,1772302800,5045.449,5043.484,5043.484
5046.587,1772303100,5047.618,5044.342,5045.479
5046.561,1772303400,5047.604,5046.164,5046.602
5048.893,1772303700,5049.084,5046.328,5046.738
5047.505,1772304000,5049.16,5046.955,5048.994
5047.179,1772304300,5047.691,5046.341,5047.59
5046.01,1772304600,5047.209,5045.417,5047.164
5045.222,1772304900,5046.232,5044.51,5045.966
5044.215,1772305200,5045.839,5043.36,5045.225
5042.55,1772305500,5044.367,5042.55,5044.213
5042.626,1772305800,5043.355,5041.042,5042.591
5041.433,1772306100,5042.748,5040.987,5042.726
5042.978,1772306400,5043.073,5041.057,5041.371
5044.94,1772306700,5045.012,5041.597,5042.909
5046.69,1772307000,5047.214,5044.823,5044.884
5048.969,1772307300,5048.969,5046.301,5046.491
5048.257,1772307600,5049.692,5046.981,5048.873
5048.724,1772307900,5049.696,5047.519,5048.316
5046.622,1772308200,5048.77,5046.543,5048.433
5046.64,1772308500,5048.027,5046.348,5046.603
5045.702,1772308800,5048.132,5045.541,5046.534
5046.205,1772309100,5047.293,5045.548,5045.82
5043.773,1772309400,5046.385,5043.698,5046.087
5043.037,1772309700,5044.992,5042.857,5043.679
5043.37,1772310000,5044.029,5042.469,5042.991
5043.045,1772310300,5044.791,5042.084,5043.542
5041.98,1772310600,5043.665,5041.741,5042.943
5039.848,1772310900,5042.827,5039.544,5041.678
5039.938,1772311200,5039.938,5038.073,5039.839
5040.658,1772311500,5040.982,5039.438,5039.91
5039.522,1772311800,5041.205,5039.12,5040.438
5037.796,1772312100,5039.681,5037.278,5039.541
5039.269,1772312400,5040.116,5037.687,5037.754
5039.881,1772312700,5039.881,5038.388,5039.354
5041.85,1772313000,5042.916,5039.785,5039.785
5041.998,1772313300,5042.514,5040.898,5041.767
5038.727,1772313600,5042.078,5037.237,5041.901
5039.314,1772313900,5040.43,5038.69,5038.69
5041.076,1772314200,5041.546,5038.782,5039.224
5041.576,1772314500,5041.683,5039.464,5040.963
5038.676,1772314800,5041.954,5038.676,5041.684
5035.337,1772315100,5039.218,5035.238,5038.901
5035.441,1772315400,5035.441,5033.83,5035.372
5034.487,1772315700,5036.017,5034.02,5035.352
5034.768,1772316000,5035.663,5033.632,5034.583
5036.946,1772316300,5037.412,5034.138,5034.66
5035.435,1772316600,5037.397,5034.71,5037.07
5035.616,1772316900,5036.917,5034.731,5035.295
5036.02,1772317200,5036.4,5034.441,5035.496
5035.028,1772317500,5036.366,5033.641,5035.922
5036.666,1772317800,5038.132,5035.154,5035.154
5035.033,1772318100,5036.76,5034.813,5036.76
5035.837,1772318400,5037.167,5035.044,5035.077
5035.965,1772318700,5035.967,5033.581,5035.556
5033.806,1772319000,5035.888,5033.148,5035.888
5034.474,1772319300,5035.618,5032.8,5033.824
5036.33,1772319600,5037.267,5034.273,5034.51
5037.693,1772319900,5038.888,5036.158,5036.249
5035.625,1772320200,5037.85,5035.305,5037.776
5034.881,1772320500,5035.873,5033.58,5035.549
5035.881,1772320800,5036.68,5034.341,5034.827
5034.828,1772321100,5036.218,5034.53,5035.995
5034.112,1772321400,5035.052,5032.694,5035.052
5033.838,1772321700,5034.726,5033.153,5034.063
5035.624,1772322000,5035.728,5033.244,5033.74
5035.919,1772322300,5036.666,5035.257,5035.636
5033.822,1772322600,5035.945,5033.16,5035.931
5035.229,1772322900,5035.866,5033.661,5033.825
5034.307,1772323200,5036.235,5033.26,5035.077
5033.874,1772323500,5035.81,5033.485,5034.38
5034.414,1772323800,5035.809,5033.825,5033.847
5035.171,1772324100,5035.658,5034.223,5034.622
5033.148,1772324400,5034.967,5032.833,5034.967
5031.521,1772324700,5033.458,5031.319,5033.352
5030.466,1772325000,5031.522,5028.261,5031.522
5030.473,1772325300,5031.024,5029.382,5030.637
5029.208,1772325600,5032.05,5029.129,5030.616
5027.845,1772325900,5030.024,5027.845,5029.394
5028.917,1772326200,5029.437,5027.942,5027.942
5025.143,1772326500,5029.731,5025.048,5028.874
5027.036,1772326800,5027.036,5025.005,5025.348
5028.142,1772327100,5028.17,5026.011,5027.118
5029.486,1772327400,5030.247,5027.976,5028.104
5029.033,1772327700,5029.522,5026.995,5029.373
5027.389,1772328000,5029.35,5027.389,5029.014
5028.956,1772328300,5029.474,5027.6,5027.6
5030.31,1772328600,5031.514,5028.935,5028.935
5031.854,1772328900,5031.856,5029.7,5030.482
5031.901,1772329200,5032.182,5030.204,5031.871
5030.258,1772329500,5032.072,5029.649,5031.755
5027.216,1772329800,5030.287,5026.245,5030.052
5026.843,1772330100,5027.808,5026.412,5027.252
5024.962,1772330400,5027.239,5024.289,5026.836
5027.075,1772330700,5027.214,5024.716,5024.885
5025.656,1772331000,5027.362,5025.461,5027.048
5027.116,1772331300,5027.141,5025.56,5025.643
5029.759,1772331600,5030.271,5027.139,5027.208
5027.48,1772331900,5029.796,5027.323,5029.796
5025.553,1772332200,5027.755,5025.359,5027.415
5026.938,1772332500,5027.336,5025.041,5025.459
5026.296,1772332800,5027.339,5025.212,5027.021
5025.237,1772333100,5026.974,5025.108,5026.344
5025.785,1772333400,5026.08,5024.514,5025.272
5026.656,1772333700,5027.246,5024.239,5025.867
5025.685,1772334000,5026.934,5025.483,5026.703
5026.263,1772334300,5027.757,5025.58,5025.76
5026.489,1772334600,5027.172,5025.398,5026.35
5027.308,1772334900,5027.56,5025.941,5026.277
5024.371,1772335200,5028.081,5024.361,5027.441
5023.727,1772335500,5025.215,5023.591,5024.425
5022.202,1772335800,5023.753,5021.283,5023.547
5021.543,1772336100,5022.651,5021.543,5022.338
5022.05,1772336400,5022.788,5020.992,5021.476
5021.282,1772336700,5023.069,5020.912,5021.998
5020.005,1772337000,5021.26,5019.24,5021.218
5019.745,1772337300,5020.402,5019.087,5020.135
5019.888,1772337600,5020.024,5017.934,5019.687
5019.578,1772337900,5020.853,5019.127,5019.953
5021.825,1772338200,5022.327,5019.269,5019.595
5018.882,1772338500,5022.104,5018.882,5021.869
5015.703,1772338800,5018.907,5014.461,5018.907
5014.399,1772339100,5015.82,5013.714,5015.711
5014.6,1772339400,5016.024,5013.928,5014.472
5013.829,1772339700,5015.065,5012.705,5014.798
5014.09,1772340000,5016.503,5013.796,5014.028
5012.331,1772340300,5014.257,5011.476,5014.257
5012.326,1772340600,5013.382,5011.414,5012.28
5012.657,1772340900,5013.138,5011.124,5012.362
5012.762,1772341200,5013.193,5011.023,5012.422
5013.701,1772341500,5015.023,5012.613,5012.784
5011.339,1772341800,5014.089,5011.339,5013.91
5010.415,1772342100,5011.415,5008.598,5010.923
5011.245,1772342400,5012.792,5010.376,5010.635
5010.957,1772342700,5012.355,5010.493,5011.145
5012.484,1772343000,5013.304,5011.12,5011.12
5012.887,1772343300,5014.055,5011.986,5012.535
5014.464,1772343600,5015.184,5012.907,5013.081
5016.011,1772343900,5016.364,5013.291,5014.429
5017.152,1772344200,5017.152,5015.356,5015.786
5018.426,1772344500,5019.141,5016.964,5017.118
5020.264,1772344800,5020.505,5017.065,5018.431
5020.283,1772345100,5021.188,5019.752,5020.399
5018.632,1772345400,5020.372,5018.294,5020.263
5019.992,1772345700,5020.504,5018.759,5018.794
5018.959,1772346000,5020.735,5018.882,5019.894
5018.179,1772346300,5019.627,5017.16,5019.019
5017.613,1772346600,5018.671,5017.1,5018.434
5018.602,1772346900,5019.987,5016.478,5017.579
5019.95,1772347200,5020.083,5018.258,5018.544
5021.283,1772347500,5021.687,5019.611,5020.01
5020.522,1772347800,5021.79,5020.092,5021.33
5017.422,1772348100,5020.716,5017.275,5020.41
5016.309,1772348400,5017.68,5015.663,5017.536
5017.053,1772348700,5017.66,5015.931,5016.402
5017.553,1772349000,5018.419,5016.736,5016.9
5015.831,1772349300,5018.011,5015.254,5017.67
5015.514,1772349600,5016.536,5014.085,5015.68
5013.725,1772349900,5015.925,5013.559,5015.757
5012.817,1772350200,5014.333,5012.424,5013.93
5014.136,1772350500,5014.549,5012.063,5012.85
5016.059,1772350800,5016.568,5013.958,5014.048
5015.841,1772351100,5015.859,5014.326,5015.83
5014.543,1772351400,5016.006,5013.468,5015.755
5014.747,1772351700,5015.112,5014.032,5014.665
5017.69,1772352000,5017.69,5014.64,5014.69
5020.971,1772352300,5021.588,5017.167,5017.654
5019.666,1772352600,5021.52,5019.189,5021.392
5020.371,1772352900,5020.985,5019.492,5019.64
5018.969,1772353200,5020.378,5018.599,5020.315
5020.405,1772353500,5020.405,5018.511,5018.94
5019.817,1772353800,5020.635,5019.288,5020.121
5019.537,1772354100,5020.849,5018.73,5019.665
5022.039,1772354400,5022.039,5019.405,5019.483
5025.006,1772354700,5025.671,5021.702,5022.014
5021.517,1772355000,5025.281,5021.517,5024.816
5020.468,1772355300,5021.485,5019.446,5021.485
5021.636,1772355600,5023.348,5020.365,5020.774
5021.707,1772355900,5022.57,5021.054,5021.485
5021.168,1772356200,5022.734,5020.864,5021.705
5022.409,1772356500,5023.534,5020.696,5021.135
5021.413,1772356800,5022.582,5020.578,5022.534
5021.517,1772357100,5021.777,5020.561,5021.417
5018.952,1772357400,5021.492,5018.952,5021.398
5019.108,1772357700,5020.089,5018.473,5018.92
5022.509,1772358000,5022.674,5019.255,5019.277
5019.182,1772358300,5022.839,5018.942,5022.341
5017.572,1772358600,5019.477,5017.367,5019.354
5016.275,1772358900,5018.218,5015.974,5017.637
5019.541,1772359200,5019.747,5015.958,5016.304
5017.182,1772359500,5019.929,5015.832,5019.631
5016.249,1772359800,5017.824,5015.712,5017.451
5016.066,1772360100,5016.49,5014.916,5016.156
5015.23,1772360400,5016.059,5014.751,5015.993
5015.593,1772360700,5016.325,5014.709,5015.449
5015.88,1772361000,5016.368,5015.207,5015.548
5016.68,1772361300,5017.059,5015.75,5016.068
5014.478,1772361600,5017.092,5014.121,5016.634
5014.585,1772361900,5015.667,5014.185,5014.398
5014.73,1772362200,5015.373,5013.175,5014.599
5018.456,1772362500,5019.302,5014.679,5014.753
5017.271,1772362800,5019.436,5016.971,5018.479
5017.228,1772363100,5018.166,5016.904,5017.321
5012.792,1772363400,5017.106,5012.787,5017.106
5015.474,1772363700,5015.839,5012.478,5012.583
5017.038,1772364000,5017.038,5014.459,5015.522
5016.132,1772364300,5017.349,5015.952,5017.107
5015.457,1772364600,5017.024,5015.375,5016.275
5015.36,1772364900,5016.436,5014.502,5015.643
5018.946,1772365200,5019.009,5015.067,5015.501
5017.368,1772365500,5019.89,5017.362,5018.973
5018.501,1772365800,5019.2,5017.064,5017.509
5017.551,1772366100,5019.478,5017.135,5018.445
5017.123,1772366400,5017.645,5016.023,5017.379
5018.335,1772366700,5018.942,5016.523,5017.116
5020.951,1772367000,5020.951,5017.787,5018.189
5019.992,1772367300,5020.966,5019.148,5020.966
5022.392,1772367600,5022.659,5020.088,5020.115
5020.362,1772367900,5022.875,5020.002,5022.487
5017.516,1772368200,5020.264,5017.217,5020.234
5018.47,1772368500,5018.496,5017.39,5017.526
5019.16,1772368800,5019.8,5018.241,5018.554
5017.142,1772369100,5021.058,5016.841,5019.265
5018.583,1772369400,5019.667,5016.945,5017.009
5018.552,1772369700,5020.339,5018.197,5018.646
5020.249,1772370000,5020.545,5018.44,5018.44
5020.825,1772370300,5020.917,5019.509,5020.159
5020.609,1772370600,5020.739,5018.65,5020.694
5019.815,1772370900,5020.669,5019.274,5020.669
5018.203,1772371200,5019.992,5017.177,5019.771
5018.47,1772371500,5019.396,5017.842,5018.255
5017.29,1772371800,5018.759,5017.179,5018.381
5017.609,1772372100,5018.594,5016.732,5017.346
5017.525,1772372400,5018.535,5016.857,5017.634
5018.185,1772372700,5019.549,5017.208,5017.362
5017.016,1772373000,5018.402,5016.99,5018.402
5014.828,1772373300,5017.402,5014.828,5016.926
5013.222,1772373600,5015.316,5013.208,5014.829
5012.688,1772373900,5014.287,5012.227,5013.222
5010.525,1772374200,5013.234,5009.738,5012.788
5012.018,1772374500,5012.97,5009.657,5010.485
5012.884,1772374800,5014.04,5010.996,5012.12
5016.292,1772375100,5016.54,5012.814,5012.916
5017.87,1772375400,5017.9,5015.587,5016.317
5016.785,1772375700,5019.332,5016.683,5018.151
5022.157,1772376000,5022.213,5016.569,5016.569
5020.768,1772376300,5022.691,5020.014,5022.232
5022.319,1772376600,5022.431,5019.08,5021.009
5020.599,1772376900,5022.728,5020.432,5022.507
5021.686,1772377200,5022.224,5020.26,5020.372
5021.088,1772377500,5023.438,5020.932,5021.831
5018.975,1772377800,5021.592,5018.485,5021.302
5016.28,1772378100,5019.675,5015.92,5019.103
5015.898,1772378400,5017.088,5015.341,5016.439
5016.782,1772378700,5017.245,5015.639,5015.759
5016.197,1772379000,5017.301,5015.631,5016.653
5016.242,1772379300,5017.261,5015.278,5016.153
5017.768,1772379600,5019.956,5016.314,5016.314
5016.45,1772379900,5018.594,5016.45,5017.727
5017.695,1772380200,5018.39,5015.439,5016.094
5018.325,1772380500,5018.853,5016.412,5017.626
5017.385,1772380800,5018.467,5016.178,5018.317
5017.355,1772381100,5017.827,5016.122,5017.153
5017.127,1772381400,5018.611,5016.602,5017.445
5019.179,1772381700,5019.636,5017.056,5017.171
5016.489,1772382000,5019.079,5015.64,5018.963
5014.444,1772382300,5016.56,5013.937,5016.502
5014.389,1772382600,5014.611,5013.052,5014.355
5013.798,1772382900,5014.465,5012.005,5014.455
5012.451,1772383200,5015.198,5012.286,5013.639
5011.959,1772383500,5013.461,5011.703,5012.296
5012.247,1772383800,5012.823,5011.503,5011.739
5013.807,1772384100,5014.011,5011.858,5012.279
5013.762,1772384400,5014.747,5012.997,5013.797
5013.045,1772384700,5014.149,5012.717,5013.786
5014.164,1772385000,5014.443,5012.198,5012.935
5012.924,1772385300,5014.866,5012.499,5014.064
5014.016,1772385600,5014.211,5012.917,5012.917
5012.823,1772385900,5014.093,5011.579,5014.093
5012.939,1772386200,5013.853,5011.98,5012.922
5012.969,1772386500,5013.33,5011.965,5012.921
5013.431,1772386800,5013.631,5012.148,5012.823
5011.646,1772387100,5014.464,5011.646,5013.498
5010.241,1772387400,5011.931,5009.949,5011.499
5010.645,1772387700,5010.702,5009.183,5010.381
5008.29,1772388000,5010.867,5007.355,5010.653
5007.406,1772388300,5009.536,5007.173,5008.375
5006.088,1772388600,5007.485,5005.625,5007.485
5007.291,1772388900,5007.841,5005.977,5006.035
5006.668,1772389200,5008.356,5006.474,5007.444
5005.86,1772389500,5006.903,5005.516,5006.563
5003.756,1772389800,5005.974,5003.193,5005.861
5004.564,1772390100,5004.816,5003.138,5003.85
5002.82,1772390400,5004.835,5002.118,5004.409
5000.461,1772390700,5002.67,5000.244,5002.524
4999.1,1772391000,5000.71,4998.842,5000.525
4999.938,1772391300,4999.938,4998.093,4999.372
4998.798,1772391600,5000.368,4997.72,4999.901
4997.847,1772391900,4999.939,4997.389,4998.729
4995.847,1772392200,4998.078,4995.676,4997.871
4991.458,1772392500,4995.725,4990.76,4995.619
4993.7,1772392800,4993.779,4991.412,4991.412
4994.786,1772393100,4996.234,4993.422,4993.696
4996.164,1772393400,4996.655,4994.717,4994.717
4998.04,1772393700,4998.298,4995.308,4996.096
4995.302,1772394000,4998.048,4995.302,4997.995
4996.423,1772394300,4996.436,4995.044,4995.339
4997.968,1772394600,4997.968,4996.2,4996.497
4999.501,1772394900,4999.644,4996.977,4998.049
4998.854,1772395200,4999.983,4998.61,4999.569
5000.624,1772395500,5000.67,4998.963,4998.963
5002.713,1772395800,5002.951,5000.431,5000.597
5001.987,1772396100,5003.056,5001.308,5002.687
5003.671,1772396400,5003.858,5002.011,5002.243
5002.681,1772396700,5004.61,5002.259,5003.823
5004.957,1772397000,5004.957,5002.301,5002.46
5004.774,1772397300,5005.267,5004.014,5004.943
5002.842,1772397600,5005.15,5002.597,5004.748
5003.495,1772397900,5005.306,5002.662,5002.662
5004.334,1772398200,5004.834,5002.695,5003.373
5004.689,1772398500,5005.167,5003.47,5004.247
5007.44,1772398800,5008.578,5004.45,5004.744
5007.295,1772399100,5007.719,5006.37,5007.37
5008.774,1772399400,5008.848,5006.951,5007.112
5009.117,1772399700,5009.712,5008.619,5008.98
5011.479,1772400000,5011.543,5008.094,5009.235
5012.092,1772400300,5012.942,5011.474,5011.491
5010.468,1772400600,5012.332,5009.895,5012.063
5011.334,1772400900,5011.518,5009.93,5010.446
5008.881,1772401200,5011.652,5008.451,5011.201
5007.304,1772401500,5009.353,5007.232,5008.763
5007.295,1772401800,5007.955,5005.602,5007.439
5006.179,1772402100,5007.435,5004.931,5007.406
5007.398,1772402400,5007.849,5005.806,5006.278
5007.923,1772402700,5008.413,5007.06,5007.444
5009.605,1772403000,5009.605,5007.365,5007.948
5008.285,1772403300,5010.824,5008.264,5009.659
5008.619,1772403600,5008.808,5006.445,5008.249
5006.858,1772403900,5010.075,5006.858,5008.665
5007.84,1772404200,5008.101,5005.956,5006.834
5007.614,1772404500,5008.479,5006.716,5007.555
5009.974,1772404800,5010.322,5007.671,5007.746
5009.028,1772405100,5010.504,5008.669,5009.812
5008.501,1772405400,5009.777,5008.225,5009.085
5009.91,1772405700,5010.262,5007.445,5008.321
5010.107,1772406000,5011.967,5009.604,5009.657
5012.386,1772406300,5013.065,5009.847,5010.018
5011.403,1772406600,5012.712,5011.095,5012.347
5011.771,1772406900,5012.104,5010.364,5011.481
5008.972,1772407200,5011.604,5008.115,5011.483
5010.388,1772407500,5010.783,5008.606,5008.946
5010.647,1772407800,5011.04,5008.278,5010.445
5010.71,1772408100,5011.164,5010.143,5010.683
5011.085,1772408400,5012.445,5010.557,5010.851
5011.259,1772408700,5011.458,5009.121,5011.31
5011.815,1772409000,5012.413,5010.902,5011.444
5011.272,1772409300,5012.291,5010.98,5011.588
5012.194,1772409600,5012.28,5010.736,5011.327
5013.427,1772409900,5013.723,5011.776,5012.002
5012.524,1772410200,5013.317,5011.454,5013.317
5010.471,1772410500,5013.121,5009.923,5012.669
5009.77,1772410800,5011.62,5009.77,5010.632
5012.341,1772411100,5012.454,5009.106,5009.855
5010.922,1772411400,5012.212,5009.85,5012.212
5010.478,1772411700,5010.956,5009.537,5010.956
5012.063,1772412000,5012.314,5009.859,5010.427
5012.435,1772412300,5013.231,5011.894,5012.142
5015.721,1772412600,5016.497,5012.383,5012.383
5016.184,1772412900,5017.134,5015.692,5015.904
5016.466,1772413200,5017.142,5015.216,5016.332
5018.82,1772413500,5018.999,5015.79,5016.396
5017.595,1772413800,5019.2,5017.595,5018.808
5018.278,1772414100,5018.409,5016.083,5017.544
5020.255,1772414400,5020.255,5018.381,5018.381
5019.489,1772414700,5020.802,5018.978,5020.364
5017.173,1772415000,5019.502,5017.173,5019.502
5014.254,1772415300,5017.171,5014.124,5017.142
5015.419,1772415600,5015.419,5012.538,5014.181
5015.676,1772415900,5016.049,5014.748,5015.218
5016.047,1772416200,5016.553,5015.318,5015.627
5016.054,1772416500,5017.197,5015.434,5016.338
5016.274,1772416800,5017.803,5015.995,5016.039
5018.238,1772417100,5018.25,5016.252,5016.28
5016.417,1772417400,5018.6,5015.872,5018.397
5017.77,1772417700,5018.071,5015.721,5016.55
5018.289,1772418000,5019.264,5017.411,5017.611
5017.893,1772418300,5019.16,5017.893,5018.131
5018.018,1772418600,5018.77,5017.199,5017.752
5017.865,1772418900,5019.562,5017.548,5018.125
5019.615,1772419200,5019.624,5017.624,5017.948
5022.228,1772419500,5023.207,5019.567,5019.805
5021.412,1772419800,5022.797,5020.512,5022.267
5021.208,1772420100,5022.282,5020.7,5021.554
5022.968,1772420400,5023.219,5021.328,5021.547
5021.984,1772420700,5022.984,5021.362,5022.95
5023.157,1772421000,5023.46,5021.571,5022.268
5021.736,1772421300,5023.413,5019.851,5023.126
5018.117,1772421600,5021.787,5018.043,5021.742
5014.69,1772421900,5018.553,5014.532,5017.978
5015.725,1772422200,5015.998,5014.313,5014.752
5017.695,1772422500,5018.41,5015.702,5015.702
5017.627,1772422800,5018.363,5016.524,5017.584
5016.275,1772423100,5018.264,5015.627,5017.693
5016.571,1772423400,5017.032,5015.517,5016.076
5015.344,1772423700,5016.703,5014.959,5016.471
5015.535,1772424000,5016.409,5014.548,5015.445
5020.382,1772424300,5020.65,5015.64,5015.64
5020.868,1772424600,5021.546,5019.793,5020.321
5020.342,1772424900,5021.086,5019.678,5020.922
5019.284,1772425200,5021.539,5019.284,5020.328
5018.908,1772425500,5020.059,5018.375,5019.481
5018.288,1772425800,5019.186,5018.181,5018.793
5015.686,1772426100,5018.273,5014.594,5018.273
5017.768,1772426400,5018.019,5015.772,5015.772
5018.604,1772426700,5019.063,5017.342,5017.933
5017.733,1772427000,5019.985,5017.043,5018.739
5019.024,1772427300,5019.512,5016.717,5017.95
5016.728,1772427600,5019.167,5016.13,5019.099
5017.562,1772427900,5017.682,5015.428,5016.751
5015.83,1772428200,5019.063,5015.139,5017.646
5013.228,1772428500,5015.989,5013.12,5015.989
5012.303,1772428800,5013.836,5011.728,5013.099
5011.901,1772429100,5013.02,5011.597,5012.29
5015.045,1772429400,5015.117,5011.467,5011.797
5015.602,1772429700,5015.66,5014.011,5015.052
5013.318,1772430000,5015.724,5012.59,5015.724
5013.747,1772430300,5014.356,5012.792,5013.541
5013.437,1772430600,5015.18,5013.156,5014.056
5015.721,1772430900,5015.721,5012.734,5013.409
5014.115,1772431200,5016.746,5014.008,5015.578
5014.421,1772431500,5015.044,5013.392,5014.185
5015.896,1772431800,5015.896,5013.954,5014.482
5018.395,1772432100,5018.598,5015.487,5015.751
5019.164,1772432400,5019.411,5017.914,5018.666
5018.436,1772432700,5020.466,5018.369,5018.95
5016.518,1772433000,5018.527,5016.284,5018.282
5018.092,1772433300,5018.196,5015.142,5016.67
5018.128,1772433600,5019.146,5017.21,5017.924
5016.846,1772433900,5019.135,5016.737,5018.136
5016.754,1772434200,5018.403,5016.29,5016.677
5016.338,1772434500,5017.31,5015.106,5017.001
5017.322,1772434800,5017.438,5015.928,5016.326
5017.104,1772435100,5018.227,5016.753,5017.456
5016.266,1772435400,5017.482,5016.164,5017.112
5015.141,1772435700,5016.837,5014.77,5016.4
5013.095,1772436000,5014.964,5012.723,5014.917
5013.522,1772436300,5014.363,5012.115,5013.004
5014.648,1772436600,5015.301,5012.909,5013.689
5015.724,1772436900,5015.949,5014.327,5014.632
5017.276,1772437200,5017.517,5014.792,5015.692
5017.35,1772437500,5018.037,5016.533,5017.178
5019.323,1772437800,5019.768,5016.766,5017.394
5020.425,1772438100,5020.681,5017.851,5019.18
5020.527,1772438400,5021.829,5019.735,5020.462
5017.626,1772438700,5020.778,5017.626,5020.492
5017.93,1772439000,5019.589,5017.209,5017.666
5017.863,1772439300,5018.365,5015.708,5017.857
5016.538,1772439600,5018.761,5016.515,5017.847
5015.048,1772439900,5016.27,5013.917,5016.27
5017.494,1772440200,5017.925,5015.183,5015.183
5017.255,1772440500,5019.188,5016.605,5017.467
5017.166,1772440800,5017.636,5015.958,5017.265
5017.45,1772441100,5017.891,5015.946,5017.224
5020.904,1772441400,5020.904,5016.826,5017.412
5020.685,1772441700,5021.68,5020.039,5020.893
5017.823,1772442000,5020.761,5017.457,5020.723
5016.109,1772442300,5017.978,5015.552,5017.801
5016.913,1772442600,5017.208,5015.09,5016.268
5016.295,1772442900,5016.97,5014.993,5016.905
5016.769,1772443200,5017.376,5016.039,5016.505
5016.942,1772443500,5017.235,5015.249,5016.767
5020.069,1772443800,5020.78,5016.805,5016.805
5020.301,1772444100,5021.282,5019.16,5020.121
5023.266,1772444400,5023.472,5020.133,5020.452
5022.087,1772444700,5023.958,5021.016,5023.395
5024.593,1772445000,5024.702,5021.28,5022.185
5027.784,1772445300,5028.149,5024.396,5024.497
5027.683,1772445600,5028.159,5026.529,5027.686
5027.883,1772445900,5028.145,5026.153,5027.661
5027.607,1772446200,5028.383,5026.47,5027.942
5029.353,1772446500,5029.386,5027.15,5027.53
5026.798,1772446800,5029.42,5026.663,5029.182
5025.364,1772447100,5026.997,5024.763,5026.662
5025.553,1772447400,5026.282,5024.838,5025.244
5026.567,1772447700,5026.689,5024.719,5025.615
5024.892,1772448000,5026.823,5023.775,5026.697
5027.599,1772448300,5027.734,5024.775,5025.011
5027.155,1772448600,5028.137,5026.182,5027.604
5028.81,1772448900,5028.907,5026.762,5027.338
5027.421,1772449200,5029.312,5027.148,5028.918
5027.225,1772449500,5028.359,5026.81,5027.462
5026.717,1772449800,5028.172,5025.949,5027.444
5025.149,1772450100,5028.056,5025.149,5026.775
5027.193,1772450400,5027.473,5024.933,5025.035
5028.871,1772450700,5028.893,5027.001,5027.193
5026.916,1772451000,5029.394,5026.741,5028.928
5025.287,1772451300,5027.035,5024.581,5026.864
5026.376,1772451600,5028.202,5025.271,5025.303
5026.058,1772451900,5026.765,5025.053,5026.231
5027.166,1772452200,5027.684,5024.218,5025.93
5025.514,1772452500,5027.381,5024.557,5027.189
5027.116,1772452800,5027.383,5025.446,5025.589
5027.816,1772453100,5028.86,5026.448,5027.186
5026.131,1772453400,5028.212,5026.131,5027.755
5029.791,1772453700,5029.881,5025.664,5025.918
5029.734,1772454000,5031.036,5029.361,5029.957
5027.837,1772454300,5030.439,5027.04,5029.883
5027.247,1772454600,5028.581,5027.051,5027.783
5028.247,1772454900,5028.778,5026.781,5027.127
5025.718,1772455200,5028.151,5025.441,5028.08
5023.219,1772455500,5025.856,5023.167,5025.628
5023.772,1772455800,5025.001,5023.036,5023.31
5023.483,1772456100,5024.609,5022.827,5023.697
5019.727,1772456400,5023.781,5019.64,5023.579
5020.518,1772456700,5020.996,5019.488,5019.742
5022.386,1772457000,5022.936,5020.362,5020.511
5023.479,1772457300,5024.484,5022.339,5022.576
5022.074,1772457600,5023.76,5021.828,5023.503
5020.83,1772457900,5022.91,5020.467,5022.128
5021.804,1772458200,5022.472,5020.608,5020.701
5019.874,1772458500,5022.022,5019.19,5021.827
5018.406,1772458800,5020.436,5017.785,5020.051
5016.935,1772459100,5018.488,5016.646,5018.194
5016.071,1772459400,5017.99,5016.071,5016.948
5016.605,1772459700,5017.911,5015.291,5016.239
5016.274,1772460000,5017.318,5015.938,5016.434
5015.918,1772460300,5017.976,5015.331,5016.399
5017.432,1772460600,5018.334,5015.706,5015.706
5016.233,1772460900,5017.682,5015.379,5017.199
5014.111,1772461200,5016.683,5013.966,5015.996
5013.503,1772461500,5014.748,5012.595,5014.076
5010.717,1772461800,5013.616,5010.487,5013.564
5012.656,1772462100,5013.189,5009.78,5010.784
5013.448,1772462400,5013.697,5012.067,5012.51
5016.258,1772462700,5016.452,5013.3,5013.497
5016.888,1772463000,5017.013,5014.83,5016.19
5017.031,1772463300,5017.246,5015.642,5016.834
5014.817,1772463600,5017.93,5014.698,5017.3
5017.281,1772463900,5017.924,5014.451,5014.708
5018.223,1772464200,5019.137,5016.817,5017.397
5018.012,1772464500,5018.704,5016.738,5018.326
5017.67,1772464800,5018.553,5016.51,5018.012
5016.218,1772465100,5017.992,5016.114,5017.706
5014.354,1772465400,5016.11,5013.955,5016.064
5016.215,1772465700,5016.829,5013.91,5014.206
5017.814,1772466000,5017.814,5015.996,5016.083
5018.083,1772466300,5018.59,5017.502,5017.818
5014.656,1772466600,5018.082,5014.546,5018.082
5013.658,1772466900,5014.644,5012.963,5014.642
5015.772,1772467200,5015.772,5013.007,5013.703
5013.677,1772467500,5016.635,5013.465,5015.868
5011.62,1772467800,5013.77,5011.238,5013.694
5011.975,1772468100,5012.979,5011.24,5011.479
5011.31,1772468400,5013.73,5011.028,5012.078
5012.38,1772468700,5013.111,5011.314,5011.314
5012.996,1772469000,5014.2,5012.532,5012.541
5011.013,1772469300,5013.119,5010.827,5013.071
5012.329,1772469600,5012.855,5010.077,5010.914
5010.404,1772469900,5012.68,5010.404,5012.302
5008.398,1772470200,5010.634,5008.398,5010.301
5010.38,1772470500,5010.724,5008.234,5008.277
5014.413,1772470800,5014.611,5010.271,5010.271
5015.644,1772471100,5016.189,5014.08,5014.34
5015.12,1772471400,5016.382,5015.12,5015.714
5015.809,1772471700,5016.464,5014.979,5015.164
5016.385,1772472000,5016.703,5015.312,5015.82
5016.933,1772472300,5016.988,5014.234,5016.414
5017.24,1772472600,5017.521,5015.917,5017.04
5015.534,1772472900,5017.746,5015.534,5017.234
5014.104,1772473200,5015.744,5013.881,5015.466
5013.544,1772473500,5014.641,5012.791,5013.968
5014.021,1772473800,5015.585,5012.234,5013.421
5013.673,1772474100,5014.739,5012.935,5014.01
5012.54,1772474400,5014.719,5012.195,5013.816
5013.045,1772474700,5013.44,5012.063,5012.655
5014.809,1772475000,5015.087,5012.786,5013.063
5014.931,1772475300,5015.8,5014.443,5014.779
5015.251,1772475600,5016.164,5014.666,5015.097
5012.479,1772475900,5015.336,5012.413,5015.336
5007.685,1772476200,5012.353,5007.459,5012.353
5007.936,1772476500,5008.22,5006.445,5007.585
5006.54,1772476800,5008.965,5005.721,5007.931
5007.196,1772477100,5007.801,5005.89,5006.405
5007.52,1772477400,5007.874,5006.402,5007.144
5007.3,1772477700,5008.126,5006.495,5007.381
5007.928,1772478000,5009.039,5006.737,5007.424
5008.838,1772478300,5008.838,5006.623,5007.828
5007.199,1772478600,5009.096,5006.359,5008.797
5005.765,1772478900,5008.201,5005.765,5007.165
5005.887,1772479200,5006.693,5004.832,5005.771
5010.131,1772479500,5010.131,5005.43,5005.839
5011.233,1772479800,5011.233,5008.995,5009.95
5012.777,1772480100,5013.21,5010.203,5011.165
5012.581,1772480400,5013.626,5011.928,5012.753
5011.018,1772480700,5012.485,5009.958,5012.485
5011.594,1772481000,5011.68,5009.837,5011.063
5011.46,1772481300,5011.974,5009.364,5011.558
5012.405,1772481600,5012.659,5010.197,5011.53
5014.25,1772481900,5014.453,5012.343,5012.368
5012.962,1772482200,5014.215,5012.497,5014.215
5012.976,1772482500,5014.473,5012.665,5012.954
5011.374,1772482800,5013.353,5010.908,5013.075
5011.972,1772483100,5012.112,5009.949,5011.427
5013.662,1772483400,5013.789,5010.466,5011.872
5015.185,1772483700,5015.449,5013.275,5013.643
5015.73,1772484000,5016.645,5014.575,5015.196
5012.439,1772484300,5016.289,5012.439,5015.873
5011.09,1772484600,5012.486,5010.782,5012.481
5013.368,1772484900,5013.818,5011.006,5011.187
5013.831,1772485200,5014.225,5012.522,5013.251
5013.916,1772485500,5014.321,5012.684,5014.007
5013.563,1772485800,5014.338,5012.529,5013.897
5014.732,1772486100,5014.732,5012.689,5013.768
5013.45,1772486400,5014.642,5013.379,5014.642
5014.411,1772486700,5015.144,5012.934,5013.44
5014.18,1772487000,5015.391,5014.014,5014.588
5013.055,1772487300,5014.554,5012.13,5014.003
5013.566,1772487600,5013.94,5012.332,5013.018
5012.609,1772487900,5013.985,5011.373,5013.478
5010.813,1772488200,5012.976,5010.68,5012.58
5013.036,1772488500,5013.28,5010.69,5010.817
5009.956,1772488800,5012.984,5009.588,5012.984
5010.764,1772489100,5010.764,5008.662,5009.948
5011.006,1772489400,5011.924,5010.077,5010.705
5009.971,1772489700,5010.993,5008.734,5010.968
5014.106,1772490000,5014.289,5009.781,5009.986
5015.712,1772490300,5015.721,5013.058,5014.094
5016.679,1772490600,5016.679,5014.708,5015.813
5016.135,1772490900,5017.691,5015.657,5016.69
5016.124,1772491200,5016.627,5015.586,5016.344
5015.975,1772491500,5016.342,5013.418,5016.243
5014.647,1772491800,5016.423,5013.878,5016.135
5013.447,1772492100,5015.272,5012.824,5014.606
5012.321,1772492400,5014.776,5011.891,5013.513
5011.428,1772492700,5013.413,5011.22,5012.491
5010.073,1772493000,5012.271,5009.559,5011.324
5011.664,1772493300,5012.438,5009.698,5010.137
5010.992,1772493600,5011.7,5010.516,5011.566
5011.437,1772493900,5011.437,5009.28,5010.977
5012.9,1772494200,5014.509,5011.413,5011.45
5011.736,1772494500,5012.99,5010.943,5012.848
5011.81,1772494800,5012.573,5010.174,5011.831
5010.423,1772495100,5012.042,5009.678,5011.697
5010.074,1772495400,5011.069,5009.797,5010.312
5008.266,1772495700,5010.362,5008.266,5009.991
5010.328,1772496000,5011.74,5008.429,5008.429
5010.947,1772496300,5012.461,5010.248,5010.438
5008.183,1772496600,5010.818,5008.183,5010.818
5008.032,1772496900,5008.541,5006.375,5008.314
5007.387,1772497200,5009.646,5006.675,5008.139
5008.275,1772497500,5008.62,5006.962,5007.237
5007.859,1772497800,5008.689,5007.254,5008.162
5008.804,1772498100,5009.138,5007.459,5007.779
5010.262,1772498400,5010.262,5008.3,5008.734
5008.271,1772498700,5010.857,5008.202,5010.268
5007.692,1772499000,5009.451,5007.603,5008.387
5005.607,1772499300,5007.713,5005.243,5007.658
5001.785,1772499600,5005.492,5001.454,5005.492
5002.112,1772499900,5002.662,5000.899,5001.943
5002.411,1772500200,5002.927,5001.812,5002.168
5003.717,1772500500,5004.546,5002.341,5002.458
5002.582,1772500800,5004.796,5001.434,5003.689
5000.541,1772501100,5002.481,4999.73,5002.481
4998.949,1772501400,5000.555,4998.521,5000.46
4996.648,1772501700,4999.178,4996.36,4999.02
4994.086,1772502000,4996.751,4993.6,4996.55
4996.695,1772502300,4997.126,4993.798,4994.067
4998.469,1772502600,4998.536,4996.702,4996.865
4999.479,1772502900,4999.81,4997.944,4998.495
4999.517,1772503200,4999.981,4998.063,4999.414
5000.969,1772503500,5002.38,4999.508,4999.714
5003.03,1772503800,5003.587,5000.535,5000.69
5001.412,1772504100,5003.498,5001.165,5003.065
5000.941,1772504400,5001.874,5000.525,5001.224
5002.237,1772504700,5003.54,5000.661,5000.809
5003.068,1772505000,5003.56,5002.227,5002.227
5004.295,1772505300,5004.403,5001.472,5002.961
5006.223,1772505600,5006.818,5004.298,5004.444
5008.158,1772505900,5008.161,5005.503,5006.105
5010.846,1772506200,5010.846,5007.907,5008.235
5008.937,1772506500,5010.895,5008.22,5010.895
5007.977,1772506800,5009.239,5007.485,5008.655
5005.438,1772507100,5008.203,5005.438,5007.968
5005.077,1772507400,5006.619,5004.731,5005.366
5004.999,1772507700,5006.475,5004.503,5004.887
5002.749,1772508000,5004.963,5002.012,5004.963
5002.371,1772508300,5002.701,5001.279,5002.701
5002.673,1772508600,5002.823,5001.105,5002.296
5004.775,1772508900,5005.249,5001.729,5002.67
5003.931,1772509200,5004.95,5003.176,5004.688
5005.262,1772509500,5006.336,5003.865,5003.888
5002.725,1772509800,5005.611,5002.725,5005.382
5003.855,1772510100,5004.583,5002.163,5002.641
5003.587,1772510400,5004.147,5002.972,5003.917
5005.331,1772510700,5006.528,5003.526,5003.536
5008.754,1772511000,5009.093,5005.144,5005.462
5008.113,1772511300,5009.068,5006.343,5008.888
5005.983,1772511600,5009.327,5005.983,5008.145
5006.879,1772511900,5007.895,5005.446,5005.918
5006.254,1772512200,5007.521,5005.91,5006.934
5006.927,1772512500,5008.286,5006.249,5006.481
5008.922,1772512800,5008.922,5005.729,5006.832
5005.787,1772513100,5009.594,5004.676,5009.053
5004.58,1772513400,5005.956,5004.039,5005.664
5004.369,1772513700,5004.693,5002.836,5004.197
5005.624,1772514000,5005.659,5002.774,5004.176
5004.089,1772514300,5005.898,5003.476,5005.711
5003.504,1772514600,5005.132,5003.337,5003.956
5005.954,1772514900,5005.994,5003.254,5003.516
5008.018,1772515200,5008.251,5004.592,5006.15
5009.075,1772515500,5009.362,5007.144,5008.281
5007.38,1772515800,5009.094,5006.252,5008.757
5008.663,1772516100,5009.152,5006.91,5007.533
5008.674,1772516400,5010.228,5008.548,5008.818
5010.42,1772516700,5010.594,5008.398,5008.759
5011.645,1772517000,5012.059,5010.169,5010.304
5010.842,1772517300,5012.336,5009.669,5011.768
5011.74,1772517600,5011.74,5009.973,5010.781
5012.739,1772517900,5013.406,5011.333,5011.819
5009.955,1772518200,5013.805,5009.903,5012.947
5009.614,1772518500,5011.103,5008.715,5009.87
5012.121,1772518800,5013.429,5009.57,5009.614
5012.426,1772519100,5013.86,5012.023,5012.172
5013.261,1772519400,5014.204,5012.557,5012.557
5014.08,1772519700,5014.38,5013.122,5013.224
5013.976,1772520000,5015.148,5013.487,5013.974
5014.179,1772520300,5014.768,5013.162,5014.125
5015.898,1772520600,5016.196,5013.864,5014.143
5014.248,1772520900,5016.102,5012.38,5016.027
5015.898,1772521200,5016.339,5013.503,5013.987
5015.344,1772521500,5016.971,5015.344,5015.96
5014.507,1772521800,5015.782,5014.195,5015.357
5013.483,1772522100,5015.875,5013.483,5014.43
5013.498,1772522400,5014.392,5012.814,5013.55
5013.544,1772522700,5013.914,5012.221,5013.277
5015.366,1772523000,5015.822,5013.749,5013.749
5015.983,1772523300,5017.525,5015.238,5015.589
5017.436,1772523600,5017.669,5015.358,5015.785
5015.761,1772523900,5018.17,5015.143,5017.403
5013.527,1772524200,5015.795,5013.487,5015.639
5012.34,1772524500,5014.449,5012.34,5013.568
5010.417,1772524800,5012.632,5009.613,5012.227
5008.684,1772525100,5010.646,5007.616,5010.419
5008.369,1772525400,5008.846,5007.479,5008.674
5011.47,1772525700,5011.548,5007.554,5008.33
5011.36,1772526000,5012.05,5010.878,5011.48
5011.059,1772526300,5011.852,5010.822,5011.476
5009.136,1772526600,5011.593,5009.136,5010.99
5011.92,1772526900,5012.491,5008.533,5008.853
5010.34,1772527200,5012.069,5009.322,5011.922
5008.889,1772527500,5010.644,5008.889,5010.518
5008.684,1772527800,5011.368,5008.19,5008.843
5009.937,1772528100,5010.446,5008.678,5008.678
5012.449,1772528400,5012.601,5009.626,5009.84
5010.161,1772528700,5013.476,5010.042,5012.552
5010.462,1772529000,5010.872,5009.629,5010.029
5011.845,1772529300,5012.437,5009.077,5010.285
5010.943,1772529600,5012.002,5010.106,5011.89
5007.353,1772529900,5010.78,5006.833,5010.78
5011.185,1772530200,5011.752,5007.062,5007.274
5009.524,1772530500,5011.451,5009.228,5011.05
5010.094,1772530800,5011.46,5009.083,5009.346
5010.378,1772531100,5010.868,5009.451,5010.132
5007.689,1772531400,5010.398,5007.287,5010.353
5007.945,1772531700,5009.207,5007.945,5008.066
5006.871,1772532000,5008.212,5006.795,5007.823
5007.825,1772532300,5008.966,5006.598,5006.703
5007.215,1772532600,5008.389,5007.14,5007.9
5006.875,1772532900,5007.277,5005.772,5007.121
5007.473,1772533200,5008.088,5006.777,5006.883
5009.215,1772533500,5010.264,5007.616,5007.616
5011.331,1772533800,5011.972,5009.156,5009.396
5010.771,1772534100,5011.728,5010.557,5011.021
5009.966,1772534400,5011.552,5009.278,5010.64
5009.226,1772534700,5010.723,5009.226,5009.861
5008.739,1772535000,5009.413,5006.969,5009.339
5011.793,1772535300,5011.793,5008.58,5008.58
5012.686,1772535600,5012.843,5011.029,5011.794
5012.868,1772535900,5012.868,5010.495,5012.68
5012.959,1772536200,5014.737,5012.782,5012.999
5016.325,1772536500,5017.169,5012.469,5012.802
5015.357,1772536800,5016.859,5014.725,5016.502
5015.468,1772537100,5015.744,5014.026,5015.456
5016.435,1772537400,5016.689,5014.849,5015.394
5017.36,1772537700,5017.545,5015.659,5016.568
5017.486,1772538000,5018.172,5015.957,5017.357
5021.527,1772538300,5021.849,5017.467,5017.475
5020.599,1772538600,5021.657,5020.033,5021.657
5021.471,1772538900,5022.509,5020.647,5020.647
5022.919,1772539200,5023.982,5021.381,5021.381
5025.311,1772539500,5025.323,5022.508,5022.859
5027.025,1772539800,5027.23,5025.03,5025.519
5026.657,1772540100,5029.237,5026.657,5027.257
5028.081,1772540400,5028.219,5025.203,5026.641
5026.593,1772540700,5028.355,5026.496,5028.145
5026.954,1772541000,5028.527,5026.461,5026.461
5026.554,1772541300,5028.059,5026.212,5027.107
5026.148,1772541600,5027.533,5023.958,5026.669
5027.477,1772541900,5028.32,5024.964,5026.411
5028.809,1772542200,5029.404,5027.267,5027.472
5028.201,1772542500,5029.7,5028.201,5028.84
5028.134,1772542800,5028.548,5026.763,5028.486
5025.969,1772543100,5029.031,5025.844,5028.179
5025.313,1772543400,5027.128,5025.234,5025.786
5024.444,1772543700,5026.162,5024.245,5025.361
5025.286,1772544000,5025.88,5024.0,5024.568
5025.223,1772544300,5026.045,5024.577,5025.455
5027.295,1772544600,5027.587,5024.696,5025.349
5029.472,1772544900,5029.947,5027.052,5027.192
5029.756,1772545200,5030.861,5029.052,5029.436
5029.791,1772545500,5029.961,5027.883,5029.68
5027.368,1772545800,5029.89,5026.998,5029.89
5026.973,1772546100,5027.595,5025.925,5027.491
5026.232,1772546400,5027.847,5025.649,5027.044
5025.364,1772546700,5026.675,5024.211,5026.301
5028.867,1772547000,5029.437,5025.41,5025.41
5029.056,1772547300,5031.319,5028.82,5028.874
5031.246,1772547600,5031.502,5029.257,5029.257
5031.125,1772547900,5032.256,5030.809,5031.23
5031.532,1772548200,5031.609,5029.664,5031.144
5031.134,1772548500,5031.834,5030.845,5031.306
5030.773,1772548800,5031.431,5029.869,5031.003
5031.865,1772549100,5032.592,5030.528,5030.922
5029.414,1772549400,5031.868,5029.234,5031.868
5030.787,1772549700,5031.115,5028.935,5029.549
5029.917,1772550000,5031.382,5029.711,5030.577
5027.251,1772550300,5030.079,5026.969,5030.079
5026.863,1772550600,5027.438,5025.931,5027.361
5027.61,1772550900,5028.784,5026.421,5026.81
5026.122,1772551200,5028.594,5026.122,5027.473
5026.728,1772551500,5027.989,5025.579,5026.046
5025.918,1772551800,5027.725,5025.918,5026.528
5026.734,1772552100,5027.397,5025.746,5025.992
5027.467,1772552400,5028.087,5026.337,5026.698
5027.551,1772552700,5028.495,5027.214,5027.485
5028.106,1772553000,5029.187,5027.259,5027.365
5028.899,1772553300,5029.344,5027.508,5028.015
5029.467,1772553600,5029.518,5026.84,5028.668
5029.472,1772553900,5030.587,5029.036,5029.382
5030.333,1772554200,5030.907,5029.186,5029.532
5031.132,1772554500,5031.132,5028.749,5030.222
5031.244,1772554800,5032.307,5030.314,5031.182
5030.635,1772555100,5031.54,5029.562,5031.146
5030.96,1772555400,5031.102,5029.596,5030.538
5028.467,1772555700,5031.204,5028.336,5031.204
5030.315,1772556000,5031.128,5028.66,5028.678
5028.686,1772556300,5031.135,5028.686,5030.327
5029.937,1772556600,5030.177,5027.928,5028.729
5029.139,1772556900,5030.092,5027.998,5029.77
5027.633,1772557200,5029.505,5026.497,5028.96
5027.785,1772557500,5028.792,5027.13,5027.711
5026.253,1772557800,5028.788,5025.888,5027.748
5027.762,1772558100,5028.157,5025.644,5026.272
5026.565,1772558400,5028.087,5025.935,5027.787
5026.85,1772558700,5027.969,5025.888,5026.465
5028.347,1772559000,5029.377,5025.788,5026.935
5029.008,1772559300,5029.66,5028.031,5028.172
5027.819,1772559600,5030.007,5027.565,5029.045
5028.189,1772559900,5028.543,5026.298,5027.897
5028.038,1772560200,5028.649,5027.186,5028.048
5031.462,1772560500,5031.949,5027.244,5027.869
5033.606,1772560800,5033.744,5030.842,5031.292
5030.937,1772561100,5034.578,5030.937,5033.744
5030.937,1772561400,5032.263,5030.566,5031.08
5033.148,1772561700,5033.939,5030.647,5030.806
5033.085,1772562000,5033.502,5031.464,5033.135
5032.318,1772562300,5033.244,5032.177,5033.159
5033.198,1772562600,5033.402,5031.609,5032.332
5030.721,1772562900,5033.867,5030.624,5033.107
5031.164,1772563200,5031.509,5030.088,5030.805
5031.562,1772563500,5032.106,5030.452,5031.187
5035.163,1772563800,5035.913,5031.193,5031.361
5034.152,1772564100,5036.77,5034.152,5035.129
5033.552,1772564400,5034.722,5033.52,5034.046
5034.383,1772564700,5035.178,5033.332,5033.658
5031.286,1772565000,5035.22,5031.273,5034.307
5033.368,1772565300,5033.701,5030.55,5031.401
5033.796,1772565600,5034.111,5032.612,5033.538
5034.417,1772565900,5035.98,5033.757,5033.959
5035.282,1772566200,5036.097,5034.083,5034.303
5034.518,1772566500,5036.048,5034.315,5035.322
5036.431,1772566800,5036.692,5034.545,5034.545
5037.805,1772567100,5037.919,5036.128,5036.412
5038.237,1772567400,5039.249,5037.633,5037.739
5037.16,1772567700,5038.82,5036.544,5038.592
5037.615,1772568000,5037.615,5035.85,5037.077
5034.469,1772568300,5038.084,5034.161,5037.497
5033.674,1772568600,5035.382,5033.379,5034.363
5032.876,1772568900,5034.016,5032.271,5033.846
5031.794,1772569200,5032.809,5031.158,5032.794
5032.167,1772569500,5032.663,5031.038,5031.624
5032.172,1772569800,5032.368,5030.801,5032.262
5034.198,1772570100,5034.198,5030.361,5031.921
5033.614,1772570400,5035.19,5033.318,5034.182
5032.14,1772570700,5033.694,5031.83,5033.558
5030.846,1772571000,5032.19,5030.544,5032.162
5032.092,1772571300,5032.092,5030.327,5030.979
5033.317,1772571600,5033.46,5030.983,5032.103
5032.267,1772571900,5033.24,5030.311,5033.216
5034.364,1772572200,5034.662,5032.129,5032.334
5036.187,1772572500,5036.935,5034.074,5034.074
5036.573,1772572800,5037.072,5035.536,5036.204
5039.231,1772573100,5039.427,5036.019,5036.609
5039.015,1772573400,5039.855,5037.559,5039.145
5038.077,1772573700,5039.557,5037.847,5039.047
5039.163,1772574000,5040.668,5038.051,5038.337
5038.103,1772574300,5039.262,5037.68,5039.066
5038.827,1772574600,5039.025,5037.297,5038.221
5038.877,1772574900,5040.069,5038.639,5038.748
5038.639,1772575200,5039.445,5037.652,5038.838
5038.696,1772575500,5038.699,5037.022,5038.494
5037.738,1772575800,5039.432,5037.467,5038.754
5037.678,1772576100,5037.735,5035.383,5037.681
5039.199,1772576400,5039.202,5037.193,5037.636
5038.705,1772576700,5039.362,5037.254,5039.265
5039.693,1772577000,5040.843,5038.422,5038.422
5040.58,1772577300,5040.957,5039.123,5039.541
5042.41,1772577600,5042.587,5040.337,5040.638
5044.694,1772577900,5044.694,5041.222,5042.431
5044.597,1772578200,5046.059,5044.021,5044.718
5045.725,1772578500,5045.784,5043.854,5044.756
5046.855,1772578800,5047.414,5045.134,5045.683
5046.241,1772579100,5047.444,5045.359,5046.778
5044.27,1772579400,5047.947,5044.146,5046.258
5041.341,1772579700,5044.603,5041.04,5044.143
5041.67,1772580000,5042.632,5040.92,5041.53
5040.422,1772580300,5041.809,5039.472,5041.735
5041.729,1772580600,5042.035,5040.564,5040.601
5040.699,1772580900,5042.153,5040.404,5041.77
5038.633,1772581200,5041.245,5038.31,5040.794
5038.063,1772581500,5039.182,5037.82,5038.528
5038.432,1772581800,5038.737,5037.637,5037.976
5037.466,1772582100,5039.719,5037.238,5038.329
5039.174,1772582400,5040.468,5037.55,5037.55
5039.08,1772582700,5040.063,5038.242,5039.084
5041.123,1772583000,5041.459,5038.866,5039.163
5043.465,1772583300,5043.54,5040.212,5041.147
5043.077,1772583600,5044.322,5041.88,5043.292
5040.992,1772583900,5043.194,5040.849,5042.715
5042.08,1772584200,5042.465,5040.601,5040.963
5040.399,1772584500,5043.002,5040.399,5041.756
5040.047,1772584800,5040.609,5039.176,5040.526
5038.797,1772585100,5041.13,5038.307,5039.866
5038.017,1772585400,5039.691,5036.783,5038.96
5036.234,1772585700,5038.652,5036.234,5037.9
5035.769,1772586000,5037.746,5035.609,5036.092
5039.752,1772586300,5040.037,5035.276,5035.868
5042.149,1772586600,5042.276,5039.439,5039.675
5043.246,1772586900,5044.158,5042.134,5042.134
5043.869,1772587200,5045.048,5042.749,5043.327
5041.13,1772587500,5044.022,5040.427,5043.913
5042.904,1772587800,5043.689,5041.232,5041.395
5043.665,1772588100,5044.771,5042.526,5042.743
5042.973,1772588400,5044.079,5042.323,5043.708
5043.019,1772588700,5043.467,5041.811,5043.022
5043.38,1772589000,5043.994,5042.813,5043.185
5041.594,1772589300,5044.373,5041.51,5043.554
5042.736,1772589600,5042.886,5041.427,5041.632
5043.894,1772589900,5045.746,5042.83,5042.845
5043.096,1772590200,5043.851,5040.399,5043.851
5043.498,1772590500,5044.435,5041.948,5043.204
5042.962,1772590800,5044.313,5042.669,5043.459
5041.396,1772591100,5042.879,5040.535,5042.876
5039.548,1772591400,5042.002,5039.371,5041.186
5042.274,1772591700,5042.419,5039.608,5039.673
5040.99,1772592000,5042.692,5040.99,5042.249
5042.348,1772592300,5043.187,5040.623,5040.924
5040.411,1772592600,5042.684,5040.243,5042.39
5040.304,1772592900,5040.787,5039.148,5040.253
5041.2,1772593200,5041.21,5040.204,5040.204
5039.304,1772593500,5041.197,5038.547,5041.197
5038.073,1772593800,5039.341,5037.524,5039.237
5037.352,1772594100,5038.304,5036.183,5038.074
5038.817,1772594400,5039.235,5037.122,5037.396
5038.029,1772594700,5040.062,5037.817,5038.827
5039.157,1772595000,5039.487,5036.989,5038.153
5037.738,1772595300,5039.431,5036.784,5039.198
5038.678,1772595600,5038.678,5036.858,5037.51
5038.569,1772595900,5039.286,5037.784,5038.741
5039.455,1772596200,5040.755,5038.35,5038.586
5038.618,1772596500,5039.859,5037.331,5039.567
5039.388,1772596800,5039.58,5038.071,5038.63
5037.965,1772597100,5040.008,5037.531,5039.277
5039.687,1772597400,5040.215,5037.018,5038.022
5041.442,1772597700,5041.572,5039.264,5039.685
5043.676,1772598000,5043.971,5040.623,5041.47
5040.196,1772598300,5044.124,5040.074,5043.604
5039.88,1772598600,5040.484,5037.351,5040.269
5041.733,1772598900,5042.504,5039.5,5039.936
5042.157,1772599200,5043.001,5040.563,5041.702
5043.934,1772599500,5043.934,5041.831,5042.407
5045.502,1772599800,5046.535,5043.73,5043.73
5043.233,1772600100,5045.95,5043.127,5045.398
5043.851,1772600400,5043.851,5041.473,5043.23
5043.659,1772600700,5044.439,5042.052,5043.759
5043.651,1772601000,5044.153,5042.151,5043.625
5043.851,1772601300,5044.04,5042.243,5043.603
5042.338,1772601600,5043.961,5042.105,5043.827
5040.125,1772601900,5042.48,5039.695,5042.361
5039.694,1772602200,5041.399,5039.051,5040.103
5040.54,1772602500,5040.54,5038.638,5039.639
5040.912,1772602800,5041.971,5039.837,5040.456
5040.916,1772603100,5041.611,5040.005,5041.055
5040.801,1772603400,5042.575,5040.508,5040.905
5040.939,1772603700,5042.569,5040.641,5040.942
5040.219,1772604000,5040.936,5039.341,5040.936
5040.4,1772604300,5041.231,5040.025,5040.403
5039.189,1772604600,5041.379,5039.135,5040.321
5037.258,1772604900,5039.322,5036.981,5039.322
5038.101,1772605200,5038.31,5036.357,5037.175
5039.901,1772605500,5040.332,5038.105,5038.221
5038.471,1772605800,5040.459,5038.161,5039.827
5039.197,1772606100,5039.197,5037.241,5038.578
5039.479,1772606400,5040.577,5039.193,5039.321
5038.183,1772606700,5040.586,5038.019,5039.403
5039.108,1772607000,5039.353,5037.442,5038.238
5039.559,1772607300,5039.682,5037.794,5039.142
5039.212,1772607600,5039.845,5038.573,5039.543
5037.292,1772607900,5039.908,5037.146,5039.272
5036.984,1772608200,5038.655,5036.514,5037.337
5034.751,1772608500,5037.097,5034.388,5037.04
5033.286,1772608800,5035.131,5032.259,5034.796
5033.295,1772609100,5034.501,5032.747,5033.451
5030.433,1772609400,5033.457,5030.433,5033.277
5029.94,1772609700,5031.206,5029.511,5030.229
5032.317,1772610000,5032.35,5029.559,5029.837
5031.434,1772610300,5032.57,5031.386,5032.243
5033.412,1772610600,5034.117,5031.378,5031.481
5032.51,1772610900,5033.971,5031.66,5033.429
5028.865,1772611200,5032.401,5028.409,5032.364
5028.698,1772611500,5029.774,5027.806,5028.75
5030.083,1772611800,5030.086,5027.499,5028.632
5031.463,1772612100,5031.989,5029.458,5029.998
5032.665,1772612400,5033.203,5031.004,5031.403
5034.083,1772612700,5034.974,5032.336,5032.594
5033.28,1772613000,5034.077,5032.745,5034.036
5036.404,1772613300,5036.463,5033.168,5033.277
5034.389,1772613600,5036.781,5034.389,5036.394
5034.862,1772613900,5035.782,5033.203,5034.323
5033.703,1772614200,5034.825,5033.24,5034.816
5031.976,1772614500,5033.939,5031.771,5033.618
5034.883,1772614800,5034.935,5031.88,5032.042
5034.97,1772615100,5035.159,5033.155,5034.895
5035.626,1772615400,5036.197,5034.641,5034.92
5036.172,1772615700,5038.048,5035.589,5035.683
5034.794,1772616000,5036.564,5034.376,5036.273
5035.333,1772616300,5036.457,5034.679,5034.916
5037.544,1772616600,5037.559,5034.733,5035.263
5037.627,1772616900,5038.224,5036.921,5037.514
5038.882,1772617200,5038.979,5037.147,5037.613
5038.462,1772617500,5039.941,5037.56,5038.862
5037.993,1772617800,5040.102,5037.662,5038.346
5039.444,1772618100,5039.78,5037.261,5037.902
5042.62,1772618400,5042.62,5039.476,5039.476
5040.485,1772618700,5042.74,5040.103,5042.641
5042.622,1772619000,5042.622,5039.384,5040.619
5042.47,1772619300,5044.632,5041.74,5042.442
5043.609,1772619600,5043.719,5041.452,5042.52
5044.158,1772619900,5044.308,5042.687,5043.65
5044.656,1772620200,5045.501,5043.913,5044.157
5046.51,1772620500,5046.756,5043.935,5044.468
5046.528,1772620800,5048.761,5045.648,5046.428
5044.737,1772621100,5047.088,5044.186,5046.559
5042.346,1772621400,5044.63,5042.095,5044.63
5042.141,1772621700,5042.953,5041.125,5042.334
5043.239,1772622000,5044.096,5041.271,5042.008
5044.993,1772622300,5045.713,5043.165,5043.278
5043.34,1772622600,5045.67,5042.94,5044.886
5044.444,1772622900,5044.444,5043.009,5043.325
5044.461,1772623200,5046.214,5044.457,5044.652
5045.752,1772623500,5046.663,5044.138,5044.598
5046.808,1772623800,5047.429,5045.633,5045.776
5047.779,1772624100,5048.602,5045.552,5046.904
5050.408,1772624400,5050.949,5047.904,5047.904
5046.148,1772624700,5050.379,5045.773,5050.379
5045.743,1772625000,5046.168,5044.416,5046.168
5046.507,1772625300,5047.053,5045.587,5045.96
5045.957,1772625600,5046.816,5045.436,5046.429
5045.336,1772625900,5046.75,5045.018,5045.938
5045.898,1772626200,5046.746,5045.177,5045.419
5044.648,1772626500,5046.515,5044.531,5046.134
5043.236,1772626800,5044.66,5041.64,5044.529
5042.61,1772627100,5043.234,5041.772,5043.069
5042.551,1772627400,5043.912,5041.835,5042.38
5045.498,1772627700,5046.063,5042.604,5042.609
5044.575,1772628000,5045.514,5043.936,5045.514
5043.176,1772628300,5045.087,5042.855,5044.695
5040.166,1772628600,5043.882,5040.154,5043.082
5040.11,1772628900,5041.259,5039.416,5040.006
5037.869,1772629200,5040.481,5037.39,5040.091
5039.542,1772629500,5039.744,5037.739,5037.962
5039.297,1772629800,5039.88,5037.732,5039.585
5038.409,1772630100,5039.71,5037.527,5039.198
5038.822,1772630400,5039.571,5037.391,5038.475
5037.947,1772630700,5038.86,5036.588,5038.755
5038.351,1772631000,5038.874,5037.497,5038.006
5040.967,1772631300,5042.052,5038.177,5038.279
5041.472,1772631600,5042.712,5040.772,5041.053
5043.959,1772631900,5044.22,5041.477,5041.68
5042.736,1772632200,5044.334,5041.978,5044.007
5043.241,1772632500,5043.638,5041.955,5042.75
5042.608,1772632800,5043.226,5041.236,5043.226
5043.287,1772633100,5045.226,5042.711,5042.723
5044.461,1772633400,5046.177,5042.874,5043.03
5045.121,1772633700,5045.502,5043.957,5044.536
5040.495,1772634000,5045.216,5040.495,5045.216
5040.888,1772634300,5041.677,5040.212,5040.212
5042.26,1772634600,5042.377,5040.711,5041.083
5040.813,1772634900,5042.355,5039.682,5042.157
5041.434,1772635200,5041.876,5039.187,5040.726
5042.552,1772635500,5042.552,5041.223,5041.627
5042.533,1772635800,5043.348,5041.621,5042.497
5038.615,1772636100,5042.83,5038.234,5042.556
5038.63,1772636400,5038.784,5036.927,5038.591
5040.439,1772636700,5041.637,5038.756,5038.756
5040.039,1772637000,5041.55,5039.781,5040.491
5039.148,1772637300,5040.271,5038.49,5040.156
5037.605,1772637600,5039.399,5037.085,5039.148
5038.155,1772637900,5038.621,5037.19,5037.656
5039.3,1772638200,5040.139,5037.58,5037.967
5038.732,1772638500,5040.877,5038.558,5039.52
5042.598,1772638800,5042.784,5038.663,5038.79
5041.02,1772639100,5042.849,5040.709,5042.517
5040.721,1772639400,5041.794,5039.868,5040.988
5042.253,1772639700,5043.76,5040.502,5041.042
5040.943,1772640000,5043.222,5040.58,5042.402
5042.402,1772640300,5042.535,5040.065,5041.073
5040.855,1772640600,5043.805,5040.741,5042.473
5040.72,1772640900,5041.541,5039.787,5040.736
5044.019,1772641200,5044.019,5040.593,5040.875
5045.957,1772641500,5046.823,5043.656,5044.015
5046.206,1772641800,5047.086,5044.965,5046.04
5046.852,1772642100,5048.863,5045.501,5046.267
5048.006,1772642400,5049.279,5046.916,5046.934
5046.913,1772642700,5048.945,5046.377,5048.03
5047.743,1772643000,5048.344,5046.266,5046.887
5045.179,1772643300,5047.813,5044.967,5047.68
5042.965,1772643600,5045.901,5042.406,5045.063
5041.485,1772643900,5042.99,5040.85,5042.915
5043.124,1772644200,5043.579,5041.427,5041.482
5042.847,1772644500,5043.436,5042.171,5043.027
5042.809,1772644800,5043.807,5042.098,5042.925
5041.553,1772645100,5042.965,5041.279,5042.677
5044.199,1772645400,5044.391,5041.438,5041.438
5041.045,1772645700,5044.094,5041.045,5044.094
5040.909,1772646000,5041.555,5039.456,5041.143
5039.249,1772646300,5041.336,5039.006,5040.921
5041.649,1772646600,5042.375,5039.162,5039.28
5043.436,1772646900,5044.091,5041.396,5041.682
5042.876,1772647200,5044.17,5042.553,5043.272
5042.816,1772647500,5044.093,5041.609,5042.917
5042.628,1772647800,5043.189,5041.618,5042.837
5044.3,1772648100,5044.412,5042.65,5042.65
5047.691,1772648400,5047.691,5044.295,5044.438
5048.48,1772648700,5049.11,5047.248,5047.607
5047.96,1772649000,5050.22,5047.737,5048.504
5051.54,1772649300,5051.838,5046.947,5048.05
5050.581,1772649600,5052.531,5050.173,5051.449
5048.954,1772649900,5051.276,5048.277,5050.518
5051.02,1772650200,5051.724,5048.686,5048.686
5052.851,1772650500,5052.851,5050.634,5051.04
5051.387,1772650800,5052.787,5050.516,5052.741
5052.205,1772651100,5053.198,5051.25,5051.348
5052.797,1772651400,5052.982,5050.645,5052.235
5051.457,1772651700,5053.246,5050.862,5052.94
5052.991,1772652000,5053.07,5050.948,5051.361
5051.113,1772652300,5052.878,5050.845,5052.878
5051.708,1772652600,5052.012,5049.313,5051.117
5052.576,1772652900,5053.472,5051.509,5051.681
5052.513,1772653200,5053.554,5051.473,5052.584
5051.241,1772653500,5052.738,5050.481,5052.695
5051.668,1772653800,5052.033,5050.297,5051.339
5053.248,1772654100,5053.266,5051.424,5051.74
5055.612,1772654400,5055.956,5053.28,5053.355
5056.431,1772654700,5056.925,5055.066,5055.683
5057.661,1772655000,5057.883,5055.665,5056.376
5058.462,1772655300,5059.2,5057.177,5057.466
5059.662,1772655600,5059.89,5058.299,5058.299
5060.034,1772655900,5061.311,5059.231,5059.526
5060.362,1772656200,5060.812,5058.62,5059.951
5060.798,1772656500,5062.043,5059.456,5060.446
5061.296,1772656800,5062.145,5060.685,5060.846
5061.255,1772657100,5061.885,5060.01,5061.657
5058.048,1772657400,5061.217,5058.048,5061.211
5059.702,1772657700,5059.702,5056.122,5057.98
5059.388,1772658000,5060.499,5058.834,5059.772
5059.651,1772658300,5060.111,5058.153,5059.614
5058.346,1772658600,5060.163,5058.12,5059.349
5059.772,1772658900,5060.497,5057.739,5058.448
5060.896,1772659200,5060.896,5058.88,5060.038
5062.024,1772659500,5062.701,5060.854,5060.854
5064.288,1772659800,5064.748,5062.058,5062.116
5063.83,1772660100,5065.14,5063.482,5064.105
5062.468,1772660400,5064.02,5060.826,5063.874
5062.436,1772660700,5063.078,5060.652,5062.416
5064.862,1772661000,5064.934,5062.173,5062.598
5066.158,1772661300,5066.158,5063.605,5064.89
5065.083,1772661600,5066.535,5064.047,5066.175
5068.003,1772661900,5068.083,5064.682,5065.244
5068.223,1772662200,5068.553,5067.287,5067.73
5067.035,1772662500,5068.407,5066.296,5068.163
5067.625,1772662800,5068.736,5066.686,5066.815
5067.971,1772663100,5068.411,5067.091,5067.939
5064.126,1772663400,5067.924,5063.261,5067.924
5067.192,1772663700,5067.468,5064.162,5064.162
5067.371,1772664000,5067.823,5065.691,5067.071
5064.664,1772664300,5067.558,5064.664,5067.529
5067.358,1772664600,5067.946,5064.619,5064.619
5069.871,1772664900,5070.224,5067.418,5067.418
5069.423,1772665200,5071.256,5069.152,5069.92
5068.767,1772665500,5069.664,5067.71,5069.455
5068.098,1772665800,5069.206,5067.842,5068.742
5067.858,1772666100,5069.153,5067.084,5068.266
5068.002,1772666400,5068.62,5066.895,5067.707
5067.121,1772666700,5067.955,5066.844,5067.749
5068.407,1772667000,5069.677,5066.956,5067.175
5069.537,1772667300,5069.636,5067.567,5068.269
5070.35,1772667600,5070.463,5068.583,5069.624
5069.625,1772667900,5070.504,5068.018,5070.217
5070.589,1772668200,5070.695,5069.137,5069.609
5071.933,1772668500,5072.2,5070.419,5070.434
5072.509,1772668800,5073.258,5071.616,5071.973
5071.087,1772669100,5072.573,5070.332,5072.385
5072.361,1772669400,5072.361,5070.944,5071.088
5072.865,1772669700,5074.029,5071.522,5072.287
5073.018,1772670000,5073.326,5071.774,5072.886
5070.655,1772670300,5073.64,5070.655,5073.166
5068.456,1772670600,5070.904,5067.584,5070.703
5069.626,1772670900,5070.598,5068.645,5068.792
5068.844,1772671200,5070.591,5068.338,5069.545
5072.009,1772671500,5072.333,5068.415,5068.826
5071.468,1772671800,5073.396,5071.387,5071.904
5072.312,1772672100,5072.312,5070.183,5071.654
5070.473,1772672400,5073.046,5070.285,5072.415
5069.285,1772672700,5070.79,5068.818,5070.425
5070.467,1772673000,5070.467,5068.724,5069.349
5070.404,1772673300,5071.624,5070.273,5070.662
5072.567,1772673600,5072.577,5070.22,5070.307
5075.406,1772673900,5075.406,5072.242,5072.734
5078.083,1772674200,5078.144,5075.339,5075.38
5078.141,1772674500,5079.515,5077.337,5078.186
5078.188,1772674800,5079.163,5077.318,5078.163
5075.718,1772675100,5078.269,5075.688,5078.252
5072.625,1772675400,5076.07,5072.448,5075.824
5073.302,1772675700,5074.471,5072.322,5072.394
5074.56,1772676000,5075.578,5073.33,5073.379
5074.989,1772676300,5075.397,5073.642,5074.327
5074.476,1772676600,5075.087,5072.723,5074.952
5074.915,1772676900,5075.596,5073.938,5074.382
5075.965,1772677200,5076.339,5074.243,5074.909
5075.804,1772677500,5077.249,5075.483,5076.022
5078.767,1772677800,5078.767,5075.578,5075.924
5078.8,1772678100,5079.52,5078.05,5078.643
5077.719,1772678400,5078.616,5076.442,5078.532
5075.328,1772678700,5078.342,5075.142,5077.787
5075.627,1772679000,5076.967,5075.102,5075.102
5078.914,1772679300,5079.406,5075.334,5075.597
5080.355,1772679600,5081.432,5078.795,5078.795
5078.227,1772679900,5081.199,5077.621,5080.496
5077.736,1772680200,5078.721,5077.303,5078.312
5078.748,1772680500,5078.913,5077.36,5077.747
5079.531,1772680800,5080.409,5077.591,5078.92
5080.26,1772681100,5080.811,5078.786,5079.566
5083.565,1772681400,5083.645,5080.274,5080.274
5087.474,1772681700,5087.642,5082.941,5083.58
5086.928,1772682000,5088.032,5086.304,5087.427
5088.967,1772682300,5089.099,5086.618,5087.103
5090.253,1772682600,5090.761,5088.214,5088.725
5090.474,1772682900,5091.326,5089.932,5090.082
5088.453,1772683200,5090.43,5087.613,5090.43
5087.225,1772683500,5088.909,5086.542,5088.319
5086.814,1772683800,5087.923,5085.733,5087.364
5087.743,1772684100,5088.598,5086.785,5086.85
5085.695,1772684400,5087.679,5084.245,5087.632
5088.825,1772684700,5088.825,5085.679,5085.727
5089.53,1772685000,5090.723,5088.441,5088.926
5090.619,1772685300,5091.058,5088.502,5089.612
5094.371,1772685600,5094.71,5090.641,5090.779
5095.196,1772685900,5096.081,5093.077,5094.107
5094.658,1772686200,5097.04,5094.501,5095.471
5092.484,1772686500,5095.153,5092.456,5094.636
5093.184,1772686800,5093.835,5092.239,5092.553
5092.874,1772687100,5093.988,5091.824,5093.197
5092.245,1772687400,5092.996,5091.656,5092.926
5091.418,1772687700,5092.865,5091.399,5092.117
5091.295,1772688000,5092.103,5090.645,5091.476
5093.13,1772688300,5093.356,5090.373,5091.017
5093.9,1772688600,5095.144,5092.784,5093.083
5095.945,1772688900,5096.116,5093.554,5093.789
5097.79,1772689200,5097.79,5094.996,5096.08
5095.713,1772689500,5098.147,5095.13,5097.871
5094.904,1772689800,5095.724,5093.9,5095.615
5092.973,1772690100,5095.194,5092.782,5094.759
5091.553,1772690400,5093.011,5091.553,5092.989
5091.673,1772690700,5093.116,5091.152,5091.546
5089.472,1772691000,5092.638,5088.708,5091.871
5089.357,1772691300,5090.069,5088.574,5089.344
5090.68,1772691600,5091.0,5089.251,5089.472
5090.726,1772691900,5091.123,5088.88,5090.478
5090.547,1772692200,5091.015,5088.678,5090.577
5095.613,1772692500,5095.691,5090.615,5090.615
5096.065,1772692800,5097.471,5094.672,5095.532
5095.837,1772693100,5096.649,5095.082,5096.012
5095.363,1772693400,5096.536,5094.68,5095.957
5096.21,1772693700,5097.399,5095.046,5095.305
5098.849,1772694000,5099.032,5095.988,5096.153
5100.707,1772694300,5100.707,5099.033,5099.033
5097.707,1772694600,5100.818,5097.707,5100.818
5096.999,1772694900,5097.882,5095.921,5097.882
5096.61,1772695200,5097.075,5095.245,5096.913
5097.168,1772695500,5098.067,5095.904,5096.602
5098.885,1772695800,5099.092,5097.238,5097.238
5098.35,1772696100,5099.599,5098.063,5098.827
5098.674,1772696400,5099.182,5097.337,5098.293
5102.009,1772696700,5102.116,5098.675,5098.684
5102.471,1772697000,5103.202,5101.079,5101.985
5101.964,1772697300,5103.109,5101.504,5102.435
5098.133,1772697600,5102.154,5098.133,5102.062
5097.193,1772697900,5098.639,5096.793,5098.026
5097.286,1772698200,5097.435,5095.633,5097.235
5097.276,1772698500,5097.894,5096.158,5097.358
5096.861,1772698800,5097.722,5096.218,5097.255
5097.156,1772699100,5098.169,5096.43,5096.812
5097.094,1772699400,5098.369,5096.573,5097.255
5096.81,1772699700,5098.519,5096.601,5097.099
5096.973,1772700000,5097.432,5095.456,5096.602
5096.105,1772700300,5097.603,5095.855,5096.989
5094.143,1772700600,5096.484,5094.047,5096.042
5093.105,1772700900,5094.708,5092.541,5094.172
5092.816,1772701200,5093.806,5092.083,5093.263
5091.141,1772701500,5093.698,5091.057,5092.803
5090.72,1772701800,5091.725,5090.158,5091.218
5089.717,1772702100,5090.823,5089.276,5090.661
5087.983,1772702400,5090.244,5087.726,5089.732
5088.726,1772702700,5089.981,5087.301,5088.1
5090.77,1772703000,5090.964,5087.245,5088.809
5089.972,1772703300,5091.189,5089.26,5090.794
5087.685,1772703600,5089.994,5087.033,5089.849
5089.113,1772703900,5089.615,5087.59,5087.755
5090.224,1772704200,5090.382,5088.224,5089.148
5093.442,1772704500,5093.442,5090.052,5090.118
5094.315,1772704800,5095.256,5093.188,5093.553
5092.131,1772705100,5094.997,5092.131,5094.301
5095.584,1772705400,5095.584,5092.302,5092.391
5096.993,1772705700,5097.3,5095.5,5095.732
5097.001,1772706000,5098.243,5096.377,5096.94
5093.864,1772706300,5097.002,5093.433,5097.002
5096.92,1772706600,5096.961,5093.488,5093.823
5098.192,1772706900,5098.402,5096.631,5096.926
5097.399,1772707200,5098.295,5096.308,5098.192
5098.39,1772707500,5098.596,5095.872,5097.491
5102.317,1772707800,5102.456,5098.476,5098.476
5102.289,1772708100,5102.754,5100.8,5102.33
5102.035,1772708400,5102.35,5101.204,5102.309
5101.413,1772708700,5102.642,5101.06,5102.024
5100.025,1772709000,5102.038,5100.025,5101.346
5100.767,1772709300,5101.558,5099.984,5100.131
5102.087,1772709600,5102.16,5099.164,5100.79
5101.735,1772709900,5102.123,5100.622,5101.925
5104.574,1772710200,5104.574,5101.702,5101.874
5102.833,1772710500,5104.87,5102.104,5104.242
5105.468,1772710800,5105.539,5102.186,5102.842
5101.79,1772711100,5105.643,5101.762,5105.463
5102.017,1772711400,5103.086,5101.112,5101.966
5103.061,1772711700,5103.642,5102.023,5102.117
5104.32,1772712000,5104.32,5102.505,5102.944
5103.429,1772712300,5105.284,5103.283,5104.45
5104.386,1772712600,5104.704,5103.053,5103.326
5103.31,1772712900,5104.496,5101.855,5104.496
5103.573,1772713200,5103.731,5101.989,5103.41
5103.174,1772713500,5103.796,5102.045,5103.731
5102.325,1772713800,5103.518,5101.82,5103.105
5101.227,1772714100,5102.413,5100.998,5102.355
5097.708,1772714400,5101.392,5097.559,5101.324
5096.679,1772714700,5098.025,5095.555,5097.67
5094.275,1772715000,5096.578,5093.671,5096.536
5091.809,1772715300,5094.481,5091.635,5094.294
5091.551,1772715600,5092.826,5091.078,5091.74
5093.261,1772715900,5093.774,5091.544,5091.544
5093.927,1772716200,5095.667,5093.302,5093.302
5091.187,1772716500,5094.068,5091.187,5094.041
5088.38,1772716800,5091.989,5088.102,5091.302
5091.921,1772717100,5091.921,5088.116,5088.398
5091.577,1772717400,5092.472,5090.833,5092.022
5090.733,1772717700,5091.643,5088.772,5091.643
5092.848,1772718000,5093.345,5090.763,5090.763
5089.346,1772718300,5093.221,5089.127,5092.86
5086.862,1772718600,5090.368,5086.74,5089.286
5086.969,1772718900,5087.069,5085.055,5086.632
5085.29,1772719200,5086.943,5084.423,5086.867
5084.808,1772719500,5086.503,5084.383,5085.196
5086.018,1772719800,5086.901,5084.053,5084.76
5084.593,1772720100,5086.157,5083.944,5086.107
5086.582,1772720400,5086.681,5084.208,5084.468
5084.993,1772720700,5087.256,5084.965,5086.577
5084.65,1772721000,5085.227,5083.442,5084.973
5083.339,1772721300,5084.861,5082.266,5084.73
5082.965,1772721600,5083.656,5082.069,5082.951
5082.999,1772721900,5084.039,5082.322,5083.0
5083.213,1772722200,5084.829,5082.624,5082.8
5080.182,1772722500,5083.169,5080.182,5083.169
5077.82,1772722800,5080.798,5077.745,5080.275
5075.863,1772723100,5077.77,5075.118,5077.77
5078.3,1772723400,5078.657,5075.378,5076.092
5077.297,1772723700,5078.762,5076.521,5078.417
5077.378,1772724000,5078.896,5077.037,5077.158
5075.24,1772724300,5077.764,5075.24,5077.268
5074.085,1772724600,5076.097,5073.217,5075.329
5076.404,1772724900,5076.798,5073.555,5074.163
5077.502,1772725200,5078.146,5076.134,5076.383
5076.608,1772725500,5077.651,5075.082,5077.341
5076.881,1772725800,5077.355,5075.596,5076.651
5077.963,1772726100,5078.338,5076.27,5077.01
5079.116,1772726400,5079.479,5077.42,5077.857
5078.48,1772726700,5079.398,5078.157,5079.268
5077.213,1772727000,5078.737,5077.088,5078.491
5075.182,1772727300,5077.473,5075.048,5077.171
5074.284,1772727600,5076.033,5074.284,5075.385
5075.707,1772727900,5076.067,5073.665,5074.069
5075.805,1772728200,5076.154,5075.034,5075.826
5077.019,1772728500,5077.019,5075.446,5075.621
5075.785,1772728800,5077.119,5074.799,5077.026
5075.077,1772729100,5075.909,5073.649,5075.791
5078.12,1772729400,5078.302,5074.583,5075.101
5077.116,1772729700,5078.234,5075.056,5077.878
5075.55,1772730000,5077.526,5075.55,5077.502
5076.841,1772730300,5077.854,5075.62,5075.638
5073.74,1772730600,5077.387,5073.728,5077.087
5073.737,1772730900,5074.573,5072.669,5073.524
5072.075,1772731200,5073.775,5072.041,5073.775
5071.971,1772731500,5072.991,5071.19,5071.835
5072.908,1772731800,5073.737,5071.781,5071.976
5072.498,1772732100,5073.233,5071.611,5072.885
5072.127,1772732400,5073.591,5071.596,5072.622
5071.55,1772732700,5072.812,5071.328,5072.198
5070.555,1772733000,5072.301,5069.885,5071.373
5069.026,1772733300,5070.799,5068.495,5070.622
5067.278,1772733600,5069.565,5066.593,5069.027
5066.064,1772733900,5067.752,5066.064,5067.217
5065.773,1772734200,5067.137,5065.247,5066.307
5068.368,1772734500,5068.445,5065.495,5065.686
5069.654,1772734800,5070.033,5067.209,5068.469
5068.707,1772735100,5070.121,5068.367,5069.83
5069.556,1772735400,5070.469,5068.198,5068.439
5065.964,1772735700,5069.828,5065.77,5069.614
5064.709,1772736000,5067.033,5064.527,5065.856
5064.301,1772736300,5065.589,5063.278,5064.707
5062.209,1772736600,5064.58,5061.24,5064.171
5064.34,1772736900,5064.468,5060.855,5062.207
5066.17,1772737200,5066.309,5063.363,5064.142
5066.872,1772737500,5067.565,5065.686,5066.146
5066.629,1772737800,5067.889,5066.323,5066.902
5066.222,1772738100,5066.634,5064.458,5066.531
5066.897,1772738400,5067.425,5065.257,5066.376
5065.2,1772738700,5067.039,5064.901,5066.976
5065.398,1772739000,5065.809,5063.666,5065.28
5066.944,1772739300,5066.944,5065.189,5065.329
5068.139,1772739600,5068.922,5067.225,5067.225
5069.504,1772739900,5069.986,5067.797,5068.012
5070.716,1772740200,5071.763,5069.563,5069.563
5068.831,1772740500,5071.629,5068.688,5070.805
5068.612,1772740800,5068.893,5066.681,5068.893
5068.813,1772741100,5070.749,5068.103,5068.805
5068.671,1772741400,5070.294,5068.442,5068.925
5069.03,1772741700,5069.752,5068.24,5068.761
5068.185,1772742000,5070.223,5068.185,5069.108
5066.76,1772742300,5068.541,5066.76,5068.377
5067.388,1772742600,5068.296,5066.175,5066.79
5069.089,1772742900,5069.768,5066.429,5067.065
5071.228,1772743200,5071.314,5068.586,5068.984
5071.732,1772743500,5073.12,5071.254,5071.307
5070.715,1772743800,5072.075,5070.189,5071.967
5072.137,1772744100,5072.513,5070.612,5070.724
5072.434,1772744400,5073.334,5071.559,5072.042
5068.727,1772744700,5072.365,5068.518,5072.365
5069.175,1772745000,5071.23,5068.355,5068.703
5070.115,1772745300,5070.278,5068.094,5069.08
5074.519,1772745600,5074.799,5069.559,5069.983
5075.545,1772745900,5075.92,5073.814,5074.651
5074.779,1772746200,5076.454,5074.169,5075.428
5077.065,1772746500,5077.841,5074.439,5074.844
5077.274,1772746800,5078.279,5076.335,5077.123
5079.235,1772747100,5080.105,5077.376,5077.376
5078.958,1772747400,5079.61,5077.853,5079.327
5077.59,1772747700,5078.927,5076.727,5078.868
5080.197,1772748000,5080.543,5077.237,5077.493
5078.129,1772748300,5080.452,5078.034,5080.162
5079.319,1772748600,5079.927,5078.185,5078.22
5078.571,1772748900,5079.497,5077.766,5079.199
5077.962,1772749200,5078.552,5076.904,5078.552
5076.124,1772749500,5078.386,5076.124,5078.1
5074.559,1772749800,5076.042,5074.363,5076.042
5075.923,1772750100,5076.415,5074.591,5074.591
5075.435,1772750400,5077.052,5075.372,5075.853
5076.624,1772750700,5076.624,5074.828,5075.65
5077.148,1772751000,5078.084,5075.872,5076.62
5076.589,1772751300,5078.599,5076.589,5077.395
5075.904,1772751600,5076.701,5074.227,5076.597
5073.691,1772751900,5076.166,5071.937,5075.982
5075.131,1772752200,5075.909,5073.688,5073.688
5074.22,1772752500,5075.563,5074.072,5074.798
5075.291,1772752800,5075.399,5072.863,5074.314
5072.639,1772753100,5075.807,5072.639,5075.292
5070.744,1772753400,5072.557,5069.967,5072.418
5070.227,1772753700,5071.997,5069.879,5070.819
5068.338,1772754000,5070.661,5067.832,5070.402
5071.42,1772754300,5071.751,5068.471,5068.471
5072.554,1772754600,5072.554,5070.884,5071.513
5072.807,1772754900,5073.71,5072.426,5072.652
5073.414,1772755200,5073.445,5070.861,5072.901
5075.878,1772755500,5075.878,5072.875,5073.471
5074.636,1772755800,5075.782,5073.781,5075.741
5077.297,1772756100,5078.434,5074.379,5074.645
5075.117,1772756400,5077.708,5074.699,5077.12
5076.476,1772756700,5076.548,5074.748,5075.118
5077.333,1772757000,5078.174,5076.818,5076.835
5079.266,1772757300,5080.202,5077.034,5077.221
5075.772,1772757600,5080.811,5075.455,5079.344
5077.52,1772757900,5078.112,5075.862,5075.886
5079.05,1772758200,5079.247,5077.208,5077.481
5078.403,1772758500,5081.083,5078.359,5078.995
5076.001,1772758800,5078.982,5076.001,5078.489
5078.947,1772759100,5079.054,5075.818,5076.135
5078.798,1772759400,5080.372,5078.172,5078.992
5080.491,1772759700,5080.895,5078.387,5078.859
5079.156,1772760000,5081.403,5078.975,5080.504
5081.821,1772760300,5082.843,5078.856,5079.104
5082.496,1772760600,5082.82,5080.982,5081.821
5081.074,1772760900,5082.805,5080.142,5082.512
5081.12,1772761200,5082.238,5079.83,5081.0
5079.631,1772761500,5081.347,5079.161,5081.183
5077.997,1772761800,5080.204,5077.94,5079.663
5077.27,1772762100,5078.61,5076.26,5077.875
5078.247,1772762400,5078.833,5077.049,5077.59
5079.204,1772762700,5079.302,5077.455,5078.234
5075.249,1772763000,5079.313,5075.066,5078.913
5074.244,1772763300,5076.357,5074.153,5075.318
5073.612,1772763600,5075.889,5073.593,5074.309
5072.61,1772763900,5073.96,5071.652,5073.558
5074.143,1772764200,5074.143,5070.959,5072.817
5071.135,1772764500,5074.29,5071.135,5074.29
5073.528,1772764800,5074.045,5070.833,5071.207
5073.019,1772765100,5073.376,5071.605,5073.376
5073.282,1772765400,5074.206,5072.692,5073.074
5075.8,1772765700,5075.8,5072.962,5073.157
5073.684,1772766000,5076.583,5073.633,5075.913
5073.677,1772766300,5075.364,5072.958,5073.701
5072.801,1772766600,5074.653,5072.069,5073.681
5072.293,1772766900,5073.963,5072.12,5072.874
5071.953,1772767200,5072.9,5071.791,5072.447
5071.911,1772767500,5072.265,5070.819,5071.868
5070.434,1772767800,5071.862,5068.998,5071.763
5069.3,1772768100,5070.659,5069.173,5070.328
5069.906,1772768400,5070.473,5068.984,5069.221
5068.137,1772768700,5071.556,5067.266,5069.99
5068.318,1772769000,5069.671,5066.445,5068.084
5071.103,1772769300,5071.263,5067.804,5068.3
5072.151,1772769600,5072.151,5070.328,5071.036
5071.216,1772769900,5073.027,5071.179,5071.92
5070.259,1772770200,5071.494,5069.045,5071.278
5072.882,1772770500,5072.882,5070.331,5070.331
5074.881,1772770800,5075.37,5072.085,5072.707
5075.164,1772771100,5075.701,5073.878,5074.795
5073.592,1772771400,5075.991,5072.982,5074.976
5072.946,1772771700,5074.321,5072.31,5073.366
5073.889,1772772000,5074.42,5072.145,5073.056
5075.765,1772772300,5075.901,5073.295,5073.799
5076.245,1772772600,5077.111,5075.708,5075.773
5073.833,1772772900,5076.889,5073.833,5076.112
5073.83,1772773200,5074.733,5072.602,5073.807
5076.032,1772773500,5076.733,5073.814,5073.942
5076.568,1772773800,5076.963,5075.295,5075.935
5077.036,1772774100,5077.355,5075.844,5076.631
5078.83,1772774400,5079.063,5076.068,5076.978
5079.687,1772774700,5080.39,5078.681,5078.681
5082.275,1772775000,5082.295,5079.178,5079.88
5081.907,1772775300,5082.399,5080.928,5082.251
5079.966,1772775600,5082.565,5079.635,5081.958
5079.309,1772775900,5080.876,5078.238,5080.012
5079.534,1772776200,5081.23,5078.97,5079.025
5079.22,1772776500,5079.762,5077.337,5079.558
5079.0,1772776800,5080.243,5078.433,5079.269
5079.005,1772777100,5079.74,5078.256,5078.949
5078.436,1772777400,5080.262,5078.163,5079.123
5078.693,1772777700,5079.066,5077.677,5078.492
5081.025,1772778000,5081.431,5078.103,5078.978
5080.785,1772778300,5082.511,5080.785,5081.186
5081.595,1772778600,5082.457,5080.247,5080.799
5078.176,1772778900,5081.51,5078.148,5081.449
5081.84,1772779200,5082.032,5078.158,5078.158
5083.273,1772779500,5084.029,5081.874,5081.874
5083.252,1772779800,5084.014,5081.599,5083.227
5084.601,1772780100,5084.861,5082.737,5083.211
5083.018,1772780400,5085.069,5083.018,5084.613
5083.999,1772780700,5084.399,5082.59,5082.931
5082.457,1772781000,5083.944,5082.082,5083.841
5083.461,1772781300,5084.486,5081.703,5082.536
5081.095,1772781600,5083.504,5081.091,5083.39
5080.24,1772781900,5081.138,5079.348,5080.982
5078.548,1772782200,5080.679,5077.245,5080.219
5082.761,1772782500,5083.083,5078.722,5078.722
5083.439,1772782800,5084.081,5081.732,5082.95
5082.001,1772783100,5083.638,5081.771,5083.408
5083.846,1772783400,5085.283,5081.89,5081.89
5080.719,1772783700,5083.983,5080.288,5083.983
5079.624,1772784000,5080.984,5079.219,5080.725
5081.123,1772784300,5081.447,5078.1,5079.419
5082.857,1772784600,5082.968,5080.322,5081.152
5081.704,1772784900,5083.324,5080.915,5082.789
5079.814,1772785200,5082.769,5079.075,5081.98
5080.13,1772785500,5081.593,5079.583,5079.636
5077.968,1772785800,5080.381,5077.968,5080.178
5076.977,1772786100,5078.516,5076.331,5078.158
5076.537,1772786400,5078.093,5076.537,5076.794
5077.19,1772786700,5077.746,5074.889,5076.465
5077.37,1772787000,5078.352,5076.53,5077.146
5080.057,1772787300,5080.196,5077.311,5077.351
5081.223,1772787600,5082.081,5079.722,5080.077
5081.737,1772787900,5082.831,5080.863,5081.386
5084.358,1772788200,5084.772,5081.644,5081.708
5083.384,1772788500,5085.022,5081.272,5084.288
5081.646,1772788800,5083.306,5081.051,5083.306
5080.444,1772789100,5081.896,5079.826,5081.75
5080.86,1772789400,5081.251,5079.064,5080.449
5077.241,1772789700,5081.068,5077.047,5081.0
5076.957,1772790000,5078.682,5076.327,5077.319
5078.267,1772790300,5079.36,5076.848,5077.043
5077.659,1772790600,5081.068,5077.499,5078.195
5076.546,1772790900,5079.348,5076.495,5077.737
5076.384,1772791200,5077.314,5075.63,5076.449
5078.035,1772791500,5078.212,5075.565,5076.577
5078.274,1772791800,5079.907,5077.758,5077.929
5075.882,1772792100,5079.618,5075.018,5078.307
5073.502,1772792400,5076.103,5073.354,5075.842
5075.711,1772792700,5077.439,5073.353,5073.483
5074.289,1772793000,5076.035,5073.59,5075.657
5075.306,1772793300,5076.209,5074.314,5074.48
5072.129,1772793600,5075.665,5071.821,5075.55
5070.035,1772793900,5072.424,5069.542,5071.883
5070.174,1772794200,5070.485,5069.009,5069.961
5073.293,1772794500,5073.395,5069.799,5070.304
5076.174,1772794800,5076.301,5073.294,5073.294
5075.701,1772795100,5076.612,5075.084,5076.12
5073.596,1772795400,5075.839,5073.383,5075.799
5074.077,1772795700,5074.344,5072.121,5073.62
5073.202,1772796000,5075.103,5072.813,5073.929
5072.151,1772796300,5073.62,5071.77,5073.117
5071.545,1772796600,5072.645,5071.074,5072.17
5071.938,1772796900,5071.946,5070.13,5071.332
5074.327,1772797200,5074.635,5071.985,5072.047
5077.723,1772797500,5077.723,5074.233,5074.352
5078.42,1772797800,5080.859,5077.453,5077.579
5076.811,1772798100,5078.763,5076.067,5078.306
5077.911,1772798400,5077.911,5075.789,5076.978
5080.768,1772798700,5080.768,5077.824,5077.999
5075.962,1772799000,5080.804,5075.962,5080.791
5078.241,1772799300,5078.86,5075.874,5076.092
5076.276,1772799600,5078.644,5075.594,5078.159
5076.777,1772799900,5077.141,5075.238,5076.137
5078.766,1772800200,5079.175,5076.349,5076.814
5077.026,1772800500,5080.192,5077.026,5078.781
5077.674,1772800800,5077.994,5076.236,5076.995
5079.099,1772801100,5079.368,5077.26,5077.598
5078.553,1772801400,5080.848,5077.697,5079.058
5079.26,1772801700,5079.422,5076.74,5078.607
5078.558,1772802000,5079.805,5077.925,5079.153
5077.534,1772802300,5079.615,5077.534,5078.788
5077.532,1772802600,5078.371,5075.432,5077.5
5077.668,1772802900,5078.519,5076.879,5077.88
5074.67,1772803200,5077.631,5074.402,5077.603
5075.082,1772803500,5075.082,5071.259,5074.342
5072.495,1772803800,5075.959,5072.002,5075.15
5071.251,1772804100,5074.356,5071.09,5072.429
5069.074,1772804400,5071.505,5069.074,5071.34
5068.457,1772804700,5070.039,5068.137,5069.082
5068.525,1772805000,5069.316,5068.046,5068.633
5067.801,1772805300,5069.63,5067.801,5068.527
5066.07,1772805600,5068.913,5065.958,5067.717
5063.512,1772805900,5065.991,5063.297,5065.782
5063.203,1772806200,5064.483,5062.821,5063.609
5065.249,1772806500,5065.427,5062.348,5063.14
5065.945,1772806800,5066.145,5064.982,5065.258
5065.069,1772807100,5066.671,5065.069,5066.177
5062.926,1772807400,5065.373,5062.45,5065.112
5064.011,1772807700,5064.427,5062.56,5062.989
5065.699,1772808000,5065.699,5062.942,5063.983
5066.104,1772808300,5067.006,5065.513,5065.753
5065.856,1772808600,5068.016,5065.241,5065.997
5067.555,1772808900,5068.684,5065.721,5065.806
5069.302,1772809200,5069.398,5067.468,5067.468
5067.47,1772809500,5070.064,5067.358,5069.319
5066.245,1772809800,5067.92,5065.196,5067.598
5066.695,1772810100,5066.796,5064.787,5066.143
5067.172,1772810400,5067.172,5065.036,5066.675
5067.112,1772810700,5067.729,5065.93,5067.207
5068.319,1772811000,5068.496,5066.875,5067.205
5069.401,1772811300,5069.401,5067.324,5068.392
5067.049,1772811600,5069.539,5066.847,5069.497
5068.494,1772811900,5069.207,5067.213,5067.251
5068.135,1772812200,5069.604,5067.64,5068.546
5068.187,1772812500,5068.401,5066.881,5068.178
5069.28,1772812800,5069.961,5067.987,5068.129
5068.587,1772813100,5069.479,5067.88,5069.3
5069.432,1772813400,5069.432,5067.337,5068.68
5069.558,1772813700,5070.967,5068.979,5069.437
5069.328,1772814000,5070.251,5068.723,5069.496
5070.085,1772814300,5070.188,5068.472,5069.375
5070.548,1772814600,5070.73,5068.969,5070.078
5070.624,1772814900,5071.051,5069.526,5070.495
5071.485,1772815200,5072.669,5070.325,5070.579
5073.145,1772815500,5073.876,5071.21,5071.424
5072.954,1772815800,5074.469,5072.69,5073.339
5072.415,1772816100,5073.068,5071.253,5073.068
5071.194,1772816400,5073.355,5071.166,5072.663
5071.39,1772816700,5071.805,5069.909,5071.326
5069.508,1772817000,5071.79,5068.822,5071.375
5070.624,1772817300,5070.711,5068.637,5069.372
5070.909,1772817600,5072.005,5070.271,5070.715
5069.927,1772817900,5071.356,5069.289,5070.777
5070.385,1772818200,5072.253,5069.998,5069.998
5068.557,1772818500,5070.337,5067.463,5070.229
5069.27,1772818800,5070.077,5067.825,5068.737
5066.561,1772819100,5070.261,5066.332,5069.194
5066.566,1772819400,5068.772,5066.566,5066.654
5069.597,1772819700,5070.241,5066.674,5066.733
5069.697,1772820000,5069.911,5068.097,5069.51
5068.453,1772820300,5070.246,5067.385,5069.541
5067.828,1772820600,5069.414,5067.156,5068.456
5066.844,1772820900,5067.747,5066.058,5067.579
5067.558,1772821200,5068.784,5066.826,5066.826
5066.475,1772821500,5068.005,5065.588,5067.516
5067.287,1772821800,5067.743,5065.97,5066.166
5067.583,1772822100,5068.315,5066.634,5067.47
5065.39,1772822400,5068.142,5064.993,5067.83
5063.559,1772822700,5065.561,5062.673,5065.39
5060.895,1772823000,5063.761,5060.388,5063.761
5063.005,1772823300,5063.233,5060.74,5060.806
5062.24,1772823600,5063.523,5062.24,5062.728
5064.146,1772823900,5064.879,5061.66,5062.021
5061.815,1772824200,5063.957,5061.287,5063.942
5062.484,1772824500,5063.822,5061.798,5062.102
5064.395,1772824800,5065.105,5062.641,5062.764
5063.711,1772825100,5066.112,5063.711,5064.605
5061.355,1772825400,5063.959,5061.288,5063.823
5062.276,1772825700,5062.966,5061.294,5061.355
5061.24,1772826000,5062.394,5060.535,5062.333
5060.967,1772826300,5061.846,5059.971,5061.227
5060.404,1772826600,5061.969,5060.272,5060.965
5061.217,1772826900,5061.217,5058.942,5060.593
5063.925,1772827200,5064.273,5060.795,5061.063
5065.119,1772827500,5065.431,5063.255,5063.848
5063.258,1772827800,5065.411,5062.899,5065.1
5064.853,1772828100,5065.758,5062.956,5063.152
5067.766,1772828400,5067.829,5064.468,5064.545
5065.84,1772828700,5068.6,5065.421,5067.939
5068.219,1772829000,5068.476,5065.731,5065.894
5066.945,1772829300,5069.048,5066.393,5068.226
5069.973,1772829600,5070.439,5066.741,5066.854
5068.249,1772829900,5070.071,5067.309,5069.98
5068.325,1772830200,5068.993,5067.536,5068.377
5067.43,1772830500,5068.468,5066.832,5068.06
5066.362,1772830800,5067.486,5066.082,5067.399
5065.536,1772831100,5066.433,5064.695,5066.28
5066.752,1772831400,5067.003,5065.144,5065.253
5067.524,1772831700,5068.167,5066.547,5066.862
5067.72,1772832000,5069.166,5067.288,5067.505
5066.266,1772832300,5068.333,5066.146,5067.82
5066.616,1772832600,5067.588,5065.798,5065.968
5065.98,1772832900,5067.527,5065.817,5066.473
5066.097,1772833200,5067.23,5065.914,5066.023
5064.585,1772833500,5066.341,5064.499,5066.341
5063.863,1772833800,5064.917,5063.018,5064.749
5064.675,1772834100,5065.103,5063.782,5064.03
5065.219,1772834400,5065.91,5064.314,5064.683
5064.366,1772834700,5065.831,5063.394,5065.161
5064.547,1772835000,5065.49,5063.575,5064.441
5061.564,1772835300,5064.581,5061.34,5064.581
5064.108,1772835600,5064.732,5061.069,5061.552
5066.872,1772835900,5067.128,5064.113,5064.27
5066.717,1772836200,5067.849,5065.837,5067.023
5068.976,1772836500,5069.966,5066.632,5066.746
5072.044,1772836800,5072.044,5068.837,5068.923
5072.516,1772837100,5072.779,5070.729,5072.174
5073.873,1772837400,5074.544,5072.12,5072.376
5072.213,1772837700,5074.314,5072.099,5073.972
5071.153,1772838000,5073.1,5070.531,5072.158
5074.972,1772838300,5075.307,5070.7,5071.086
5071.84,1772838600,5075.282,5071.783,5074.948
5073.238,1772838900,5073.279,5071.465,5072.089
5075.683,1772839200,5076.096,5073.3,5073.3
5077.059,1772839500,5077.473,5075.009,5075.803
5076.907,1772839800,5077.636,5076.156,5077.16
5076.071,1772840100,5077.7,5075.467,5076.894
5075.715,1772840400,5076.975,5075.058,5075.778
5076.847,1772840700,5077.014,5075.63,5075.861
5076.775,1772841000,5077.637,5076.5,5076.903
5075.861,1772841300,5077.05,5075.514,5076.839
5076.886,1772841600,5077.123,5075.48,5075.696
5074.557,1772841900,5077.749,5074.511,5076.922
5073.64,1772842200,5074.991,5072.764,5074.492
5074.407,1772842500,5074.626,5072.92,5073.698
5075.05,1772842800,5075.422,5073.515,5074.554
5075.745,1772843100,5076.707,5075.042,5075.136
5077.715,1772843400,5078.821,5075.494,5075.647
5077.154,1772843700,5078.187,5076.048,5077.503
5075.465,1772844000,5077.281,5075.359,5077.118
5077.347,1772844300,5077.961,5075.564,5075.564
5077.206,1772844600,5078.611,5076.899,5077.211
5079.656,1772844900,5079.71,5077.168,5077.41
5076.946,1772845200,5079.957,5076.594,5079.577
5080.695,1772845500,5080.83,5076.83,5076.83
5081.985,1772845800,5082.725,5080.413,5080.701
5080.848,1772846100,5082.186,5080.21,5081.849
5078.927,1772846400,5080.829,5078.591,5080.72
5080.249,1772846700,5081.136,5078.66,5078.89
5082.156,1772847000,5082.156,5079.979,5080.355
5082.524,1772847300,5082.907,5080.835,5081.945
5084.246,1772847600,5084.505,5082.265,5082.466
5084.701,1772847900,5084.701,5083.419,5084.353
5085.669,1772848200,5086.159,5084.168,5084.643
5084.677,1772848500,5086.045,5084.299,5085.57
5085.141,1772848800,5085.793,5084.594,5084.726
5087.394,1772849100,5087.778,5083.727,5084.936
5087.866,1772849400,5088.824,5086.639,5087.37
5090.532,1772849700,5090.877,5087.681,5087.732
5091.123,1772850000,5092.02,5090.384,5090.384
5092.483,1772850300,5093.674,5091.311,5091.379
5091.46,1772850600,5092.583,5090.88,5092.516
5089.624,1772850900,5092.262,5089.376,5091.282
5089.578,1772851200,5089.722,5088.167,5089.644
5090.785,1772851500,5091.316,5088.922,5089.766
5089.262,1772851800,5092.009,5089.203,5090.762
5092.209,1772852100,5092.314,5089.126,5089.433
5090.972,1772852400,5092.826,5090.265,5092.039
5091.393,1772852700,5091.815,5090.815,5091.017
5090.518,1772853000,5091.644,5089.914,5091.239
5089.005,1772853300,5091.335,5088.407,5090.609
5087.558,1772853600,5089.99,5087.382,5089.094
5086.321,1772853900,5088.365,5086.321,5087.67
5086.222,1772854200,5086.574,5084.869,5086.151
5086.641,1772854500,5087.217,5084.768,5086.272
5084.935,1772854800,5087.681,5084.91,5086.682
5086.423,1772855100,5086.428,5083.417,5084.884
5084.495,1772855400,5086.453,5084.255,5086.296
5085.022,1772855700,5085.904,5084.362,5084.743
5086.757,1772856000,5086.848,5084.754,5085.095
5085.237,1772856300,5086.668,5084.582,5086.532
5083.364,1772856600,5085.36,5083.074,5085.36
5082.478,1772856900,5083.529,5080.576,5083.192
5084.084,1772857200,5084.96,5082.608,5082.608
5084.951,1772857500,5085.101,5083.372,5084.161
5081.241,1772857800,5085.263,5080.876,5084.868
5080.371,1772858100,5081.208,5078.851,5081.208
5080.514,1772858400,5081.624,5079.648,5080.519
5080.426,1772858700,5080.86,5079.232,5080.807
5079.117,1772859000,5081.61,5079.106,5080.576
5078.96,1772859300,5079.524,5077.081,5078.985
5078.858,1772859600,5079.993,5077.811,5078.945
5078.384,1772859900,5080.61,5078.313,5078.865
5077.988,1772860200,5078.949,5075.723,5078.345
5077.597,1772860500,5078.835,5077.194,5077.962
5074.957,1772860800,5078.618,5074.511,5077.678
5074.891,1772861100,5076.294,5073.78,5074.796
5073.462,1772861400,5075.295,5072.624,5074.993
5071.833,1772861700,5074.202,5071.175,5073.565
5074.848,1772862000,5074.848,5071.731,5072.01
5074.171,1772862300,5075.695,5074.141,5074.814
5076.901,1772862600,5077.061,5074.255,5074.255
5077.125,1772862900,5077.894,5076.465,5076.894
5078.183,1772863200,5079.128,5076.943,5076.966
5074.726,1772863500,5078.04,5074.726,5078.04
5075.254,1772863800,5076.756,5074.5,5074.823
5075.817,1772864100,5076.191,5074.821,5075.154
5079.736,1772864400,5080.054,5075.384,5075.668
5082.033,1772864700,5082.307,5079.317,5079.712
5083.99,1772865000,5084.716,5082.039,5082.141
5082.671,1772865300,5084.426,5082.052,5084.105
5083.385,1772865600,5083.746,5081.847,5082.373
5086.743,1772865900,5086.743,5082.832,5083.443
5088.013,1772866200,5088.013,5086.112,5086.888
5087.508,1772866500,5088.036,5086.59,5087.944
5090.388,1772866800,5090.793,5087.518,5087.518
5089.881,1772867100,5090.985,5089.56,5090.503
5091.412,1772867400,5092.765,5089.944,5089.956
5092.223,1772867700,5092.223,5090.496,5091.53
5092.875,1772868000,5094.156,5091.341,5092.308
5094.001,1772868300,5095.604,5092.294,5092.947
5094.205,1772868600,5094.245,5092.535,5094.012
5093.737,1772868900,5094.301,5091.654,5094.301
5096.185,1772869200,5096.628,5093.348,5093.829
5095.715,1772869500,5097.278,5094.875,5096.147
5095.136,1772869800,5096.495,5094.688,5095.848
5095.302,1772870100,5095.583,5094.354,5094.987
5094.368,1772870400,5096.177,5094.02,5095.352
5091.792,1772870700,5095.232,5091.792,5094.477
5089.191,1772871000,5092.972,5089.101,5091.971
5087.014,1772871300,5089.197,5085.824,5089.197
5084.28,1772871600,5086.896,5083.873,5086.814
5085.087,1772871900,5085.409,5083.96,5084.229
5085.607,1772872200,5085.951,5082.911,5085.15
5084.682,1772872500,5085.944,5084.074,5085.357
5081.142,1772872800,5085.083,5080.955,5084.651
5080.088,1772873100,5081.473,5079.588,5081.181
5076.152,1772873400,5080.451,5076.152,5079.879
5075.543,1772873700,5076.424,5074.145,5076.122
5074.729,1772874000,5075.691,5073.804,5075.459
5075.324,1772874300,5075.334,5073.72,5074.93
5072.486,1772874600,5075.071,5071.289,5074.941
5072.551,1772874900,5072.877,5071.489,5072.571
5071.24,1772875200,5072.468,5070.564,5072.468
5071.37,1772875500,5072.33,5070.227,5071.5
5072.72,1772875800,5072.955,5070.509,5071.417
5072.815,1772876100,5073.523,5071.903,5072.591
5075.346,1772876400,5076.202,5072.739,5072.874
5077.635,1772876700,5077.795,5074.933,5075.392
5076.675,1772877000,5077.92,5075.993,5077.704
5078.716,1772877300,5079.201,5076.249,5076.674
5078.143,1772877600,5078.747,5077.197,5078.717
5076.232,1772877900,5078.691,5075.765,5078.337
5075.456,1772878200,5076.622,5074.285,5076.36
5075.187,1772878500,5076.657,5074.768,5075.452
5076.127,1772878800,5076.676,5074.951,5075.232
5074.346,1772879100,5076.859,5073.182,5076.395
5075.18,1772879400,5075.539,5073.357,5074.569
5074.629,1772879700,5075.94,5074.317,5075.29
5075.546,1772880000,5076.411,5074.063,5074.521
5073.261,1772880300,5076.468,5073.261,5075.497
5071.064,1772880600,5073.675,5069.817,5073.583
5070.321,1772880900,5071.263,5069.128,5071.124
5070.969,1772881200,5071.382,5069.867,5070.261
5071.521,1772881500,5071.852,5070.373,5071.122
5073.203,1772881800,5073.584,5071.717,5071.717
5073.855,1772882100,5074.752,5073.074,5073.159
5072.35,1772882400,5074.483,5072.177,5073.785
5073.465,1772882700,5073.77,5071.777,5072.405
5071.422,1772883000,5073.46,5071.143,5073.454
5070.892,1772883300,5071.773,5070.445,5071.372
5071.365,1772883600,5071.96,5070.5,5071.039
5073.177,1772883900,5073.187,5069.715,5071.238
5071.557,1772884200,5073.709,5071.557,5073.203
5069.389,1772884500,5072.467,5069.238,5071.84
5069.712,1772884800,5070.323,5069.054,5069.257
5070.584,1772885100,5070.608,5069.208,5069.705
5069.261,1772885400,5070.992,5068.629,5070.5
5070.944,1772885700,5071.078,5069.115,5069.307
5072.262,1772886000,5072.533,5070.44,5071.047
5074.935,1772886300,5075.213,5072.493,5072.493
5073.006,1772886600,5075.717,5073.006,5074.85
5072.427,1772886900,5072.996,5070.967,5072.92
5072.736,1772887200,5073.129,5071.333,5072.644
5073.476,1772887500,5074.069,5072.255,5072.722
5075.032,1772887800,5076.128,5073.388,5073.705
5077.629,1772888100,5077.886,5074.992,5075.004
5079.367,1772888400,5079.367,5076.6,5077.523
5080.362,1772888700,5081.154,5078.87,5079.344
5083.189,1772889000,5084.408,5080.348,5080.46
5083.901,1772889300,5083.901,5081.985,5083.023
5084.701,1772889600,5084.797,5082.477,5084.211
5084.123,1772889900,5085.038,5083.595,5084.588
5084.637,1772890200,5084.813,5083.307,5084.29
5082.767,1772890500,5085.247,5082.281,5084.702
5082.062,1772890800,5084.634,5081.922,5082.687
5084.022,1772891100,5084.346,5081.654,5082.265
5082.811,1772891400,5084.235,5082.286,5083.921
5083.95,1772891700,5084.845,5082.713,5082.929
5082.042,1772892000,5083.931,5081.843,5083.843
5082.309,1772892300,5083.907,5082.054,5082.079
5079.162,1772892600,5082.203,5079.041,5082.165
5078.871,1772892900,5079.675,5078.07,5079.13
5079.99,1772893200,5080.689,5078.733,5079.102
5081.756,1772893500,5083.78,5079.694,5079.839
5083.846,1772893800,5084.208,5080.753,5081.904
5083.93,1772894100,5084.473,5083.322,5083.664
5082.668,1772894400,5083.965,5082.668,5083.945
5084.069,1772894700,5084.14,5082.125,5082.521
5083.234,1772895000,5084.612,5082.693,5084.057
5084.03,1772895300,5084.667,5082.653,5083.232
5083.258,1772895600,5085.795,5082.921,5083.892
5079.794,1772895900,5083.304,5079.56,5083.293
5080.53,1772896200,5081.065,5079.591,5079.616
5080.027,1772896500,5081.11,5079.121,5080.529
5081.708,1772896800,5081.758,5079.293,5079.765
5082.749,1772897100,5083.59,5080.985,5081.753
5083.355,1772897400,5083.696,5082.207,5082.846
5081.373,1772897700,5083.3,5080.351,5083.3
5081.14,1772898000,5082.105,5080.921,5081.505
5082.374,1772898300,5082.771,5080.961,5081.293
5083.014,1772898600,5083.334,5081.754,5082.242
5082.611,1772898900,5083.113,5080.953,5082.996
5081.607,1772899200,5083.572,5081.449,5082.909
5077.749,1772899500,5081.605,5077.617,5081.605
5076.976,1772899800,5078.242,5075.691,5077.808
5076.54,1772900100,5078.089,5076.264,5077.061
5076.525,1772900400,5076.939,5075.296,5076.714
5078.427,1772900700,5079.041,5076.216,5076.688
5081.939,1772901000,5082.544,5078.572,5078.714
5081.457,1772901300,5082.341,5080.85,5082.08
5081.987,1772901600,5082.499,5080.567,5081.484
5082.354,1772901900,5082.646,5080.938,5081.812
5084.087,1772902200,5084.935,5082.284,5082.284
5086.514,1772902500,5087.612,5083.43,5083.647
5084.428,1772902800,5086.451,5083.324,5086.451
5084.308,1772903100,5085.606,5083.638,5084.448
5084.609,1772903400,5085.404,5083.346,5084.196
5086.379,1772903700,5086.968,5083.533,5084.44
5086.276,1772904000,5087.845,5085.959,5086.553
5084.76,1772904300,5087.002,5084.63,5085.993
5084.266,1772904600,5086.006,5084.144,5084.581
5083.874,1772904900,5085.329,5083.553,5084.209
5084.419,1772905200,5084.8,5083.023,5083.924
5082.588,1772905500,5086.453,5082.376,5084.163
5080.344,1772905800,5083.124,5080.149,5082.688
5081.778,1772906100,5082.557,5080.461,5080.461
5083.278,1772906400,5083.729,5081.186,5081.769
5086.315,1772906700,5086.315,5083.246,5083.246
5085.469,1772907000,5087.45,5084.955,5086.302
5084.063,1772907300,5085.916,5083.723,5085.455
5083.257,1772907600,5084.971,5083.161,5084.042
5084.756,1772907900,5084.77,5082.828,5083.283
5086.939,1772908200,5087.1,5084.727,5084.727
5086.499,1772908500,5088.456,5086.263,5086.981
5088.173,1772908800,5088.173,5086.56,5086.712
5088.332,1772909100,5088.886,5087.112,5088.066
5089.504,1772909400,5090.604,5088.184,5088.184
5091.501,1772909700,5091.77,5089.195,5089.383
5090.074,1772910000,5091.952,5089.849,5091.612
5088.838,1772910300,5090.191,5088.441,5090.147
5090.16,1772910600,5090.741,5088.264,5088.752
5088.257,1772910900,5090.445,5088.257,5090.293
5086.591,1772911200,5088.913,5086.58,5088.344
5086.374,1772911500,5088.219,5086.374,5086.816
5084.427,1772911800,5086.81,5083.436,5086.497
5083.306,1772912100,5084.803,5082.72,5084.417
5084.435,1772912400,5084.871,5082.923,5083.2
5083.157,1772912700,5085.089,5083.157,5084.612
5083.457,1772913000,5084.605,5082.706,5082.822
5086.854,1772913300,5087.677,5083.423,5083.437
5088.082,1772913600,5088.393,5085.891,5086.818
5090.86,1772913900,5091.093,5088.16,5088.16
5090.73,1772914200,5091.414,5090.359,5090.725
5091.015,1772914500,5091.378,5090.008,5090.63
5092.136,1772914800,5092.447,5090.793,5091.07
5091.395,1772915100,5093.16,5091.104,5091.75
5091.97,1772915400,5092.305,5090.485,5091.367
5092.847,1772915700,5092.925,5091.306,5091.965
5092.073,1772916000,5093.476,5091.512,5092.934
5091.765,1772916300,5092.354,5090.672,5092.354
5089.801,1772916600,5092.568,5089.668,5091.671
5088.998,1772916900,5090.166,5087.665,5089.883
5087.261,1772917200,5089.099,5086.811,5088.829
5088.633,1772917500,5089.223,5086.315,5087.403
5087.845,1772917800,5089.088,5087.37,5088.642
5087.565,1772918100,5088.476,5086.743,5087.92
5086.042,1772918400,5088.318,5085.114,5087.43
5087.659,1772918700,5088.035,5085.499,5086.354
5085.611,1772919000,5087.528,5085.326,5087.404
5087.787,1772919300,5088.006,5085.245,5085.563
5086.873,1772919600,5087.975,5086.071,5087.769
5087.983,1772919900,5088.354,5086.417,5086.754
5091.415,1772920200,5091.415,5087.707,5087.888
5091.228,1772920500,5093.023,5090.49,5091.272
5090.437,1772920800,5091.787,5089.692,5090.966
5091.67,1772921100,5091.904,5089.963,5090.517
5089.694,1772921400,5092.172,5089.465,5091.812
5090.091,1772921700,5090.694,5089.014,5089.614
5090.327,1772922000,5091.17,5089.589,5089.832
5090.269,1772922300,5090.866,5089.051,5090.443
5090.559,1772922600,5091.251,5089.674,5090.359
5088.582,1772922900,5090.297,5087.822,5090.297
5088.32,1772923200,5090.692,5088.01,5088.562
5088.382,1772923500,5088.922,5087.562,5088.461
5092.497,1772923800,5092.671,5087.498,5088.087
5092.451,1772924100,5095.075,5092.019,5092.634
5096.258,1772924400,5096.281,5091.99,5092.532
5096.114,1772924700,5097.856,5095.243,5096.348
5095.491,1772925000,5096.341,5094.129,5096.274
5094.019,1772925300,5095.607,5093.552,5095.556
5092.763,1772925600,5094.66,5092.016,5093.963
5088.061,1772925900,5092.806,5087.597,5092.725
5088.408,1772926200,5089.626,5087.706,5088.179
5087.843,1772926500,5089.045,5087.336,5088.467
5084.96,1772926800,5087.79,5084.152,5087.58
5083.381,1772927100,5085.131,5082.818,5085.131
5085.462,1772927400,5086.329,5083.282,5083.521
5082.583,1772927700,5085.731,5082.377,5085.446
5079.097,1772928000,5082.673,5078.453,5082.612
5080.099,1772928300,5080.591,5078.457,5079.118
5079.841,1772928600,5081.265,5078.536,5080.232
5079.464,1772928900,5080.733,5079.256,5079.806
5080.394,1772929200,5081.628,5079.059,5079.565
5079.643,1772929500,5080.857,5078.205,5080.38
5081.169,1772929800,5081.18,5079.086,5079.534
5078.307,1772930100,5081.369,5078.168,5081.246
5077.963,1772930400,5079.797,5077.137,5078.431
5078.69,1772930700,5079.68,5076.902,5077.814
5078.177,1772931000,5078.811,5077.48,5078.771
5077.096,1772931300,5078.405,5077.0,5078.204
5077.299,1772931600,5078.308,5076.997,5077.381
5077.234,1772931900,5078.124,5076.482,5077.296
5078.62,1772932200,5078.622,5076.376,5077.353
5077.551,1772932500,5079.63,5076.725,5078.542
5079.574,1772932800,5079.631,5077.203,5077.588
5081.184,1772933100,5081.462,5079.193,5079.614
5080.514,1772933400,5081.682,5080.03,5081.075
5079.092,1772933700,5081.034,5078.786,5080.569
5079.846,1772934000,5080.9,5079.242,5079.242
5079.99,1772934300,5081.143,5079.563,5079.563
5079.384,1772934600,5080.408,5077.875,5079.905
5079.059,1772934900,5080.172,5077.783,5079.367
5077.882,1772935200,5079.711,5077.662,5079.04
5076.442,1772935500,5079.055,5076.077,5077.632
5076.243,1772935800,5077.696,5075.913,5076.54
5075.969,1772936100,5076.399,5075.528,5076.366
5073.849,1772936400,5076.172,5073.108,5075.924
5073.675,1772936700,5074.606,5072.43,5073.957
5073.216,1772937000,5074.388,5072.142,5073.676
5074.222,1772937300,5074.321,5072.582,5073.25
5076.388,1772937600,5077.145,5073.795,5074.22
5077.663,1772937900,5077.795,5075.699,5076.435
5077.666,1772938200,5078.053,5075.851,5077.536
5079.279,1772938500,5079.315,5077.229,5077.641
5079.391,1772938800,5079.585,5076.616,5079.239
5080.296,1772939100,5081.83,5079.532,5079.611
5081.329,1772939400,5082.013,5079.404,5080.222
5083.168,1772939700,5083.168,5081.005,5081.307
5083.837,1772940000,5084.731,5082.351,5083.107
5084.259,1772940300,5085.968,5083.794,5084.015
5082.618,1772940600,5084.771,5082.022,5084.419
5081.123,1772940900,5083.03,5080.135,5082.609
5082.07,1772941200,5082.822,5080.98,5081.152
5079.985,1772941500,5082.864,5079.553,5081.954
5079.93,1772941800,5080.908,5078.496,5080.064
5079.107,1772942100,5080.233,5078.61,5080.072
5080.513,1772942400,5081.657,5079.08,5079.08
5080.789,1772942700,5081.405,5079.505,5080.397
5083.811,1772943000,5084.078,5080.767,5080.783
5083.719,1772943300,5084.521,5082.499,5083.677
5080.268,1772943600,5083.561,5080.268,5083.541
5079.397,1772943900,5080.561,5078.235,5080.451
5081.942,1772944200,5082.033,5079.292,5079.539
5082.594,1772944500,5082.594,5080.967,5081.913
5085.021,1772944800,5085.033,5082.714,5082.755
5086.431,1772945100,5086.431,5084.415,5085.017
5088.698,1772945400,5088.994,5086.217,5086.659
5089.417,1772945700,5090.107,5088.471,5088.644
5089.264,1772946000,5090.163,5088.582,5089.335
5089.973,1772946300,5090.365,5088.905,5089.301
5088.344,1772946600,5090.177,5088.1,5090.081
5089.864,1772946900,5090.89,5088.287,5088.45
5091.044,1772947200,5092.477,5089.441,5089.883
5090.978,1772947500,5092.607,5090.274,5091.363
5087.395,1772947800,5091.266,5087.356,5091.123
5084.304,1772948100,5087.628,5084.304,5087.504
5083.548,1772948400,5084.316,5082.777,5084.276
5084.644,1772948700,5084.68,5082.326,5083.407
5085.496,1772949000,5085.893,5083.303,5084.527
5084.361,1772949300,5085.485,5083.626,5085.485
5081.861,1772949600,5084.508,5081.083,5084.508
5080.271,1772949900,5083.003,5080.111,5081.845
5076.189,1772950200,5080.49,5075.84,5080.111
5075.846,1772950500,5077.18,5075.586,5076.184
5077.176,1772950800,5077.253,5075.075,5075.905
5075.389,1772951100,5078.054,5075.29,5077.196
5075.873,1772951400,5076.715,5074.665,5075.548
5075.417,1772951700,5076.663,5074.455,5076.047
5074.965,1772952000,5076.008,5074.466,5075.44
5075.981,1772952300,5076.526,5074.863,5075.225
5075.796,1772952600,5076.996,5075.426,5076.041
5077.541,1772952900,5077.568,5075.17,5075.827
5078.336,1772953200,5078.666,5076.536,5077.542
5076.921,1772953500,5078.474,5076.296,5078.345
5076.246,1772953800,5077.696,5076.007,5076.881
5075.346,1772954100,5076.284,5073.995,5076.222
5075.973,1772954400,5076.123,5074.263,5075.259
5074.792,1772954700,5076.681,5074.18,5075.944
5073.348,1772955000,5075.122,5072.981,5075.013
5075.844,1772955300,5075.881,5072.681,5073.301
5079.961,1772955600,5079.961,5075.493,5075.834
5079.499,1772955900,5080.863,5078.886,5080.035
5076.81,1772956200,5081.303,5076.766,5079.723
5075.161,1772956500,5077.5,5074.682,5076.86
5074.733,1772956800,5075.479,5073.619,5075.322
5075.483,1772957100,5076.307,5074.73,5074.73
5076.295,1772957400,5077.803,5075.519,5075.661
5073.38,1772957700,5076.302,5072.636,5076.302
5074.717,1772958000,5074.75,5072.386,5073.67
5079.18,1772958300,5079.364,5074.383,5074.639
5079.623,1772958600,5080.685,5078.723,5079.232
5079.552,1772958900,5080.519,5078.581,5079.496
5080.745,1772959200,5081.564,5079.478,5079.749
5080.207,1772959500,5081.485,5078.706,5080.867
5079.247,1772959800,5080.917,5079.247,5080.22
5077.09,1772960100,5080.042,5077.003,5079.182
5078.714,1772960400,5080.782,5076.49,5077.275
5076.611,1772960700,5080.479,5076.448,5078.765
5076.836,1772961000,5077.431,5075.771,5076.554
5076.015,1772961300,5077.328,5074.483,5076.932
5076.434,1772961600,5077.013,5075.607,5075.757
5073.651,1772961900,5076.75,5073.651,5076.478
5073.638,1772962200,5075.77,5073.34,5073.709
5074.158,1772962500,5074.758,5073.008,5073.705
5073.496,1772962800,5074.861,5073.299,5074.157
5072.549,1772963100,5074.587,5071.67,5073.483
5072.141,1772963400,5072.872,5071.215,5072.662
5072.964,1772963700,5074.049,5070.972,5072.158
5070.872,1772964000,5073.234,5070.227,5072.952
5073.227,1772964300,5073.579,5070.34,5071.117
5074.273,1772964600,5074.748,5071.86,5073.049
5076.872,1772964900,5077.141,5074.419,5074.478
5076.539,1772965200,5077.077,5074.761,5076.863
5077.704,1772965500,5077.8,5075.766,5076.636
5079.794,1772965800,5080.466,5077.79,5077.889
5080.099,1772966100,5080.099,5078.748,5079.668
5081.461,1772966400,5082.258,5079.837,5080.224
5083.309,1772966700,5083.669,5081.237,5081.237
5082.914,1772967000,5083.578,5081.616,5083.481
5081.864,1772967300,5082.893,5081.259,5082.866
5080.259,1772967600,5081.896,5080.114,5081.896
5080.64,1772967900,5081.107,5078.941,5080.554
5082.232,1772968200,5082.333,5080.48,5080.645
5081.837,1772968500,5084.439,5081.383,5082.479
5081.649,1772968800,5082.48,5081.009,5081.975
5084.483,1772969100,5085.551,5081.257,5081.553
5087.231,1772969400,5087.669,5083.673,5084.606
5086.218,1772969700,5087.53,5084.476,5087.266
5085.686,1772970000,5086.697,5085.239,5086.304
5085.636,1772970300,5086.54,5084.115,5085.782
5081.981,1772970600,5086.043,5081.981,5085.772
5080.264,1772970900,5082.518,5079.681,5082.073
5081.016,1772971200,5081.348,5079.885,5080.312
5079.073,1772971500,5080.945,5078.478,5080.849
5079.823,1772971800,5080.889,5078.775,5078.944
5077.64,1772972100,5079.955,5077.543,5079.955
5076.986,1772972400,5078.426,5076.45,5077.632
5078.162,1772972700,5078.162,5076.897,5076.897
5078.588,1772973000,5078.783,5076.364,5078.228
5077.624,1772973300,5078.785,5077.552,5078.682
5076.071,1772973600,5078.019,5075.207,5077.72
5078.814,1772973900,5078.814,5075.818,5076.187
5076.891,1772974200,5078.573,5076.502,5078.573
5078.744,1772974500,5078.744,5076.42,5076.942
5080.311,1772974800,5081.914,5078.698,5078.793
5079.414,1772975100,5080.56,5079.062,5080.495
5080.778,1772975400,5082.306,5079.192,5079.535
5081.214,1772975700,5081.412,5079.346,5080.763
5082.33,1772976000,5082.753,5079.648,5081.206
5084.664,1772976300,5084.926,5082.084,5082.249
5085.011,1772976600,5085.735,5084.336,5084.833
5085.576,1772976900,5086.728,5084.245,5084.89
5085.885,1772977200,5086.763,5085.353,5085.575
5082.727,1772977500,5086.392,5082.727,5085.954
5081.83,1772977800,5082.937,5081.83,5082.805
5082.99,1772978100,5083.492,5081.529,5081.843
5083.677,1772978400,5084.305,5082.871,5082.958
5082.294,1772978700,5083.953,5081.418,5083.778
5081.108,1772979000,5082.284,5080.963,5082.245
5082.628,1772979300,5083.188,5080.868,5081.076
5084.935,1772979600,5085.422,5081.985,5082.788
5085.633,1772979900,5086.748,5084.694,5085.077
5084.189,1772980200,5086.291,5083.779,5085.549
5086.426,1772980500,5087.017,5083.997,5084.069
5086.57,1772980800,5086.972,5084.948,5086.484
5086.18,1772981100,5086.934,5085.544,5086.474
5088.864,1772981400,5089.356,5086.221,5086.221
5088.887,1772981700,5090.233,5088.344,5088.774
5087.687,1772982000,5089.859,5087.687,5088.922
5085.674,1772982300,5088.94,5085.402,5087.927
5086.71,1772982600,5087.22,5085.681,5085.734
5084.128,1772982900,5088.044,5084.128,5086.71
5085.23,1772983200,5085.311,5083.557,5084.108
5088.491,1772983500,5089.103,5085.293,5085.356
5086.082,1772983800,5088.414,5085.96,5088.414
5083.512,1772984100,5086.174,5083.133,5086.115
5085.029,1772984400,5085.943,5083.524,5083.524
5088.052,1772984700,5088.369,5084.277,5084.961
5089.464,1772985000,5089.542,5086.672,5087.699
5087.882,1772985300,5089.49,5087.663,5089.323
5088.31,1772985600,5089.307,5087.775,5087.901
5091.731,1772985900,5091.821,5088.071,5088.132
5093.6,1772986200,5093.837,5091.687,5091.813
5096.368,1772986500,5096.445,5094.498,5094.809
