close,epoch,high,low,open
2880.48,1772295600,2882.395,2879.742,2880.287
2878.333,1772295900,2880.329,2877.026,2880.329
2878.83,1772296200,2878.893,2875.099,2878.231
2879.746,1772296500,2880.158,2878.273,2878.607
2875.366,1772296800,2880.051,2875.166,2880.051
2875.679,1772297100,2875.982,2874.039,2875.593
2877.607,1772297400,2877.989,2875.317,2875.607
2876.363,1772297700,2877.574,2875.362,2877.574
2875.64,1772298000,2876.969,2873.803,2876.341
2875.255,1772298300,2876.878,2874.11,2875.709
2875.561,1772298600,2876.676,2874.502,2874.96
2873.944,1772298900,2875.65,2871.974,2875.435
2875.637,1772299200,2876.628,2873.307,2873.813
2876.742,1772299500,2877.151,2874.86,2875.457
2879.271,1772299800,2880.058,2876.041,2877.02
2879.028,1772300100,2880.767,2876.194,2879.326
2880.552,1772300400,2880.898,2877.706,2879.223
2881.367,1772300700,2882.002,2879.202,2880.744
2880.832,1772301000,2882.664,2879.834,2881.212
2883.23,1772301300,2883.48,2879.698,2880.823
2884.653,1772301600,2885.798,2882.568,2883.309
2884.806,1772301900,2885.518,2883.89,2884.851
2886.94,1772302200,2887.036,2884.298,2884.607
2887.521,1772302500,2888.584,2885.522,2887.102
2886.676,1772302800,2887.179,2884.673,2887.167
2887.142,1772303100,2887.751,2886.064,2886.433
2887.397,1772303400,2888.156,2885.074,2887.424
2886.792,1772303700,2889.795,2885.913,2887.744
2884.406,1772304000,2888.115,2883.783,2886.955
2882.496,1772304300,2884.928,2882.496,2884.337
2882.776,1772304600,2883.338,2881.107,2883.011
2887.038,1772304900,2887.601,2882.511,2882.511
2887.295,1772305200,2888.715,2886.218,2887.163
2888.179,1772305500,2888.576,2886.27,2887.539
2887.897,1772305800,2890.074,2887.897,2888.714
2885.673,1772306100,2888.323,2885.081,2888.07
2883.474,1772306400,2886.359,2882.565,2886.151
2883.237,1772306700,2884.871,2883.005,2883.424
2886.221,1772307000,2886.988,2883.183,2883.183
2887.957,1772307300,2888.884,2885.446,2886.67
2888.238,1772307600,2889.505,2887.32,2887.78
2892.656,1772307900,2892.656,2888.278,2888.414
2889.23,1772308200,2893.604,2889.104,2892.782
2890.468,1772308500,2892.069,2888.935,2888.935
2889.26,1772308800,2891.893,2889.26,2890.42
2892.623,1772309100,2893.775,2888.571,2889.704
2892.575,1772309400,2893.556,2891.678,2892.483
2891.558,1772309700,2892.709,2890.089,2892.318
2893.982,1772310000,2895.512,2890.984,2891.62
2893.387,1772310300,2893.934,2892.3,2893.827
2896.623,1772310600,2896.623,2892.914,2893.131
2901.853,1772310900,2902.349,2896.618,2896.618
2900.28,1772311200,2903.038,2899.761,2902.078
2895.593,1772311500,2900.434,2895.444,2900.302
2895.136,1772311800,2895.939,2893.043,2895.69
2900.787,1772312100,2901.35,2895.165,2895.467
2897.305,1772312400,2900.92,2895.839,2900.661
2895.075,1772312700,2898.272,2893.785,2897.595
2892.384,1772313000,2895.699,2892.371,2895.025
2892.516,1772313300,2893.938,2891.531,2892.809
2890.548,1772313600,2893.239,2890.424,2892.259
2890.709,1772313900,2891.086,2889.329,2890.47
2887.268,1772314200,2892.235,2887.268,2890.686
2886.793,1772314500,2888.268,2885.914,2887.149
2889.166,1772314800,2890.249,2886.506,2886.609
2893.778,1772315100,2893.778,2888.101,2889.172
2896.884,1772315400,2897.326,2892.628,2893.779
2899.382,1772315700,2899.861,2896.577,2896.924
2899.58,1772316000,2900.01,2897.728,2899.62
2896.332,1772316300,2899.864,2896.332,2899.602
2894.723,1772316600,2897.249,2893.767,2896.329
2898.218,1772316900,2898.419,2892.604,2894.568
2894.071,1772317200,2898.459,2894.041,2898.412
2892.354,1772317500,2894.93,2890.851,2894.087
2895.311,1772317800,2895.91,2892.309,2892.309
2894.771,1772318100,2896.736,2894.119,2895.564
2899.48,1772318400,2900.001,2894.351,2894.555
2899.273,1772318700,2900.901,2899.025,2899.1
2896.51,1772319000,2899.419,2896.112,2899.332
2898.906,1772319300,2899.642,2896.458,2896.458
2895.175,1772319600,2899.36,2894.664,2899.01
2892.386,1772319900,2895.782,2892.386,2895.137
2891.373,1772320200,2893.016,2890.918,2892.374
2892.842,1772320500,2894.73,2890.88,2891.091
2892.857,1772320800,2893.856,2891.586,2892.864
2890.671,1772321100,2893.77,2890.618,2893.021
2891.599,1772321400,2892.416,2889.615,2890.98
2888.296,1772321700,2892.125,2888.296,2891.676
2887.179,1772322000,2888.698,2886.842,2888.257
2886.245,1772322300,2888.358,2885.895,2887.144
2886.648,1772322600,2888.462,2886.172,2886.177
2886.805,1772322900,2887.348,2885.788,2886.719
2886.674,1772323200,2889.831,2886.219,2886.76
2887.146,1772323500,2889.856,2885.818,2886.466
2890.741,1772323800,2892.448,2887.119,2887.175
2886.487,1772324100,2890.935,2885.669,2890.757
2882.342,1772324400,2886.568,2881.85,2886.568
2881.001,1772324700,2882.553,2880.457,2882.287
2881.026,1772325000,2881.9,2878.826,2881.219
2882.555,1772325300,2883.48,2879.463,2880.94
2882.185,1772325600,2883.646,2881.591,2882.692
2883.692,1772325900,2884.136,2880.977,2881.933
2882.744,1772326200,2884.579,2881.634,2883.743
2881.479,1772326500,2884.324,2881.479,2882.288
2881.066,1772326800,2882.743,2880.443,2881.758
2882.746,1772327100,2883.48,2880.267,2881.134
2882.895,1772327400,2884.737,2882.477,2882.762
2878.815,1772327700,2883.07,2878.474,2882.952
2882.266,1772328000,2882.417,2878.301,2878.364
2883.279,1772328300,2884.682,2881.059,2882.06
2885.671,1772328600,2885.671,2882.144,2883.195
2886.964,1772328900,2888.028,2885.558,2885.558
2886.028,1772329200,2887.713,2885.774,2887.384
2891.842,1772329500,2892.049,2885.413,2885.945
2892.786,1772329800,2893.283,2891.349,2891.93
2891.274,1772330100,2895.176,2890.768,2892.94
2893.637,1772330400,2894.602,2890.93,2891.593
2893.381,1772330700,2894.87,2893.33,2893.877
2892.845,1772331000,2894.42,2892.144,2893.538
2893.013,1772331300,2894.213,2891.742,2892.897
2892.14,1772331600,2893.738,2891.302,2893.115
2893.394,1772331900,2893.908,2891.355,2892.098
2888.962,1772332200,2893.442,2886.262,2893.243
2891.951,1772332500,2892.001,2887.963,2889.091
2893.428,1772332800,2894.874,2891.469,2892.227
2895.27,1772333100,2895.379,2892.427,2893.182
2896.841,1772333400,2898.091,2894.347,2895.209
2898.704,1772333700,2898.719,2895.906,2896.748
2900.108,1772334000,2901.826,2898.031,2898.704
2900.526,1772334300,2902.516,2899.22,2900.088
2900.489,1772334600,2901.686,2897.639,2900.057
2900.905,1772334900,2902.554,2899.324,2900.384
2903.509,1772335200,2903.92,2900.771,2901.252
2901.307,1772335500,2905.213,2900.888,2903.384
2900.962,1772335800,2902.234,2900.13,2901.322
2904.75,1772336100,2905.887,2901.381,2901.381
2913.075,1772336400,2913.075,2904.92,2904.92
2914.634,1772336700,2915.296,2912.72,2913.0
2914.783,1772337000,2916.207,2913.205,2914.537
2917.576,1772337300,2918.031,2914.577,2914.734
2920.009,1772337600,2920.567,2917.036,2917.76
2921.915,1772337900,2922.382,2919.339,2920.307
2919.966,1772338200,2922.17,2917.723,2921.865
2922.39,1772338500,2923.085,2918.399,2919.809
2922.575,1772338800,2924.189,2921.505,2922.302
2921.29,1772339100,2922.716,2919.872,2922.371
2921.232,1772339400,2923.27,2921.128,2921.651
2921.735,1772339700,2922.971,2920.105,2921.252
2919.843,1772340000,2921.487,2917.403,2921.469
2916.605,1772340300,2919.867,2916.112,2919.867
2919.433,1772340600,2919.957,2915.743,2916.912
2919.265,1772340900,2921.091,2918.627,2919.626
2920.025,1772341200,2921.136,2918.327,2919.474
2921.011,1772341500,2922.161,2919.011,2919.834
2921.295,1772341800,2922.331,2919.805,2921.17
2919.128,1772342100,2922.067,2917.301,2921.399
2918.516,1772342400,2920.082,2917.361,2919.034
2920.038,1772342700,2921.926,2918.353,2918.517
2919.908,1772343000,2922.669,2919.587,2920.027
2920.734,1772343300,2921.239,2918.277,2919.888
2921.434,1772343600,2921.523,2918.499,2920.413
2924.855,1772343900,2924.982,2920.034,2921.321
2927.77,1772344200,2928.048,2924.731,2924.824
2932.092,1772344500,2932.432,2927.502,2927.759
2935.765,1772344800,2937.308,2932.029,2932.045
2936.693,1772345100,2937.546,2935.254,2935.544
2940.085,1772345400,2940.085,2935.645,2936.767
2937.299,1772345700,2940.954,2936.911,2940.203
2942.233,1772346000,2942.233,2937.513,2937.513
2943.047,1772346300,2943.135,2941.57,2942.446
2946.156,1772346600,2946.156,2942.118,2943.124
2947.467,1772346900,2948.545,2946.033,2946.286
2945.141,1772347200,2947.252,2944.991,2947.252
2947.574,1772347500,2948.258,2943.9,2945.411
2947.75,1772347800,2948.807,2946.662,2947.342
2949.132,1772348100,2949.91,2946.795,2948.034
2948.239,1772348400,2950.206,2948.12,2949.32
2950.596,1772348700,2951.554,2948.071,2948.68
2949.966,1772349000,2951.563,2949.62,2950.672
2948.096,1772349300,2950.131,2947.319,2949.931
2945.763,1772349600,2948.381,2945.117,2948.102
2949.284,1772349900,2949.913,2945.601,2945.665
2949.112,1772350200,2949.768,2947.76,2949.223
2949.046,1772350500,2950.148,2948.286,2949.111
2949.921,1772350800,2949.921,2947.624,2948.971
2950.199,1772351100,2951.454,2948.959,2949.961
2944.856,1772351400,2950.736,2944.7,2950.019
2949.174,1772351700,2949.626,2944.682,2944.744
2949.226,1772352000,2949.884,2944.712,2949.028
2948.04,1772352300,2950.763,2947.582,2949.537
2946.894,1772352600,2949.466,2946.167,2948.27
2947.598,1772352900,2948.941,2946.179,2947.222
2948.749,1772353200,2948.849,2945.973,2947.702
2951.08,1772353500,2951.268,2947.998,2948.834
2953.431,1772353800,2954.044,2949.317,2951.138
2955.247,1772354100,2955.972,2953.214,2953.541
2956.161,1772354400,2956.592,2953.929,2954.982
2956.847,1772354700,2957.911,2954.898,2956.092
2956.46,1772355000,2958.016,2955.903,2956.82
2954.096,1772355300,2957.722,2954.096,2956.791
2952.8,1772355600,2955.78,2952.323,2954.269
2953.205,1772355900,2955.798,2952.322,2952.547
2951.837,1772356200,2954.066,2951.272,2953.142
2956.472,1772356500,2958.011,2951.953,2951.953
2958.575,1772356800,2958.655,2955.274,2956.454
2961.667,1772357100,2962.935,2958.593,2958.796
2963.797,1772357400,2965.239,2961.516,2961.559
2962.853,1772357700,2965.268,2962.157,2964.092
2961.66,1772358000,2963.218,2960.102,2962.849
2964.321,1772358300,2965.347,2961.649,2961.764
2969.894,1772358600,2970.94,2964.237,2964.515
2973.167,1772358900,2973.618,2969.577,2969.766
2972.885,1772359200,2975.008,2972.556,2973.281
2972.349,1772359500,2973.275,2970.604,2972.514
2968.744,1772359800,2972.548,2968.138,2972.237
2969.32,1772360100,2970.052,2967.014,2968.696
2969.327,1772360400,2970.369,2967.821,2969.092
2972.31,1772360700,2972.682,2969.18,2969.585
2971.237,1772361000,2973.062,2970.664,2972.445
2970.692,1772361300,2973.233,2970.195,2971.138
2971.331,1772361600,2972.118,2970.373,2970.951
2974.753,1772361900,2976.066,2970.136,2971.113
2976.942,1772362200,2977.453,2974.357,2974.955
2976.985,1772362500,2978.716,2976.228,2977.005
2974.939,1772362800,2977.665,2974.179,2976.708
2975.056,1772363100,2975.777,2972.229,2974.901
2976.933,1772363400,2977.992,2974.854,2975.068
2980.386,1772363700,2980.972,2976.972,2976.972
2979.082,1772364000,2981.409,2977.404,2980.344
2980.823,1772364300,2981.835,2978.563,2979.067
2982.756,1772364600,2984.24,2980.59,2980.766
2984.932,1772364900,2985.724,2982.192,2982.692
2979.214,1772365200,2985.281,2978.41,2984.709
2977.277,1772365500,2979.47,2976.912,2979.109
2975.649,1772365800,2979.163,2975.551,2977.092
2977.272,1772366100,2978.02,2975.232,2975.8
2975.941,1772366400,2977.861,2974.904,2977.208
2972.96,1772366700,2976.665,2972.96,2975.686
2969.718,1772367000,2973.736,2969.094,2973.14
2972.668,1772367300,2973.022,2969.626,2969.746
2972.078,1772367600,2972.654,2969.46,2972.654
2971.672,1772367900,2973.706,2971.52,2972.085
2971.767,1772368200,2972.654,2969.882,2971.928
2971.215,1772368500,2972.991,2970.912,2971.59
2970.28,1772368800,2972.937,2969.917,2970.872
2970.411,1772369100,2973.028,2969.582,2970.365
2969.5,1772369400,2970.778,2968.665,2970.319
2969.42,1772369700,2971.349,2968.944,2969.505
2967.827,1772370000,2971.378,2967.759,2969.443
2970.768,1772370300,2971.063,2966.015,2967.794
2972.029,1772370600,2974.606,2970.529,2970.536
2969.065,1772370900,2971.909,2968.418,2971.909
2967.135,1772371200,2971.019,2966.903,2969.065
2965.55,1772371500,2967.913,2964.032,2967.075
2966.164,1772371800,2966.75,2964.813,2965.717
2968.684,1772372100,2968.723,2964.74,2966.274
2968.222,1772372400,2970.289,2967.746,2968.462
2968.391,1772372700,2968.515,2964.982,2967.691
2971.808,1772373000,2972.785,2968.264,2968.643
2973.006,1772373300,2974.46,2970.584,2971.907
2973.684,1772373600,2974.608,2972.196,2973.221
2977.287,1772373900,2978.029,2973.066,2973.515
2978.22,1772374200,2978.637,2976.41,2976.993
2980.112,1772374500,2981.007,2976.582,2978.095
2979.01,1772374800,2980.965,2978.192,2979.94
2980.012,1772375100,2980.181,2975.059,2978.981
2979.13,1772375400,2981.984,2978.678,2979.758
2982.285,1772375700,2982.599,2978.794,2979.259
2979.936,1772376000,2982.51,2979.906,2982.015
2976.17,1772376300,2981.638,2976.17,2979.955
2968.575,1772376600,2976.568,2968.562,2975.903
2972.866,1772376900,2972.866,2968.154,2968.71
2971.854,1772377200,2973.42,2971.15,2973.093
2971.547,1772377500,2973.594,2971.384,2971.994
2969.251,1772377800,2972.501,2968.923,2971.701
2963.863,1772378100,2970.275,2963.637,2968.993
2962.421,1772378400,2964.046,2961.422,2964.046
2967.092,1772378700,2967.547,2962.078,2962.879
2965.994,1772379000,2968.275,2963.252,2967.393
2963.904,1772379300,2967.258,2963.904,2966.087
2964.734,1772379600,2966.015,2962.697,2963.879
2968.044,1772379900,2968.292,2964.483,2964.805
2971.137,1772380200,2971.689,2966.715,2967.944
2969.258,1772380500,2972.42,2968.332,2971.317
2971.607,1772380800,2971.881,2969.38,2969.38
2973.913,1772381100,2973.975,2970.172,2971.486
2974.518,1772381400,2975.985,2973.231,2973.804
2972.589,1772381700,2974.682,2969.565,2974.682
2972.598,1772382000,2973.484,2969.451,2972.555
2975.724,1772382300,2975.86,2972.665,2972.721
2973.505,1772382600,2976.73,2972.988,2975.954
2972.869,1772382900,2974.236,2971.005,2973.635
2975.471,1772383200,2975.471,2972.7,2973.093
2973.223,1772383500,2975.92,2972.819,2975.509
2966.667,1772383800,2973.772,2966.292,2973.279
2970.384,1772384100,2971.285,2966.762,2966.762
2966.867,1772384400,2970.849,2966.109,2970.273
2963.116,1772384700,2966.917,2962.34,2966.907
2965.322,1772385000,2965.72,2962.426,2963.175
2964.031,1772385300,2966.968,2964.031,2965.562
2963.681,1772385600,2964.634,2962.649,2963.774
2963.864,1772385900,2964.59,2962.702,2963.669
2959.446,1772386200,2963.831,2959.446,2963.792
2960.36,1772386500,2960.915,2959.338,2959.53
2956.459,1772386800,2961.049,2955.828,2960.757
2956.993,1772387100,2959.138,2956.085,2956.709
2954.386,1772387400,2957.522,2954.097,2956.931
2955.004,1772387700,2956.489,2953.651,2954.207
2953.575,1772388000,2955.164,2952.935,2954.96
2953.699,1772388300,2954.656,2952.121,2953.566
2953.33,1772388600,2954.983,2953.148,2953.747
2953.633,1772388900,2955.41,2952.761,2953.31
2951.57,1772389200,2954.492,2950.05,2953.704
2951.234,1772389500,2954.751,2950.569,2951.549
2953.437,1772389800,2954.501,2950.9,2951.29
2952.672,1772390100,2953.409,2950.759,2953.409
2954.606,1772390400,2954.606,2951.685,2952.885
2951.086,1772390700,2955.341,2950.498,2954.619
2948.017,1772391000,2953.206,2947.491,2951.273
2946.839,1772391300,2948.871,2945.691,2947.863
2949.233,1772391600,2949.669,2946.874,2946.874
2947.552,1772391900,2949.927,2947.238,2949.622
2948.922,1772392200,2950.64,2947.538,2947.538
2951.944,1772392500,2953.979,2949.068,2949.068
2952.17,1772392800,2953.924,2951.237,2951.734
2949.942,1772393100,2952.972,2948.782,2952.378
2953.851,1772393400,2954.344,2949.723,2949.723
2952.895,1772393700,2954.889,2952.569,2953.827
2949.715,1772394000,2953.987,2949.42,2953.034
2950.205,1772394300,2952.282,2949.631,2949.678
2949.848,1772394600,2951.502,2949.375,2950.432
2950.683,1772394900,2951.558,2948.536,2949.392
2951.611,1772395200,2953.879,2950.579,2950.81
2955.091,1772395500,2955.091,2951.725,2951.725
2955.645,1772395800,2956.421,2954.274,2955.204
2955.369,1772396100,2957.239,2954.98,2955.901
2952.37,1772396400,2955.604,2951.798,2955.477
2951.911,1772396700,2953.187,2951.093,2951.987
2948.137,1772397000,2952.163,2948.092,2951.98
2946.492,1772397300,2948.958,2946.204,2948.499
2943.201,1772397600,2946.566,2942.88,2946.539
2941.239,1772397900,2944.634,2941.239,2943.194
2941.371,1772398200,2942.151,2940.329,2941.328
2942.649,1772398500,2943.121,2940.419,2941.209
2941.46,1772398800,2943.7,2941.038,2942.567
2944.914,1772399100,2945.156,2940.395,2940.99
2943.442,1772399400,2945.297,2942.501,2944.539
2941.221,1772399700,2944.119,2941.14,2943.403
2945.834,1772400000,2946.076,2940.016,2941.376
2942.178,1772400300,2946.377,2941.795,2946.003
2941.534,1772400600,2942.446,2940.423,2942.243
2940.806,1772400900,2941.91,2940.274,2941.693
2941.056,1772401200,2941.628,2939.243,2940.991
2941.159,1772401500,2942.608,2940.031,2941.042
2941.685,1772401800,2942.341,2940.213,2941.395
2943.314,1772402100,2944.333,2941.705,2941.705
2940.753,1772402400,2943.723,2940.01,2943.427
2939.416,1772402700,2942.182,2938.863,2940.817
2942.279,1772403000,2943.422,2938.721,2938.971
2943.492,1772403300,2944.221,2942.565,2942.567
2941.618,1772403600,2945.275,2941.618,2943.689
2940.902,1772403900,2941.759,2939.981,2941.385
2943.238,1772404200,2944.848,2940.983,2941.051
2945.99,1772404500,2948.518,2943.477,2943.477
2945.229,1772404800,2947.848,2945.131,2946.393
2951.709,1772405100,2951.871,2944.882,2945.496
2948.74,1772405400,2951.623,2948.061,2951.623
2950.057,1772405700,2950.346,2948.23,2948.819
2944.294,1772406000,2949.933,2943.971,2949.933
2946.409,1772406300,2947.553,2943.735,2944.267
2948.02,1772406600,2950.401,2946.172,2946.296
2946.334,1772406900,2949.462,2946.074,2948.126
2944.889,1772407200,2946.286,2943.682,2946.132
2944.705,1772407500,2945.659,2942.905,2944.728
2945.203,1772407800,2945.684,2943.738,2944.645
2940.906,1772408100,2945.374,2940.721,2945.195
2937.337,1772408400,2941.492,2936.56,2940.946
2936.643,1772408700,2939.421,2936.403,2937.4
2938.8,1772409000,2938.8,2936.273,2936.632
2939.169,1772409300,2941.363,2938.335,2938.838
2940.064,1772409600,2940.887,2937.821,2939.204
2942.103,1772409900,2942.604,2939.404,2940.009
2943.578,1772410200,2946.022,2941.738,2941.819
2940.846,1772410500,2943.957,2940.526,2943.705
2942.906,1772410800,2943.697,2940.488,2940.874
2945.45,1772411100,2946.237,2942.134,2942.839
2946.373,1772411400,2947.805,2943.737,2945.609
2944.586,1772411700,2946.918,2943.556,2946.404
2947.798,1772412000,2948.008,2943.345,2944.413
2945.101,1772412300,2948.697,2944.932,2947.533
2946.025,1772412600,2946.837,2944.343,2945.058
2946.653,1772412900,2947.828,2945.808,2946.18
2949.062,1772413200,2949.563,2945.863,2947.092
2955.395,1772413500,2955.539,2949.205,2949.331
2955.401,1772413800,2957.115,2955.009,2955.303
2952.819,1772414100,2955.481,2951.423,2955.481
2951.294,1772414400,2953.702,2950.44,2952.886
2946.15,1772414700,2951.428,2945.973,2950.958
2942.012,1772415000,2946.333,2941.423,2946.333
2938.19,1772415300,2941.936,2937.491,2941.86
2938.342,1772415600,2939.629,2937.702,2938.227
2939.911,1772415900,2940.422,2937.448,2938.49
2940.727,1772416200,2941.509,2939.022,2939.728
2940.582,1772416500,2942.155,2939.816,2940.817
2934.999,1772416800,2941.793,2934.761,2940.649
2932.332,1772417100,2935.446,2931.995,2935.408
2930.637,1772417400,2933.111,2929.714,2932.242
2932.07,1772417700,2933.507,2930.065,2930.599
2934.127,1772418000,2934.65,2931.582,2932.168
2933.777,1772418300,2934.473,2932.228,2933.934
2929.381,1772418600,2934.901,2929.067,2934.052
2932.759,1772418900,2933.082,2928.36,2929.576
2933.063,1772419200,2934.559,2931.06,2932.721
2933.202,1772419500,2935.19,2930.998,2932.761
2932.173,1772419800,2935.095,2931.044,2933.136
2932.997,1772420100,2934.15,2930.79,2931.908
2930.936,1772420400,2933.529,2930.701,2932.853
2931.819,1772420700,2933.565,2930.198,2930.758
2931.762,1772421000,2933.141,2931.197,2932.025
2934.414,1772421300,2935.632,2931.95,2931.95
2936.97,1772421600,2937.329,2933.887,2934.436
2937.653,1772421900,2938.258,2936.132,2936.95
2938.085,1772422200,2938.173,2936.129,2937.555
2936.7,1772422500,2937.951,2935.326,2937.911
2933.734,1772422800,2937.391,2931.838,2936.648
2934.51,1772423100,2935.388,2933.038,2933.8
2935.128,1772423400,2935.91,2933.903,2934.395
2932.512,1772423700,2935.646,2931.611,2935.04
2932.344,1772424000,2933.858,2930.804,2932.706
2933.34,1772424300,2935.586,2932.217,2932.446
2929.901,1772424600,2933.553,2928.432,2933.346
2930.048,1772424900,2930.048,2928.097,2929.854
2929.934,1772425200,2930.513,2928.293,2929.994
2931.867,1772425500,2933.12,2929.57,2929.938
2931.857,1772425800,2934.837,2930.722,2931.765
2931.981,1772426100,2932.454,2930.189,2932.069
2936.54,1772426400,2937.019,2932.12,2932.12
2939.004,1772426700,2939.711,2936.534,2936.534
2940.575,1772427000,2942.887,2938.933,2939.038
2942.075,1772427300,2943.047,2940.142,2940.524
2942.32,1772427600,2942.981,2941.09,2942.173
2939.543,1772427900,2942.914,2938.783,2942.412
2935.985,1772428200,2941.206,2935.836,2939.579
2938.115,1772428500,2938.115,2934.631,2935.975
2936.259,1772428800,2938.334,2934.923,2938.088
2936.752,1772429100,2938.319,2936.4,2936.534
2935.499,1772429400,2936.658,2932.983,2936.658
2935.929,1772429700,2937.145,2934.069,2935.527
2933.8,1772430000,2935.995,2933.213,2935.766
2932.327,1772430300,2934.976,2931.736,2933.91
2933.549,1772430600,2934.16,2930.139,2932.318
2934.17,1772430900,2938.124,2933.362,2933.427
2932.275,1772431200,2935.182,2930.671,2934.381
2932.627,1772431500,2933.323,2931.443,2932.601
2932.178,1772431800,2934.69,2932.178,2932.695
2934.24,1772432100,2936.891,2932.104,2932.331
2935.442,1772432400,2935.541,2932.28,2934.542
2937.089,1772432700,2937.865,2933.771,2935.648
2938.074,1772433000,2938.441,2935.891,2937.421
2935.068,1772433300,2938.32,2934.186,2938.041
2933.328,1772433600,2936.031,2933.287,2934.901
2935.027,1772433900,2935.027,2931.162,2933.438
2935.484,1772434200,2935.882,2933.098,2934.888
2937.202,1772434500,2937.719,2934.705,2935.438
2936.497,1772434800,2938.166,2934.506,2937.143
2935.257,1772435100,2938.064,2935.257,2936.81
2933.72,1772435400,2935.789,2931.495,2935.279
2929.835,1772435700,2934.009,2929.712,2933.766
2932.361,1772436000,2932.549,2929.141,2930.221
2926.928,1772436300,2932.714,2926.619,2932.397
2928.845,1772436600,2930.975,2926.931,2926.981
2925.34,1772436900,2929.277,2925.242,2928.581
2926.427,1772437200,2927.689,2924.733,2925.29
2928.597,1772437500,2928.673,2925.785,2925.976
2928.307,1772437800,2929.36,2925.306,2928.524
2928.364,1772438100,2929.678,2927.872,2928.019
2926.509,1772438400,2928.816,2925.935,2928.361
2925.787,1772438700,2927.822,2925.718,2926.677
2926.399,1772439000,2926.629,2924.488,2925.99
2926.2,1772439300,2926.599,2924.833,2926.599
2926.851,1772439600,2927.738,2925.17,2926.335
2928.542,1772439900,2929.995,2925.512,2926.816
2929.971,1772440200,2931.157,2928.336,2928.673
2926.101,1772440500,2930.916,2925.889,2930.123
2924.225,1772440800,2926.994,2923.772,2926.265
2926.303,1772441100,2926.623,2923.133,2924.112
2925.278,1772441400,2926.987,2924.859,2926.133
2926.478,1772441700,2926.527,2924.66,2925.269
2923.368,1772442000,2927.014,2922.509,2926.594
2919.899,1772442300,2925.203,2919.551,2923.279
2923.281,1772442600,2923.587,2919.988,2919.988
2920.861,1772442900,2924.626,2920.861,2922.898
2918.581,1772443200,2921.491,2918.122,2920.842
2919.357,1772443500,2919.357,2916.574,2918.235
2918.088,1772443800,2919.746,2917.062,2919.373
2915.781,1772444100,2918.275,2914.719,2917.972
2913.485,1772444400,2916.814,2913.342,2915.919
2912.648,1772444700,2914.569,2911.719,2913.437
2916.97,1772445000,2917.731,2912.443,2912.443
2920.685,1772445300,2921.11,2916.692,2916.912
2917.491,1772445600,2922.22,2917.485,2920.618
2914.143,1772445900,2917.902,2913.374,2917.604
2913.891,1772446200,2914.656,2912.863,2914.363
2915.03,1772446500,2915.196,2911.965,2913.616
2909.624,1772446800,2916.636,2909.42,2915.157
2907.937,1772447100,2910.462,2907.937,2909.395
2909.857,1772447400,2909.857,2907.074,2907.609
2910.187,1772447700,2911.431,2908.687,2910.11
2909.658,1772448000,2910.402,2908.187,2910.384
2908.984,1772448300,2911.89,2907.76,2910.244
2907.849,1772448600,2910.092,2907.722,2909.329
2908.091,1772448900,2908.369,2906.574,2907.708
2913.691,1772449200,2914.198,2908.035,2908.064
2914.571,1772449500,2916.351,2913.357,2913.728
2910.027,1772449800,2915.166,2909.621,2914.686
2907.85,1772450100,2910.476,2907.482,2910.093
2908.149,1772450400,2909.767,2907.077,2907.692
2909.821,1772450700,2909.877,2907.557,2908.319
2908.479,1772451000,2910.504,2908.153,2910.141
2911.456,1772451300,2911.777,2907.77,2908.697
2912.713,1772451600,2914.441,2910.445,2911.504
2911.469,1772451900,2913.042,2909.566,2912.828
2913.639,1772452200,2914.46,2909.84,2911.6
2911.214,1772452500,2914.086,2910.57,2913.888
2910.246,1772452800,2911.779,2909.7,2911.277
2911.313,1772453100,2911.549,2908.736,2909.911
2912.646,1772453400,2914.242,2910.365,2911.214
2915.431,1772453700,2915.851,2912.605,2912.746
2914.813,1772454000,2916.046,2914.196,2915.359
2914.26,1772454300,2916.699,2912.864,2915.268
2912.821,1772454600,2916.243,2912.064,2914.226
2913.66,1772454900,2915.763,2912.371,2912.795
2912.555,1772455200,2916.583,2912.555,2913.545
2911.298,1772455500,2914.661,2911.203,2912.652
2916.689,1772455800,2916.695,2910.578,2911.324
2916.668,1772456100,2918.373,2916.095,2916.759
2916.355,1772456400,2916.985,2914.451,2916.83
2915.505,1772456700,2916.864,2913.762,2916.344
2917.353,1772457000,2918.022,2915.714,2915.714
2915.699,1772457300,2918.379,2915.368,2917.376
2913.05,1772457600,2917.737,2912.57,2915.842
2911.616,1772457900,2914.755,2910.692,2913.268
2913.87,1772458200,2915.378,2910.475,2911.68
2912.462,1772458500,2915.399,2911.962,2913.954
2911.241,1772458800,2913.483,2910.486,2912.974
2909.059,1772459100,2912.153,2908.477,2911.063
2911.033,1772459400,2913.09,2908.769,2909.098
2910.593,1772459700,2912.879,2910.541,2911.207
2907.248,1772460000,2911.2,2906.476,2910.458
2908.364,1772460300,2909.497,2905.622,2907.116
2909.476,1772460600,2909.96,2907.697,2908.345
2911.909,1772460900,2913.201,2909.372,2909.372
2912.123,1772461200,2913.249,2910.389,2912.145
2912.729,1772461500,2913.617,2912.009,2912.167
2914.079,1772461800,2914.424,2912.668,2912.668
2914.071,1772462100,2916.667,2914.071,2914.534
2919.064,1772462400,2919.064,2913.46,2914.024
2921.912,1772462700,2922.587,2917.771,2918.679
2925.254,1772463000,2925.581,2921.51,2921.65
2923.563,1772463300,2925.228,2922.29,2925.089
2926.066,1772463600,2926.764,2922.454,2923.67
2922.37,1772463900,2926.464,2921.937,2926.226
2919.162,1772464200,2922.707,2919.144,2922.131
2921.895,1772464500,2922.957,2919.165,2919.224
2922.542,1772464800,2922.552,2920.095,2922.23
2923.196,1772465100,2923.441,2920.008,2922.521
2920.202,1772465400,2923.209,2918.717,2923.116
2922.816,1772465700,2924.266,2919.539,2920.154
2920.792,1772466000,2924.053,2920.511,2922.633
2919.317,1772466300,2921.07,2917.171,2920.659
2918.477,1772466600,2920.615,2918.477,2919.164
2915.478,1772466900,2918.881,2915.441,2918.531
2914.642,1772467200,2916.348,2912.916,2915.559
2916.474,1772467500,2917.704,2914.536,2914.751
2918.992,1772467800,2920.727,2916.069,2916.415
2919.967,1772468100,2921.487,2918.736,2919.126
2921.02,1772468400,2921.496,2918.982,2919.996
2918.41,1772468700,2922.352,2918.204,2920.948
2918.917,1772469000,2919.672,2917.521,2918.095
2920.036,1772469300,2921.671,2918.21,2918.956
2918.567,1772469600,2920.479,2917.466,2920.097
2919.341,1772469900,2920.691,2918.196,2918.562
2918.321,1772470200,2920.221,2918.321,2919.159
2919.199,1772470500,2920.645,2917.742,2918.377
2915.713,1772470800,2919.607,2915.009,2919.173
2914.611,1772471100,2916.372,2914.611,2915.798
2913.885,1772471400,2915.18,2912.031,2914.48
2914.276,1772471700,2916.451,2912.593,2913.702
2912.982,1772472000,2914.724,2911.053,2914.119
2909.028,1772472300,2912.833,2907.729,2912.833
2909.68,1772472600,2911.859,2909.066,2909.203
2909.255,1772472900,2911.159,2909.17,2909.889
2910.259,1772473200,2912.362,2907.68,2908.971
2908.806,1772473500,2910.57,2907.612,2910.474
2910.1,1772473800,2910.617,2908.773,2908.851
2910.579,1772474100,2910.842,2908.09,2910.189
2908.613,1772474400,2911.436,2908.458,2910.462
2908.123,1772474700,2909.152,2906.929,2908.438
2912.153,1772475000,2913.507,2907.949,2908.069
2911.251,1772475300,2912.425,2910.318,2911.876
2910.79,1772475600,2911.085,2909.371,2911.005
2907.085,1772475900,2911.411,2905.892,2910.748
2905.377,1772476200,2907.859,2905.102,2907.24
2907.176,1772476500,2908.75,2903.837,2905.36
2906.234,1772476800,2907.38,2905.199,2907.332
2905.908,1772477100,2906.762,2904.181,2906.275
2902.519,1772477400,2907.474,2902.519,2906.28
2898.479,1772477700,2902.833,2898.479,2902.482
2899.85,1772478000,2899.993,2897.051,2898.704
2900.33,1772478300,2901.378,2897.883,2899.593
2902.055,1772478600,2902.197,2900.326,2900.442
2902.179,1772478900,2903.019,2900.665,2901.826
2899.009,1772479200,2902.025,2898.303,2902.025
2895.417,1772479500,2898.665,2894.277,2898.665
2893.782,1772479800,2895.768,2893.359,2895.367
2892.677,1772480100,2893.829,2891.666,2893.75
2895.933,1772480400,2896.802,2892.601,2892.661
2900.409,1772480700,2900.409,2895.757,2895.757
2901.301,1772481000,2902.44,2900.764,2901.027
2900.058,1772481300,2903.252,2899.426,2901.254
2896.793,1772481600,2900.301,2895.26,2900.144
2899.09,1772481900,2900.045,2894.824,2896.536
2901.356,1772482200,2901.537,2897.48,2899.335
2896.026,1772482500,2901.294,2895.887,2901.294
2892.416,1772482800,2896.003,2892.416,2896.003
2895.356,1772483100,2895.658,2891.541,2892.505
2896.244,1772483400,2896.975,2893.173,2895.161
2896.907,1772483700,2897.555,2895.109,2896.133
2896.044,1772484000,2897.606,2894.627,2896.808
2895.506,1772484300,2896.207,2892.407,2896.207
2895.733,1772484600,2896.257,2894.331,2895.236
2897.819,1772484900,2898.632,2894.868,2895.865
2900.577,1772485200,2900.726,2896.965,2897.752
2900.415,1772485500,2901.146,2898.606,2900.555
2899.011,1772485800,2902.544,2898.866,2900.294
2899.091,1772486100,2902.458,2898.954,2899.227
2899.487,1772486400,2901.002,2898.929,2898.929
2901.873,1772486700,2901.873,2899.606,2899.762
2900.488,1772487000,2904.214,2900.319,2901.864
2899.264,1772487300,2903.299,2899.264,2900.5
2902.822,1772487600,2903.412,2899.079,2899.079
2907.073,1772487900,2907.334,2901.96,2902.837
2910.31,1772488200,2910.31,2906.61,2907.198
2912.628,1772488500,2913.619,2910.396,2910.396
2914.213,1772488800,2914.69,2910.689,2912.734
2912.807,1772489100,2914.076,2912.426,2913.875
2914.854,1772489400,2916.208,2912.85,2912.884
2913.098,1772489700,2915.554,2912.579,2914.878
2912.307,1772490000,2913.976,2911.734,2913.174
2915.014,1772490300,2915.014,2912.137,2912.607
2916.146,1772490600,2916.421,2914.147,2914.82
2912.344,1772490900,2917.769,2911.911,2915.959
2913.444,1772491200,2915.56,2911.471,2911.962
2911.796,1772491500,2915.493,2911.796,2913.596
2914.094,1772491800,2914.634,2911.132,2911.346
2917.596,1772492100,2918.374,2913.226,2914.045
2913.811,1772492400,2917.497,2913.149,2917.497
2914.889,1772492700,2915.06,2911.891,2913.866
2913.161,1772493000,2914.714,2912.069,2914.714
2914.515,1772493300,2915.716,2913.11,2913.211
2915.298,1772493600,2917.846,2914.576,2914.874
2915.705,1772493900,2918.262,2915.183,2915.183
2911.764,1772494200,2915.968,2911.531,2915.846
2908.556,1772494500,2911.988,2908.108,2911.497
2906.491,1772494800,2909.801,2906.491,2908.613
2907.602,1772495100,2908.803,2906.095,2906.349
2906.417,1772495400,2908.722,2906.145,2907.46
2907.933,1772495700,2908.835,2906.035,2906.477
2905.42,1772496000,2909.583,2904.89,2907.84
2905.673,1772496300,2905.988,2902.832,2905.257
2905.441,1772496600,2907.062,2904.731,2905.676
2906.805,1772496900,2906.805,2903.786,2905.64
2911.297,1772497200,2911.727,2906.581,2906.749
2909.587,1772497500,2912.152,2907.08,2911.49
2909.523,1772497800,2910.013,2907.454,2909.525
2911.022,1772498100,2911.022,2908.65,2909.541
2912.015,1772498400,2913.745,2909.843,2911.22
2913.551,1772498700,2913.551,2911.303,2911.744
2914.15,1772499000,2914.241,2911.834,2913.525
2915.498,1772499300,2917.267,2913.357,2913.952
2912.91,1772499600,2915.984,2911.589,2915.659
2909.805,1772499900,2913.302,2909.3,2912.984
2907.223,1772500200,2910.037,2906.686,2909.674
2906.107,1772500500,2909.222,2905.991,2907.461
2905.632,1772500800,2908.672,2905.056,2906.198
2908.406,1772501100,2909.539,2904.808,2905.499
2906.717,1772501400,2908.507,2905.818,2908.283
2907.3,1772501700,2907.706,2904.962,2906.842
2904.242,1772502000,2907.877,2903.77,2907.322
2902.866,1772502300,2905.509,2902.509,2904.303
2902.71,1772502600,2903.9,2901.532,2902.901
2901.114,1772502900,2903.205,2900.339,2902.787
2903.813,1772503200,2903.813,2900.102,2900.508
2905.799,1772503500,2906.699,2902.913,2904.125
2908.048,1772503800,2908.927,2905.033,2905.934
2905.467,1772504100,2908.457,2904.529,2908.363
2902.75,1772504400,2906.217,2901.364,2905.539
2902.701,1772504700,2903.02,2900.999,2902.61
2905.18,1772505000,2905.18,2902.296,2902.618
2905.346,1772505300,2905.69,2902.595,2905.148
2906.39,1772505600,2906.719,2904.995,2905.23
2909.732,1772505900,2909.732,2906.276,2906.335
2909.86,1772506200,2912.796,2909.77,2909.77
2906.939,1772506500,2910.754,2906.759,2909.746
2903.283,1772506800,2906.7,2902.732,2906.7
2905.51,1772507100,2906.234,2903.164,2903.187
2907.671,1772507400,2908.238,2904.257,2905.239
2910.699,1772507700,2911.061,2906.79,2907.796
2911.529,1772508000,2912.624,2909.8,2910.787
2911.84,1772508300,2913.024,2909.476,2911.427
2913.202,1772508600,2913.202,2911.213,2911.903
2910.804,1772508900,2913.014,2909.916,2913.014
2910.337,1772509200,2912.086,2909.405,2910.442
2908.64,1772509500,2910.594,2907.216,2910.422
2908.266,1772509800,2909.431,2907.379,2908.364
2906.2,1772510100,2908.334,2905.066,2908.334
2904.242,1772510400,2906.156,2903.621,2906.156
2906.306,1772510700,2906.87,2904.362,2904.362
2909.688,1772511000,2909.949,2906.266,2906.437
2908.759,1772511300,2909.321,2906.869,2909.103
2909.913,1772511600,2910.633,2908.113,2908.693
2909.445,1772511900,2910.269,2908.268,2909.672
2907.915,1772512200,2909.569,2907.915,2909.348
2902.438,1772512500,2908.089,2902.438,2907.72
2906.902,1772512800,2906.945,2902.393,2902.858
2908.546,1772513100,2909.985,2906.395,2906.707
2906.085,1772513400,2908.25,2904.494,2908.25
2901.119,1772513700,2906.088,2899.851,2906.045
2904.301,1772514000,2904.525,2900.281,2900.97
2900.841,1772514300,2904.199,2900.052,2904.19
2898.359,1772514600,2900.707,2896.95,2900.707
2897.36,1772514900,2899.876,2896.787,2898.281
2898.003,1772515200,2899.045,2896.943,2897.826
2894.785,1772515500,2898.036,2894.553,2897.73
2896.181,1772515800,2897.146,2894.614,2894.704
2896.221,1772516100,2897.44,2894.822,2896.136
2895.932,1772516400,2897.31,2895.13,2896.282
2897.421,1772516700,2898.41,2895.834,2896.102
2894.442,1772517000,2898.457,2893.79,2897.594
2894.483,1772517300,2895.968,2893.5,2894.096
2895.287,1772517600,2895.834,2894.566,2894.566
2897.611,1772517900,2897.834,2895.194,2895.327
2897.755,1772518200,2900.862,2897.227,2897.809
2897.83,1772518500,2899.655,2896.526,2897.761
2898.506,1772518800,2898.908,2896.561,2897.819
2899.221,1772519100,2899.794,2896.897,2898.75
2898.087,1772519400,2901.301,2897.548,2899.154
2897.003,1772519700,2899.51,2896.722,2897.845
2897.242,1772520000,2898.449,2894.996,2897.369
2898.292,1772520300,2900.775,2897.152,2897.152
2897.796,1772520600,2899.956,2897.469,2898.39
2899.208,1772520900,2899.482,2897.622,2897.787
2901.402,1772521200,2901.481,2898.096,2899.503
2899.156,1772521500,2901.247,2896.941,2901.247
2898.575,1772521800,2902.265,2898.253,2898.965
2896.563,1772522100,2899.046,2895.407,2898.517
2897.103,1772522400,2898.096,2895.951,2896.6
2895.351,1772522700,2897.347,2895.164,2896.968
2894.896,1772523000,2897.076,2894.55,2895.543
2894.669,1772523300,2896.426,2893.948,2895.015
2893.151,1772523600,2895.201,2891.742,2894.61
2889.407,1772523900,2893.824,2889.407,2892.863
2887.237,1772524200,2891.008,2887.237,2889.195
2889.055,1772524500,2890.406,2886.931,2887.507
2889.367,1772524800,2890.715,2887.698,2889.005
2892.456,1772525100,2893.628,2889.07,2889.26
2894.15,1772525400,2895.529,2892.238,2892.467
2895.437,1772525700,2896.114,2892.196,2894.034
2895.636,1772526000,2897.414,2893.506,2895.33
2899.777,1772526300,2899.777,2894.209,2895.707
2897.368,1772526600,2899.587,2896.552,2899.558
2902.098,1772526900,2902.866,2897.17,2897.641
2902.471,1772527200,2902.993,2900.934,2901.94
2905.778,1772527500,2907.451,2902.41,2902.431
2907.443,1772527800,2909.221,2904.853,2905.727
2907.4,1772528100,2907.929,2905.279,2907.553
2907.705,1772528400,2908.952,2905.572,2907.155
2906.708,1772528700,2909.018,2906.566,2907.412
2908.04,1772529000,2908.41,2904.736,2906.625
2913.407,1772529300,2913.407,2907.977,2907.977
2912.506,1772529600,2914.1,2910.909,2913.244
2913.139,1772529900,2913.941,2912.437,2912.849
2911.357,1772530200,2914.655,2909.962,2913.29
2912.402,1772530500,2912.972,2911.085,2911.263
2912.804,1772530800,2913.127,2910.481,2912.46
2912.82,1772531100,2913.444,2910.142,2913.068
2913.544,1772531400,2914.739,2911.028,2912.637
2918.26,1772531700,2918.769,2913.533,2913.74
2918.31,1772532000,2918.311,2916.14,2918.069
2918.742,1772532300,2920.029,2917.214,2918.27
2916.45,1772532600,2919.108,2915.012,2918.704
2914.379,1772532900,2917.591,2914.338,2916.636
2913.964,1772533200,2914.558,2912.127,2914.424
2913.017,1772533500,2914.508,2912.044,2913.781
2910.971,1772533800,2913.28,2909.495,2913.034
2907.587,1772534100,2911.866,2907.441,2911.083
2904.763,1772534400,2908.087,2904.589,2907.547
2900.428,1772534700,2904.761,2900.428,2904.187
2900.459,1772535000,2903.339,2899.444,2900.753
2902.28,1772535300,2903.24,2899.394,2900.696
2903.602,1772535600,2904.127,2900.742,2902.572
2903.471,1772535900,2905.216,2902.875,2903.894
2906.417,1772536200,2908.086,2903.708,2903.81
2907.534,1772536500,2907.81,2905.05,2906.28
2909.82,1772536800,2910.178,2906.291,2907.583
2910.441,1772537100,2911.521,2909.081,2909.773
2910.718,1772537400,2912.786,2910.059,2910.471
2908.827,1772537700,2911.377,2908.609,2911.139
2906.679,1772538000,2909.039,2906.608,2909.039
2906.444,1772538300,2909.355,2905.253,2906.512
2907.762,1772538600,2908.239,2905.858,2906.343
2911.061,1772538900,2913.434,2907.366,2907.579
2909.181,1772539200,2911.156,2908.348,2911.156
2906.782,1772539500,2909.185,2906.34,2909.185
2903.401,1772539800,2908.146,2903.198,2906.973
2901.939,1772540100,2903.366,2900.108,2903.366
2902.205,1772540400,2903.288,2900.939,2902.118
2903.679,1772540700,2904.404,2901.455,2902.26
2905.005,1772541000,2905.101,2903.429,2904.202
2905.619,1772541300,2906.01,2903.638,2905.169
2903.345,1772541600,2906.477,2902.435,2905.785
2904.462,1772541900,2905.786,2902.489,2903.093
2904.039,1772542200,2905.915,2903.124,2904.619
2903.332,1772542500,2905.295,2901.885,2903.951
2906.199,1772542800,2908.7,2903.376,2903.523
2905.024,1772543100,2906.499,2904.089,2906.309
2902.516,1772543400,2905.543,2901.843,2905.175
2900.407,1772543700,2903.21,2898.656,2902.316
2896.775,1772544000,2900.35,2895.248,2900.245
2893.445,1772544300,2898.401,2893.445,2896.609
2893.035,1772544600,2893.74,2891.357,2893.563
2888.047,1772544900,2893.121,2887.863,2893.121
2887.603,1772545200,2890.313,2887.532,2888.248
2886.601,1772545500,2887.726,2885.522,2887.178
2886.362,1772545800,2887.437,2885.441,2886.626
2886.352,1772546100,2887.921,2885.626,2885.971
2886.557,1772546400,2887.781,2885.523,2886.363
2889.092,1772546700,2889.206,2886.548,2886.61
2890.321,1772547000,2891.286,2888.884,2889.161
2886.62,1772547300,2890.807,2886.47,2890.22
2889.071,1772547600,2889.749,2885.793,2886.84
2891.859,1772547900,2892.131,2888.528,2889.152
2892.487,1772548200,2892.57,2890.456,2891.642
2892.469,1772548500,2893.425,2891.623,2892.303
2891.602,1772548800,2893.392,2890.301,2892.69
2893.883,1772549100,2894.471,2891.245,2891.245
2890.874,1772549400,2894.909,2890.078,2893.843
2891.457,1772549700,2893.168,2888.511,2890.888
2889.971,1772550000,2892.131,2887.531,2891.643
2889.092,1772550300,2890.174,2887.442,2889.838
2889.763,1772550600,2890.018,2887.269,2889.333
2888.069,1772550900,2891.413,2888.069,2890.053
2887.247,1772551200,2888.281,2886.552,2887.767
2885.293,1772551500,2888.898,2885.293,2887.423
2884.375,1772551800,2885.449,2883.032,2885.194
2884.332,1772552100,2885.757,2882.227,2884.224
2886.728,1772552400,2887.187,2882.997,2884.103
2882.108,1772552700,2886.548,2881.815,2886.548
2884.155,1772553000,2884.271,2881.595,2882.264
2884.434,1772553300,2885.439,2883.297,2884.42
2885.637,1772553600,2887.429,2882.76,2884.489
2883.178,1772553900,2886.928,2883.178,2885.489
2884.966,1772554200,2885.378,2881.878,2883.17
2887.508,1772554500,2888.137,2883.812,2884.879
2883.456,1772554800,2887.797,2882.726,2887.797
2884.74,1772555100,2885.691,2882.857,2883.531
2886.424,1772555400,2886.862,2884.176,2884.713
2881.408,1772555700,2887.144,2880.208,2886.247
2878.722,1772556000,2881.492,2878.722,2881.396
2883.18,1772556300,2883.305,2878.571,2878.841
2881.677,1772556600,2883.796,2879.853,2883.29
2878.443,1772556900,2881.887,2878.03,2881.604
2880.564,1772557200,2881.753,2878.587,2878.595
2881.501,1772557500,2881.546,2878.118,2880.641
2882.902,1772557800,2883.26,2881.011,2881.489
2886.031,1772558100,2887.744,2882.23,2882.91
2887.859,1772558400,2889.654,2886.055,2886.244
2885.781,1772558700,2887.961,2885.71,2887.961
2881.661,1772559000,2886.303,2880.785,2885.483
2879.256,1772559300,2882.719,2878.88,2881.682
2874.576,1772559600,2879.46,2874.191,2879.065
2874.291,1772559900,2874.615,2872.701,2874.378
2874.753,1772560200,2874.8,2872.207,2874.446
2872.796,1772560500,2875.958,2872.137,2874.61
2870.319,1772560800,2873.512,2869.773,2872.826
2869.972,1772561100,2870.625,2868.079,2870.317
2872.749,1772561400,2874.082,2869.439,2869.885
2876.771,1772561700,2876.771,2872.868,2872.868
2877.431,1772562000,2877.628,2875.214,2876.694
2877.162,1772562300,2878.432,2875.839,2877.36
2878.877,1772562600,2879.977,2876.797,2877.12
2879.371,1772562900,2879.758,2877.208,2879.104
2880.2,1772563200,2880.819,2878.491,2879.271
2879.965,1772563500,2881.85,2879.849,2880.017
2879.46,1772563800,2880.056,2878.03,2879.713
2880.823,1772564100,2881.528,2877.822,2879.71
2883.421,1772564400,2884.033,2880.689,2880.907
2882.975,1772564700,2884.4,2880.926,2883.409
2882.086,1772565000,2883.797,2881.101,2883.223
2880.978,1772565300,2882.628,2880.143,2881.998
2880.481,1772565600,2881.712,2878.879,2880.883
2880.596,1772565900,2882.131,2879.814,2880.593
2878.131,1772566200,2880.778,2877.851,2880.37
2880.712,1772566500,2881.884,2877.958,2878.099
2883.22,1772566800,2883.22,2879.166,2880.92
2887.638,1772567100,2887.638,2883.133,2883.464
2884.818,1772567400,2887.775,2884.349,2887.577
2878.668,1772567700,2884.882,2878.285,2884.74
2879.645,1772568000,2879.777,2878.053,2878.729
2878.239,1772568300,2880.234,2876.707,2879.894
2879.475,1772568600,2879.848,2875.759,2878.08
2879.077,1772568900,2880.34,2877.874,2879.56
2879.14,1772569200,2880.54,2878.429,2878.918
2881.63,1772569500,2881.63,2876.258,2879.228
2882.361,1772569800,2883.221,2880.726,2881.518
2879.955,1772570100,2883.473,2879.081,2882.311
2879.097,1772570400,2881.637,2878.732,2879.625
2882.719,1772570700,2882.778,2877.438,2879.096
2879.819,1772571000,2883.305,2879.49,2882.434
2879.624,1772571300,2880.67,2879.077,2879.674
2874.584,1772571600,2879.676,2874.163,2879.676
2873.822,1772571900,2877.563,2873.822,2874.875
2873.267,1772572200,2876.187,2872.841,2873.667
2874.703,1772572500,2876.5,2872.512,2873.375
2878.405,1772572800,2878.795,2874.531,2874.729
2880.121,1772573100,2881.031,2878.008,2878.413
2876.163,1772573400,2880.418,2875.854,2880.075
2876.903,1772573700,2878.665,2875.385,2875.822
2877.974,1772574000,2878.577,2876.393,2876.935
2878.419,1772574300,2879.405,2877.119,2878.265
2879.225,1772574600,2879.934,2877.599,2878.261
2876.933,1772574900,2879.426,2874.802,2879.146
2876.071,1772575200,2877.688,2875.625,2877.034
2877.142,1772575500,2877.99,2875.544,2876.083
2875.538,1772575800,2876.858,2874.811,2876.858
2870.596,1772576100,2875.146,2870.596,2875.075
2870.117,1772576400,2871.1,2869.22,2870.622
2868.502,1772576700,2871.079,2867.786,2869.995
2866.026,1772577000,2869.236,2866.026,2868.673
2865.318,1772577300,2866.493,2863.783,2866.098
2862.563,1772577600,2866.173,2862.563,2865.224
2861.672,1772577900,2863.765,2861.366,2862.66
2862.271,1772578200,2862.571,2860.421,2861.622
2862.811,1772578500,2863.872,2860.463,2862.152
2860.15,1772578800,2863.258,2858.737,2862.889
2861.767,1772579100,2862.598,2860.129,2860.289
2862.348,1772579400,2863.137,2860.712,2861.742
2861.103,1772579700,2862.621,2860.127,2862.031
2858.762,1772580000,2862.482,2858.499,2861.348
2857.588,1772580300,2860.321,2856.978,2858.823
2858.849,1772580600,2860.177,2856.931,2857.544
2862.119,1772580900,2862.119,2857.984,2858.608
2858.992,1772581200,2861.921,2858.605,2861.921
2859.244,1772581500,2860.623,2858.528,2858.816
2860.512,1772581800,2860.905,2858.11,2859.249
2861.92,1772582100,2862.336,2859.757,2860.405
2860.569,1772582400,2862.685,2859.254,2861.945
2860.779,1772582700,2862.144,2859.734,2860.446
2857.767,1772583000,2861.815,2857.306,2860.556
2857.942,1772583300,2859.028,2857.177,2857.443
2854.931,1772583600,2858.297,2854.238,2857.952
2854.509,1772583900,2856.727,2854.442,2854.794
2855.378,1772584200,2855.651,2853.545,2854.728
2854.597,1772584500,2855.563,2854.05,2855.196
2856.196,1772584800,2856.849,2854.328,2854.328
2857.976,1772585100,2858.428,2855.988,2856.378
2858.288,1772585400,2858.578,2856.011,2858.052
2858.787,1772585700,2859.997,2857.831,2858.35
2861.043,1772586000,2861.844,2857.995,2858.69
2858.566,1772586300,2861.952,2858.094,2860.884
2859.766,1772586600,2860.613,2858.078,2858.531
2861.632,1772586900,2861.838,2858.386,2859.888
2862.898,1772587200,2864.071,2860.979,2861.714
2862.954,1772587500,2863.975,2861.168,2862.791
2864.726,1772587800,2865.594,2861.737,2862.642
2866.13,1772588100,2866.858,2863.612,2864.555
2867.451,1772588400,2869.041,2865.466,2866.089
2868.758,1772588700,2869.491,2867.197,2867.259
2868.348,1772589000,2869.426,2866.975,2868.878
2872.221,1772589300,2872.594,2867.816,2868.353
2874.161,1772589600,2875.061,2871.877,2872.096
2875.265,1772589900,2877.271,2873.509,2874.254
2876.656,1772590200,2877.929,2874.447,2875.182
2876.911,1772590500,2876.967,2875.47,2876.372
2874.548,1772590800,2879.766,2874.275,2876.473
2873.357,1772591100,2875.53,2872.551,2874.653
2875.139,1772591400,2875.452,2871.705,2873.352
2876.782,1772591700,2877.309,2874.255,2875.376
2875.882,1772592000,2877.682,2875.041,2876.723
2876.051,1772592300,2876.51,2874.462,2875.68
2871.518,1772592600,2876.035,2871.255,2876.035
2868.071,1772592900,2871.625,2868.016,2871.625
2867.361,1772593200,2869.214,2866.923,2868.2
2867.261,1772593500,2869.649,2867.261,2867.442
2866.447,1772593800,2870.371,2866.447,2867.618
2868.627,1772594100,2869.577,2866.54,2866.54
2869.971,1772594400,2870.619,2868.028,2868.831
2870.957,1772594700,2872.526,2869.34,2870.03
2868.964,1772595000,2872.275,2868.731,2871.152
2870.128,1772595300,2871.755,2868.419,2868.874
2868.933,1772595600,2872.02,2868.334,2870.079
2870.975,1772595900,2870.975,2868.045,2868.951
2871.238,1772596200,2872.69,2869.966,2870.678
2874.236,1772596500,2874.889,2871.069,2871.345
2870.772,1772596800,2874.777,2870.772,2874.169
2871.295,1772597100,2871.707,2869.64,2870.536
2867.951,1772597400,2872.187,2867.383,2871.113
2866.414,1772597700,2868.498,2866.124,2867.671
2863.225,1772598000,2867.427,2863.225,2866.386
2864.527,1772598300,2864.527,2861.986,2863.123
2863.791,1772598600,2864.964,2861.926,2864.872
2864.722,1772598900,2865.304,2863.542,2863.846
2864.955,1772599200,2865.173,2862.05,2864.596
2865.076,1772599500,2865.87,2863.099,2864.722
2861.464,1772599800,2865.667,2860.396,2865.123
2860.291,1772600100,2862.987,2859.409,2861.515
2862.307,1772600400,2863.881,2860.334,2860.477
2863.964,1772600700,2865.066,2861.311,2862.373
2865.366,1772601000,2865.366,2862.913,2864.037
2864.206,1772601300,2865.6,2863.967,2865.158
2865.3,1772601600,2866.67,2862.254,2864.299
2868.13,1772601900,2869.861,2864.64,2865.26
2867.546,1772602200,2869.868,2867.438,2868.179
2867.054,1772602500,2867.983,2865.495,2867.312
2865.612,1772602800,2867.313,2864.435,2866.848
2864.34,1772603100,2865.605,2862.278,2865.605
2864.869,1772603400,2866.751,2863.577,2864.2
2864.899,1772603700,2865.973,2863.003,2864.93
2864.179,1772604000,2867.827,2864.179,2864.707
2867.371,1772604300,2867.784,2864.14,2864.14
2867.717,1772604600,2868.39,2866.719,2867.439
2868.868,1772604900,2869.839,2866.681,2867.223
2868.596,1772605200,2869.878,2868.142,2869.125
2868.39,1772605500,2870.812,2867.909,2868.577
2870.077,1772605800,2870.101,2866.263,2868.341
2867.072,1772606100,2870.315,2866.717,2870.198
2864.194,1772606400,2867.18,2864.139,2866.906
2868.701,1772606700,2869.02,2864.396,2864.396
2864.309,1772607000,2868.648,2864.309,2868.241
2865.112,1772607300,2865.464,2862.044,2864.385
2865.843,1772607600,2866.475,2864.085,2864.904
2864.919,1772607900,2866.349,2864.073,2866.082
2863.788,1772608200,2866.036,2862.829,2865.144
2861.971,1772608500,2863.929,2861.852,2863.767
2865.015,1772608800,2865.015,2861.725,2862.312
2862.666,1772609100,2865.524,2862.406,2864.912
2865.021,1772609400,2866.107,2862.003,2862.697
2863.017,1772609700,2865.825,2863.007,2865.183
2863.555,1772610000,2863.951,2861.524,2863.124
2865.78,1772610300,2865.896,2861.926,2863.533
2867.059,1772610600,2868.025,2865.87,2865.871
2866.6,1772610900,2867.751,2865.871,2866.696
2868.264,1772611200,2868.82,2866.011,2866.502
2865.169,1772611500,2868.778,2864.991,2868.422
2867.729,1772611800,2868.515,2864.962,2865.236
2865.342,1772612100,2867.879,2864.797,2867.879
2867.18,1772612400,2867.575,2865.34,2865.34
2869.273,1772612700,2869.794,2866.604,2867.004
2871.095,1772613000,2872.313,2869.235,2869.447
2870.419,1772613300,2872.282,2870.419,2870.625
2871.191,1772613600,2871.982,2869.25,2870.403
2869.399,1772613900,2872.226,2869.316,2871.06
2867.489,1772614200,2870.081,2867.086,2869.086
2868.404,1772614500,2868.404,2864.727,2867.425
2870.884,1772614800,2871.541,2868.103,2868.408
2874.376,1772615100,2874.85,2870.545,2870.968
2874.725,1772615400,2875.87,2873.562,2874.348
2873.526,1772615700,2874.789,2870.618,2874.789
2871.198,1772616000,2874.104,2870.872,2873.535
2868.113,1772616300,2872.497,2867.665,2871.228
2862.623,1772616600,2867.794,2862.354,2867.794
2867.199,1772616900,2867.541,2862.399,2862.55
2865.132,1772617200,2868.489,2864.583,2867.377
2866.631,1772617500,2866.78,2863.562,2865.118
2863.435,1772617800,2867.668,2863.405,2866.822
2865.242,1772618100,2865.36,2863.108,2863.628
2860.806,1772618400,2865.785,2860.104,2865.511
2861.191,1772618700,2861.569,2859.863,2860.861
2858.0,1772619000,2861.618,2856.949,2860.68
2860.285,1772619300,2860.285,2856.88,2857.95
2862.421,1772619600,2862.421,2859.662,2860.156
2860.198,1772619900,2863.551,2860.127,2862.629
2861.892,1772620200,2862.01,2858.811,2860.453
2861.37,1772620500,2863.311,2860.534,2861.872
2863.577,1772620800,2863.577,2860.37,2861.406
2868.066,1772621100,2868.066,2863.158,2863.558
2862.895,1772621400,2868.518,2861.77,2867.826
2868.067,1772621700,2868.928,2863.086,2863.155
2869.165,1772622000,2870.312,2867.306,2867.73
2868.605,1772622300,2869.92,2867.543,2869.234
2871.671,1772622600,2871.818,2867.436,2868.42
2871.644,1772622900,2873.02,2870.329,2871.901
2873.457,1772623200,2874.94,2870.479,2871.594
2873.549,1772623500,2875.035,2873.068,2873.43
2872.431,1772623800,2873.613,2871.985,2873.197
2870.497,1772624100,2873.374,2870.355,2872.419
2869.557,1772624400,2872.823,2868.847,2870.719
2864.267,1772624700,2869.775,2864.235,2869.491
2862.424,1772625000,2864.647,2861.897,2864.647
2861.673,1772625300,2862.766,2859.615,2862.213
2860.532,1772625600,2864.137,2860.532,2861.959
2857.719,1772625900,2860.539,2856.963,2860.539
2859.464,1772626200,2859.49,2856.262,2857.442
2861.193,1772626500,2861.679,2859.166,2859.589
2862.747,1772626800,2862.853,2860.432,2861.281
2864.691,1772627100,2865.167,2861.575,2862.41
2866.204,1772627400,2867.501,2864.803,2864.803
2864.203,1772627700,2866.682,2862.109,2866.496
2865.293,1772628000,2866.75,2864.293,2864.371
2862.964,1772628300,2866.611,2862.225,2865.347
2864.224,1772628600,2865.74,2862.95,2862.973
2862.211,1772628900,2865.445,2860.668,2864.071
2863.04,1772629200,2864.5,2861.56,2862.182
2863.383,1772629500,2863.656,2861.551,2862.886
2863.201,1772629800,2864.452,2862.62,2863.162
2860.362,1772630100,2864.159,2859.993,2863.095
2864.266,1772630400,2864.266,2858.907,2860.471
2860.752,1772630700,2864.078,2860.649,2864.078
2863.408,1772631000,2863.408,2860.304,2860.847
2863.642,1772631300,2864.402,2860.978,2863.408
2863.687,1772631600,2864.98,2861.991,2863.899
2866.256,1772631900,2866.256,2863.14,2863.572
2864.156,1772632200,2867.456,2864.156,2866.193
2865.303,1772632500,2865.49,2862.497,2864.357
2862.476,1772632800,2866.294,2860.493,2864.96
2858.558,1772633100,2862.837,2858.39,2862.602
2858.539,1772633400,2860.344,2858.08,2858.512
2858.638,1772633700,2859.377,2857.242,2858.7
2858.042,1772634000,2858.863,2856.309,2858.458
2857.62,1772634300,2859.133,2856.9,2858.05
2858.874,1772634600,2861.219,2857.584,2857.584
2857.452,1772634900,2859.755,2856.348,2859.127
2853.576,1772635200,2859.136,2853.576,2857.459
2856.724,1772635500,2857.942,2853.323,2853.42
2856.706,1772635800,2858.459,2855.442,2856.667
2851.941,1772636100,2857.055,2851.911,2856.871
2852.878,1772636400,2853.992,2851.701,2851.701
2855.179,1772636700,2855.39,2852.452,2853.139
2859.917,1772637000,2859.936,2854.834,2855.255
2863.431,1772637300,2863.56,2859.642,2859.947
2861.659,1772637600,2863.272,2860.036,2863.272
2861.096,1772637900,2862.799,2860.283,2861.916
2861.96,1772638200,2862.188,2860.013,2860.871
2859.906,1772638500,2863.445,2859.867,2861.941
2858.69,1772638800,2861.021,2858.34,2860.15
2858.727,1772639100,2858.911,2856.536,2858.578
2861.89,1772639400,2861.89,2858.598,2858.769
2860.807,1772639700,2863.232,2859.816,2862.027
2860.677,1772640000,2861.847,2858.515,2860.808
2860.615,1772640300,2861.488,2859.722,2860.849
2860.179,1772640600,2862.86,2859.452,2860.474
2860.244,1772640900,2863.01,2859.076,2860.275
2859.903,1772641200,2860.676,2857.848,2860.471
2864.325,1772641500,2864.928,2859.524,2860.006
2860.207,1772641800,2865.355,2859.655,2864.247
2862.333,1772642100,2862.333,2860.246,2860.376
2859.428,1772642400,2862.47,2859.428,2862.262
2857.26,1772642700,2860.444,2857.091,2859.267
2857.643,1772643000,2858.605,2856.438,2857.201
2858.625,1772643300,2859.112,2856.933,2857.688
2855.8,1772643600,2859.254,2855.753,2858.423
2853.814,1772643900,2856.896,2853.814,2855.799
2855.703,1772644200,2855.703,2851.579,2853.945
2854.902,1772644500,2856.733,2853.984,2855.722
2854.374,1772644800,2856.646,2853.27,2855.153
2854.087,1772645100,2855.107,2852.942,2854.366
2854.548,1772645400,2856.622,2853.348,2854.183
2853.468,1772645700,2855.129,2852.457,2854.923
2855.378,1772646000,2855.619,2852.351,2853.521
2852.498,1772646300,2856.202,2852.158,2855.556
2850.702,1772646600,2852.53,2850.28,2852.439
2848.981,1772646900,2851.598,2848.981,2850.862
2850.274,1772647200,2851.424,2847.796,2849.107
2849.55,1772647500,2850.941,2848.385,2850.386
2849.375,1772647800,2851.902,2848.957,2849.385
2853.493,1772648100,2853.883,2848.835,2849.24
2852.591,1772648400,2854.393,2850.715,2853.568
2852.274,1772648700,2852.836,2849.213,2852.697
2852.727,1772649000,2855.198,2852.38,2852.38
2853.338,1772649300,2854.034,2852.192,2852.75
2852.313,1772649600,2852.988,2851.365,2852.988
2852.801,1772649900,2852.801,2850.799,2852.054
2854.55,1772650200,2854.638,2851.846,2852.747
2852.978,1772650500,2855.612,2852.978,2854.462
2853.39,1772650800,2855.231,2852.871,2853.281
2851.812,1772651100,2854.008,2851.401,2853.389
2847.298,1772651400,2853.211,2847.215,2851.595
2841.659,1772651700,2847.668,2841.307,2847.603
2838.577,1772652000,2841.956,2838.577,2841.292
2838.735,1772652300,2840.596,2838.057,2838.358
2836.731,1772652600,2838.973,2836.341,2838.682
2841.559,1772652900,2841.559,2836.447,2836.447
2837.789,1772653200,2841.724,2837.646,2841.545
2835.877,1772653500,2838.577,2834.483,2837.704
2833.506,1772653800,2836.716,2833.205,2835.786
2830.333,1772654100,2833.719,2829.937,2833.63
2830.187,1772654400,2830.973,2828.324,2830.335
2828.235,1772654700,2830.718,2828.235,2830.345
2827.479,1772655000,2828.651,2825.59,2828.034
2828.798,1772655300,2829.618,2827.183,2827.549
2828.849,1772655600,2830.706,2828.357,2828.985
2830.457,1772655900,2830.521,2826.585,2828.693
2831.151,1772656200,2832.296,2829.188,2830.422
2827.18,1772656500,2830.632,2826.17,2830.632
2829.251,1772656800,2829.856,2826.976,2826.976
2829.597,1772657100,2830.597,2828.447,2829.305
2831.47,1772657400,2832.661,2829.127,2829.479
2828.675,1772657700,2831.502,2828.209,2831.311
2828.355,1772658000,2829.705,2826.133,2828.607
2828.77,1772658300,2829.073,2827.541,2828.215
2828.743,1772658600,2829.104,2827.289,2828.891
2825.12,1772658900,2830.078,2825.12,2828.823
2826.439,1772659200,2827.128,2822.963,2825.134
2829.111,1772659500,2830.044,2825.78,2826.366
2830.691,1772659800,2831.503,2829.046,2829.092
2831.397,1772660100,2832.583,2829.935,2830.919
2829.969,1772660400,2832.246,2829.119,2831.439
2830.701,1772660700,2830.986,2828.707,2829.748
2829.927,1772661000,2831.845,2829.456,2830.66
2830.267,1772661300,2831.294,2828.825,2829.806
2829.376,1772661600,2830.905,2828.485,2830.074
2828.528,1772661900,2830.538,2827.605,2829.49
2826.891,1772662200,2829.307,2825.493,2828.358
2827.302,1772662500,2830.246,2826.87,2826.895
2827.01,1772662800,2827.647,2825.012,2827.43
2826.455,1772663100,2827.276,2825.307,2827.178
2833.154,1772663400,2833.608,2826.423,2826.423
2830.672,1772663700,2833.455,2830.347,2833.101
2828.368,1772664000,2831.07,2828.194,2830.767
2829.999,1772664300,2832.293,2828.212,2828.341
2828.675,1772664600,2830.524,2828.454,2830.139
2825.79,1772664900,2829.457,2825.79,2828.906
2826.496,1772665200,2827.25,2824.592,2825.751
2824.572,1772665500,2827.686,2823.752,2826.613
2825.823,1772665800,2825.854,2823.256,2824.832
2824.585,1772666100,2826.387,2824.179,2826.145
2822.692,1772666400,2824.981,2822.059,2824.835
2823.305,1772666700,2823.693,2821.183,2822.765
2826.425,1772667000,2827.306,2823.107,2823.174
2826.421,1772667300,2828.574,2826.421,2826.699
2823.983,1772667600,2827.032,2823.7,2826.591
2821.283,1772667900,2825.793,2820.667,2823.855
2826.377,1772668200,2826.377,2820.893,2821.25
2827.139,1772668500,2827.182,2825.738,2826.419
2832.145,1772668800,2833.289,2827.395,2827.395
2830.337,1772669100,2834.128,2830.088,2832.217
2828.191,1772669400,2830.153,2827.107,2830.153
2828.926,1772669700,2829.713,2827.15,2828.167
2829.601,1772670000,2831.032,2829.115,2829.115
2829.747,1772670300,2830.802,2827.59,2829.604
2830.347,1772670600,2830.491,2828.124,2829.774
2827.987,1772670900,2830.572,2826.993,2830.477
2831.833,1772671200,2832.243,2827.012,2827.915
2831.365,1772671500,2832.255,2829.519,2831.722
2832.527,1772671800,2833.996,2829.99,2831.366
2830.623,1772672100,2833.283,2829.975,2832.687
2832.339,1772672400,2832.339,2830.317,2830.927
2830.215,1772672700,2832.247,2828.841,2831.907
2828.802,1772673000,2830.863,2828.802,2830.618
2830.697,1772673300,2831.472,2827.916,2828.888
2830.568,1772673600,2831.237,2828.861,2830.68
2828.155,1772673900,2831.195,2828.155,2830.329
2832.751,1772674200,2833.209,2827.68,2828.242
2833.771,1772674500,2834.399,2831.839,2832.701
2834.248,1772674800,2835.829,2833.548,2834.145
2833.375,1772675100,2836.203,2833.336,2834.309
2831.751,1772675400,2834.218,2831.391,2833.144
2827.682,1772675700,2831.541,2827.514,2831.541
2829.876,1772676000,2832.415,2827.683,2827.744
2826.821,1772676300,2831.253,2826.706,2829.674
2828.732,1772676600,2829.151,2824.901,2826.753
2831.962,1772676900,2832.253,2828.583,2828.781
2829.895,1772677200,2832.691,2828.955,2831.761
2829.989,1772677500,2831.287,2828.79,2829.963
2831.354,1772677800,2832.845,2829.745,2829.935
2827.852,1772678100,2832.564,2827.852,2831.091
2828.072,1772678400,2829.561,2826.262,2827.757
2826.067,1772678700,2829.132,2825.894,2828.07
2827.649,1772679000,2827.732,2823.793,2825.863
2825.824,1772679300,2828.365,2824.105,2827.403
2824.915,1772679600,2828.184,2824.915,2825.939
2825.45,1772679900,2827.12,2824.052,2824.721
2829.924,1772680200,2830.492,2825.481,2825.619
2830.759,1772680500,2831.338,2829.156,2829.874
2829.615,1772680800,2832.348,2829.029,2830.624
2829.602,1772681100,2830.984,2828.848,2829.722
2831.07,1772681400,2831.573,2828.822,2829.689
2832.687,1772681700,2833.291,2830.327,2831.289
2833.164,1772682000,2834.485,2830.652,2832.752
2829.974,1772682300,2833.167,2829.332,2833.167
2828.66,1772682600,2831.211,2828.5,2830.32
2827.358,1772682900,2828.779,2827.153,2828.765
2826.799,1772683200,2828.436,2825.888,2827.199
2829.192,1772683500,2830.772,2826.818,2826.95
2827.749,1772683800,2829.328,2826.257,2829.061
2827.736,1772684100,2829.119,2827.195,2827.937
2827.504,1772684400,2829.171,2826.761,2827.547
2821.349,1772684700,2827.936,2821.013,2827.751
2821.737,1772685000,2823.583,2821.026,2821.274
2824.327,1772685300,2825.475,2821.003,2821.63
2822.289,1772685600,2825.345,2822.097,2824.352
2824.255,1772685900,2825.062,2822.201,2822.237
2820.874,1772686200,2825.23,2820.209,2824.544
2819.757,1772686500,2822.882,2819.689,2820.665
2823.43,1772686800,2824.144,2819.063,2819.929
2825.881,1772687100,2826.06,2823.219,2823.51
2827.86,1772687400,2828.202,2825.908,2825.991
2829.196,1772687700,2829.952,2826.277,2827.886
2827.561,1772688000,2831.274,2827.561,2828.984
2826.456,1772688300,2829.542,2826.116,2827.437
2824.331,1772688600,2827.24,2824.046,2826.711
2823.951,1772688900,2824.632,2822.964,2824.331
2822.931,1772689200,2824.012,2821.295,2824.007
2822.332,1772689500,2824.015,2821.527,2822.733
2821.656,1772689800,2822.831,2820.612,2822.165
2821.242,1772690100,2822.083,2820.226,2821.664
2819.737,1772690400,2821.926,2819.283,2821.207
2821.134,1772690700,2821.134,2818.111,2819.763
2823.353,1772691000,2825.458,2820.929,2821.114
2824.328,1772691300,2825.829,2822.722,2823.479
2822.627,1772691600,2824.71,2822.514,2824.285
2823.298,1772691900,2824.183,2821.754,2822.716
2825.342,1772692200,2825.735,2821.586,2823.257
2821.463,1772692500,2825.223,2821.024,2825.197
2818.15,1772692800,2821.419,2817.794,2821.123
2820.072,1772693100,2820.714,2817.712,2818.177
2819.65,1772693400,2820.244,2817.531,2819.673
2820.044,1772693700,2820.766,2817.83,2819.826
2821.653,1772694000,2822.186,2817.83,2820.036
2819.56,1772694300,2821.754,2818.756,2821.718
2816.876,1772694600,2819.669,2815.959,2819.645
2813.352,1772694900,2816.833,2813.203,2816.833
2810.441,1772695200,2813.86,2810.289,2813.391
2806.788,1772695500,2810.942,2806.072,2810.701
2810.469,1772695800,2810.469,2805.646,2806.738
2812.172,1772696100,2812.859,2809.931,2810.27
2809.489,1772696400,2812.356,2809.152,2812.356
2810.219,1772696700,2810.542,2807.978,2809.718
2811.15,1772697000,2812.311,2809.495,2810.432
2814.082,1772697300,2814.213,2809.732,2811.031
2815.08,1772697600,2816.115,2813.262,2813.986
2814.695,1772697900,2815.458,2812.658,2815.119
2814.644,1772698200,2815.672,2813.026,2814.802
2815.586,1772698500,2817.247,2813.763,2814.871
2817.959,1772698800,2819.313,2814.883,2815.677
2818.382,1772699100,2820.974,2817.969,2817.969
2816.992,1772699400,2818.884,2816.611,2818.381
2823.648,1772699700,2823.648,2817.301,2817.345
2824.017,1772700000,2825.37,2823.565,2823.592
2823.736,1772700300,2824.706,2822.52,2824.1
2823.28,1772700600,2825.768,2822.84,2823.632
2825.824,1772700900,2825.851,2822.05,2823.29
2824.643,1772701200,2826.27,2823.388,2826.073
2827.693,1772701500,2828.209,2824.31,2824.778
2826.535,1772701800,2828.36,2825.876,2827.556
2830.366,1772702100,2830.366,2826.317,2826.683
2827.087,1772702400,2831.05,2827.067,2830.252
2827.295,1772702700,2829.225,2825.641,2826.913
2827.67,1772703000,2829.394,2826.627,2827.531
2831.751,1772703300,2832.044,2827.753,2827.753
2830.488,1772703600,2832.397,2828.263,2831.762
2829.136,1772703900,2830.973,2827.569,2830.448
2829.176,1772704200,2830.587,2827.725,2828.942
2830.616,1772704500,2831.648,2828.791,2829.13
2827.905,1772704800,2830.261,2827.418,2830.261
2831.477,1772705100,2831.477,2827.41,2827.961
2832.77,1772705400,2832.802,2829.577,2831.502
2832.645,1772705700,2834.305,2831.72,2832.576
2831.894,1772706000,2833.331,2831.434,2832.612
2833.994,1772706300,2834.122,2831.001,2832.321
2835.703,1772706600,2836.053,2832.906,2833.93
2833.916,1772706900,2835.888,2833.327,2835.632
2834.081,1772707200,2834.762,2832.667,2834.036
2835.682,1772707500,2835.75,2833.742,2833.999
2834.292,1772707800,2837.135,2833.799,2835.417
2837.372,1772708100,2839.603,2833.973,2834.156
2837.767,1772708400,2838.697,2835.991,2837.536
2840.018,1772708700,2840.851,2837.657,2837.798
2843.096,1772709000,2843.529,2838.709,2839.936
2844.294,1772709300,2844.916,2842.445,2843.02
2848.414,1772709600,2849.086,2844.181,2844.409
2848.142,1772709900,2849.204,2845.553,2848.598
2846.682,1772710200,2849.716,2846.682,2848.069
2847.639,1772710500,2847.697,2844.615,2846.548
2846.091,1772710800,2848.514,2845.785,2847.798
2845.178,1772711100,2846.179,2843.754,2846.179
2845.308,1772711400,2846.047,2843.527,2844.904
2844.07,1772711700,2845.725,2843.329,2845.337
2842.588,1772712000,2844.852,2842.163,2844.025
2845.177,1772712300,2845.732,2842.179,2842.645
2842.27,1772712600,2846.402,2842.27,2845.154
2843.238,1772712900,2843.75,2841.109,2842.274
2839.819,1772713200,2843.251,2839.525,2843.251
2841.356,1772713500,2842.098,2839.271,2839.722
2839.069,1772713800,2842.725,2838.681,2841.611
2839.789,1772714100,2839.825,2837.386,2838.782
2840.214,1772714400,2841.025,2838.413,2839.603
2841.107,1772714700,2841.36,2838.726,2840.26
2840.361,1772715000,2843.344,2839.847,2841.132
2840.708,1772715300,2841.923,2839.387,2840.435
2838.187,1772715600,2840.653,2836.316,2840.325
2838.778,1772715900,2840.102,2837.409,2838.105
2837.793,1772716200,2839.174,2837.156,2838.696
2838.754,1772716500,2839.127,2837.388,2837.937
2841.347,1772716800,2842.553,2838.278,2838.7
2840.638,1772717100,2843.132,2840.638,2841.114
2840.247,1772717400,2841.756,2838.935,2840.819
2839.507,1772717700,2842.944,2839.271,2840.267
2840.614,1772718000,2841.613,2838.815,2839.603
2839.932,1772718300,2841.354,2838.611,2840.685
2840.787,1772718600,2840.787,2837.677,2839.956
2839.948,1772718900,2841.526,2839.056,2840.739
2839.878,1772719200,2840.851,2838.284,2839.776
2841.621,1772719500,2841.878,2839.051,2839.877
2839.748,1772719800,2841.682,2839.545,2841.554
2840.56,1772720100,2841.531,2839.224,2839.862
2841.068,1772720400,2841.816,2839.628,2840.055
2835.13,1772720700,2840.905,2835.13,2840.905
2837.186,1772721000,2838.375,2834.998,2835.109
2837.84,1772721300,2838.235,2835.444,2837.636
2836.733,1772721600,2838.393,2835.578,2837.717
2836.769,1772721900,2838.72,2836.061,2836.697
2834.191,1772722200,2837.242,2833.47,2836.85
2833.717,1772722500,2836.659,2833.545,2834.102
2833.512,1772722800,2835.899,2833.512,2833.803
2833.952,1772723100,2836.788,2833.798,2833.799
2832.799,1772723400,2835.453,2832.708,2833.822
2835.646,1772723700,2835.768,2832.605,2832.845
2835.281,1772724000,2837.595,2835.259,2835.598
2834.075,1772724300,2836.099,2832.943,2835.189
2833.67,1772724600,2833.849,2831.324,2833.818
2831.937,1772724900,2834.05,2830.505,2833.56
2832.138,1772725200,2834.028,2830.52,2831.814
2835.229,1772725500,2835.443,2831.541,2831.766
2837.086,1772725800,2837.696,2835.277,2835.382
2836.804,1772726100,2837.388,2835.079,2837.158
2834.618,1772726400,2837.0,2833.961,2836.53
2831.64,1772726700,2835.191,2831.346,2834.514
2838.279,1772727000,2838.329,2830.738,2831.56
2839.314,1772727300,2839.898,2837.763,2838.01
2839.838,1772727600,2840.433,2837.702,2839.393
2840.918,1772727900,2840.975,2838.09,2840.157
2843.551,1772728200,2844.539,2840.607,2840.746
2836.23,1772728500,2843.637,2836.23,2843.596
2834.824,1772728800,2836.892,2833.533,2836.118
2836.762,1772729100,2836.869,2834.468,2834.468
2836.725,1772729400,2838.798,2836.412,2836.568
2833.293,1772729700,2836.705,2833.245,2836.705
2835.739,1772730000,2836.703,2833.108,2833.161
2835.003,1772730300,2836.415,2834.166,2835.425
2834.453,1772730600,2836.067,2831.013,2834.99
2836.157,1772730900,2837.752,2833.836,2834.384
2835.952,1772731200,2837.528,2835.107,2836.275
2833.949,1772731500,2836.821,2832.898,2836.023
2832.141,1772731800,2834.013,2830.166,2833.898
2833.22,1772732100,2833.643,2831.399,2831.899
2831.018,1772732400,2833.506,2829.863,2833.384
2831.138,1772732700,2831.987,2829.957,2831.103
2829.964,1772733000,2831.839,2829.675,2831.184
2830.927,1772733300,2832.014,2829.458,2829.932
2828.675,1772733600,2831.263,2828.259,2830.934
2827.307,1772733900,2829.646,2827.307,2828.69
2822.666,1772734200,2828.004,2822.666,2827.156
2827.795,1772734500,2827.795,2821.418,2822.743
2829.963,1772734800,2830.809,2826.733,2827.773
2833.304,1772735100,2833.327,2829.524,2830.018
2835.12,1772735400,2835.12,2830.748,2833.371
2835.112,1772735700,2836.472,2834.416,2835.227
2836.321,1772736000,2836.967,2834.301,2835.083
2836.658,1772736300,2837.086,2834.245,2836.178
2834.776,1772736600,2836.706,2832.968,2836.706
2833.815,1772736900,2835.399,2833.6,2834.763
2834.055,1772737200,2835.234,2831.896,2833.902
2832.973,1772737500,2834.471,2831.157,2833.877
2835.518,1772737800,2835.518,2832.815,2833.064
2834.661,1772738100,2837.008,2833.812,2835.187
2832.412,1772738400,2835.09,2832.354,2834.798
2832.72,1772738700,2834.394,2832.098,2832.414
2830.682,1772739000,2832.777,2828.768,2832.75
2827.869,1772739300,2831.485,2827.869,2830.594
2827.964,1772739600,2829.284,2827.262,2827.767
2828.537,1772739900,2828.911,2826.39,2828.268
2830.094,1772740200,2830.912,2828.398,2828.624
2829.228,1772740500,2831.371,2828.482,2829.835
2827.864,1772740800,2829.544,2826.515,2829.397
2826.318,1772741100,2828.316,2825.869,2827.853
2827.286,1772741400,2828.264,2825.988,2826.091
2828.022,1772741700,2829.1,2826.897,2827.469
2826.916,1772742000,2829.166,2826.658,2828.04
2829.263,1772742300,2829.897,2826.164,2826.794
2826.009,1772742600,2829.517,2825.371,2829.517
2826.032,1772742900,2827.42,2825.452,2826.253
2826.203,1772743200,2826.801,2824.686,2826.168
2823.847,1772743500,2827.055,2823.741,2826.06
2816.728,1772743800,2823.78,2816.728,2823.766
2819.23,1772744100,2819.968,2816.925,2816.925
2817.413,1772744400,2819.818,2815.993,2819.123
2815.894,1772744700,2818.099,2815.548,2817.348
2814.097,1772745000,2816.208,2813.546,2815.846
2812.828,1772745300,2815.248,2811.987,2814.024
2809.033,1772745600,2813.573,2809.033,2812.752
2811.345,1772745900,2812.1,2809.086,2809.277
2812.896,1772746200,2812.896,2810.356,2811.646
2816.696,1772746500,2817.882,2813.14,2813.14
2815.984,1772746800,2816.705,2814.567,2816.705
2816.602,1772747100,2817.892,2815.042,2816.394
2818.647,1772747400,2819.396,2816.551,2816.572
2818.656,1772747700,2819.708,2817.923,2818.662
2817.646,1772748000,2819.642,2816.454,2818.606
2820.542,1772748300,2820.542,2816.482,2817.723
2821.684,1772748600,2821.906,2820.098,2820.676
2822.46,1772748900,2823.453,2820.939,2821.556
2824.445,1772749200,2825.167,2822.413,2822.413
2821.929,1772749500,2825.708,2821.676,2824.51
2819.931,1772749800,2822.499,2819.467,2822.058
2820.549,1772750100,2822.287,2819.75,2819.88
2822.974,1772750400,2824.105,2820.107,2820.628
2827.222,1772750700,2827.339,2822.253,2822.797
2824.66,1772751000,2827.533,2824.459,2827.136
2822.446,1772751300,2825.413,2822.302,2824.973
2821.5,1772751600,2824.202,2821.121,2822.25
2821.306,1772751900,2823.444,2820.008,2821.603
2822.185,1772752200,2822.829,2819.669,2821.197
2820.672,1772752500,2822.135,2819.808,2821.977
2821.592,1772752800,2824.075,2820.11,2820.54
2822.409,1772753100,2824.339,2821.519,2821.761
2821.504,1772753400,2822.987,2821.079,2822.556
2820.388,1772753700,2822.102,2820.255,2821.497
2821.383,1772754000,2823.722,2820.264,2820.381
2820.471,1772754300,2822.733,2820.268,2821.213
2820.418,1772754600,2820.945,2818.957,2820.346
2818.412,1772754900,2820.523,2817.977,2820.286
2821.127,1772755200,2821.206,2817.723,2818.717
2821.462,1772755500,2822.117,2820.126,2821.416
2820.13,1772755800,2821.279,2818.956,2821.279
2820.18,1772756100,2820.466,2818.285,2820.127
2820.396,1772756400,2820.821,2818.787,2820.095
2820.004,1772756700,2821.805,2819.732,2819.929
2821.648,1772757000,2822.677,2819.918,2820.11
2822.3,1772757300,2822.596,2820.313,2821.734
2823.746,1772757600,2823.781,2821.054,2822.25
2822.573,1772757900,2823.624,2820.967,2823.471
2824.233,1772758200,2825.289,2821.827,2822.545
2826.211,1772758500,2826.452,2823.233,2824.3
2828.327,1772758800,2828.66,2826.205,2826.205
2828.632,1772759100,2828.669,2826.559,2828.061
2825.495,1772759400,2829.623,2825.328,2828.715
2823.125,1772759700,2825.326,2822.877,2825.326
2823.222,1772760000,2824.314,2822.456,2823.194
2824.263,1772760300,2824.99,2822.328,2823.083
2824.121,1772760600,2825.901,2823.814,2824.227
2825.641,1772760900,2825.641,2823.124,2823.949
2822.895,1772761200,2826.592,2822.895,2825.539
2821.396,1772761500,2823.552,2819.862,2822.946
2817.234,1772761800,2821.913,2817.234,2821.531
2811.31,1772762100,2817.147,2811.096,2817.064
2812.763,1772762400,2813.43,2810.777,2811.29
2808.966,1772762700,2813.101,2808.05,2812.637
2806.004,1772763000,2809.401,2805.528,2808.836
2803.493,1772763300,2807.479,2803.136,2805.77
2805.513,1772763600,2805.958,2803.638,2803.638
2804.933,1772763900,2807.185,2804.444,2805.448
2804.456,1772764200,2807.72,2803.56,2804.877
2807.404,1772764500,2807.411,2803.446,2804.524
2805.739,1772764800,2808.428,2805.124,2807.393
2808.939,1772765100,2808.939,2805.334,2805.967
2810.303,1772765400,2811.265,2809.052,2809.062
2811.104,1772765700,2811.509,2808.841,2810.359
2814.113,1772766000,2814.141,2810.271,2811.023
2816.241,1772766300,2816.303,2813.919,2813.933
2818.55,1772766600,2819.47,2815.76,2816.082
2819.212,1772766900,2819.463,2817.039,2818.326
2817.14,1772767200,2819.093,2815.517,2819.093
2819.236,1772767500,2819.236,2816.757,2817.251
2820.039,1772767800,2820.252,2818.259,2819.133
2818.201,1772768100,2820.37,2817.349,2819.913
2817.536,1772768400,2819.05,2817.162,2818.27
2815.756,1772768700,2819.285,2815.756,2818.013
2819.678,1772769000,2820.199,2815.67,2816.004
2819.305,1772769300,2822.406,2819.255,2819.804
2821.385,1772769600,2823.603,2818.515,2819.259
2822.617,1772769900,2823.853,2820.284,2821.382
2820.897,1772770200,2822.881,2820.411,2822.853
2822.426,1772770500,2823.198,2820.522,2820.93
2822.043,1772770800,2823.851,2820.647,2822.577
2822.25,1772771100,2822.949,2820.377,2822.102
2820.587,1772771400,2823.43,2820.365,2822.0
2821.793,1772771700,2823.187,2820.12,2820.721
2820.78,1772772000,2822.312,2819.609,2821.738
2822.769,1772772300,2822.889,2820.472,2820.778
2819.966,1772772600,2824.095,2819.966,2823.037
2818.207,1772772900,2820.72,2817.898,2820.065
2816.425,1772773200,2819.067,2815.967,2818.279
2817.06,1772773500,2817.897,2816.071,2816.297
2814.435,1772773800,2817.837,2813.861,2817.25
2817.873,1772774100,2818.933,2814.29,2814.386
2819.886,1772774400,2820.196,2816.989,2817.849
2814.974,1772774700,2820.641,2814.866,2819.882
2815.96,1772775000,2819.346,2814.538,2814.902
2817.362,1772775300,2818.082,2815.933,2816.18
2817.416,1772775600,2819.333,2816.732,2817.448
2817.22,1772775900,2819.568,2816.005,2817.272
2817.662,1772776200,2819.999,2817.309,2817.411
2817.926,1772776500,2817.926,2815.701,2817.547
2819.304,1772776800,2819.57,2816.976,2817.873
2821.341,1772777100,2821.849,2819.319,2819.319
2824.061,1772777400,2824.587,2820.699,2821.441
2821.496,1772777700,2824.103,2820.919,2824.103
2821.092,1772778000,2822.375,2820.636,2821.738
2819.505,1772778300,2822.665,2819.367,2820.857
2821.326,1772778600,2821.873,2818.918,2819.407
2820.857,1772778900,2823.645,2820.157,2821.502
2821.602,1772779200,2824.037,2820.95,2820.95
2822.029,1772779500,2823.121,2820.735,2821.608
2822.369,1772779800,2823.192,2820.901,2822.176
2823.653,1772780100,2826.103,2822.261,2822.483
2824.824,1772780400,2825.088,2822.453,2823.203
2823.75,1772780700,2826.071,2823.75,2824.64
2825.516,1772781000,2826.0,2823.79,2823.983
2823.772,1772781300,2826.856,2822.461,2825.827
2825.731,1772781600,2825.86,2823.72,2823.881
2826.676,1772781900,2829.535,2825.874,2825.978
2827.235,1772782200,2827.678,2825.939,2826.601
2824.734,1772782500,2827.273,2823.53,2827.273
2828.738,1772782800,2828.909,2825.051,2825.051
2828.589,1772783100,2829.737,2827.967,2828.934
2828.77,1772783400,2831.294,2827.876,2828.443
2828.505,1772783700,2830.604,2826.971,2828.717
2829.278,1772784000,2831.774,2827.768,2828.577
2825.56,1772784300,2829.493,2824.989,2829.333
2824.739,1772784600,2826.043,2822.947,2825.573
2824.03,1772784900,2828.386,2823.815,2825.093
2823.936,1772785200,2824.825,2820.95,2823.782
2821.651,1772785500,2824.36,2821.651,2823.816
2819.126,1772785800,2821.931,2818.778,2821.931
2814.004,1772786100,2819.41,2814.004,2819.033
2813.853,1772786400,2815.312,2812.405,2814.056
2819.292,1772786700,2819.292,2813.639,2814.032
2818.011,1772787000,2820.658,2817.854,2819.455
2819.452,1772787300,2820.576,2817.774,2817.774
2823.252,1772787600,2823.714,2819.037,2819.474
2821.448,1772787900,2824.205,2821.118,2823.392
2823.921,1772788200,2824.266,2821.052,2821.561
2820.943,1772788500,2824.536,2820.884,2823.711
2823.739,1772788800,2823.739,2820.644,2820.941
2825.309,1772789100,2826.302,2822.857,2823.947
2828.35,1772789400,2829.098,2824.888,2825.036
2827.882,1772789700,2828.388,2825.457,2828.224
2831.823,1772790000,2831.823,2827.317,2827.916
2833.553,1772790300,2833.715,2831.33,2831.64
2827.924,1772790600,2833.536,2827.04,2833.536
2827.012,1772790900,2829.269,2826.013,2827.868
2828.068,1772791200,2830.787,2826.904,2826.994
2830.146,1772791500,2831.069,2827.723,2828.084
2828.849,1772791800,2830.431,2828.361,2829.854
2830.389,1772792100,2832.19,2828.723,2828.723
2829.536,1772792400,2831.569,2828.693,2830.234
2828.391,1772792700,2830.299,2828.106,2829.533
2825.838,1772793000,2828.974,2825.838,2828.297
2824.446,1772793300,2828.206,2824.446,2826.043
2826.366,1772793600,2826.366,2822.984,2824.445
2829.189,1772793900,2829.269,2824.859,2826.48
2831.593,1772794200,2831.799,2828.538,2828.996
2831.196,1772794500,2833.239,2830.355,2831.79
2833.246,1772794800,2834.19,2830.952,2831.186
2833.815,1772795100,2833.855,2831.076,2833.249
2836.521,1772795400,2837.371,2833.651,2834.06
2837.27,1772795700,2837.99,2835.49,2836.549
2836.555,1772796000,2838.76,2835.752,2837.124
2836.991,1772796300,2837.436,2835.621,2836.506
2838.105,1772796600,2838.105,2834.151,2837.293
2838.456,1772796900,2838.456,2835.867,2838.106
2841.047,1772797200,2841.503,2837.742,2838.547
2838.451,1772797500,2842.145,2838.188,2841.46
2835.804,1772797800,2838.515,2834.46,2838.338
2835.755,1772798100,2836.9,2834.751,2835.841
2831.893,1772798400,2835.669,2831.71,2835.669
2827.923,1772798700,2832.209,2827.781,2831.74
2825.993,1772799000,2828.292,2824.498,2828.032
2823.929,1772799300,2826.634,2823.678,2825.911
2827.858,1772799600,2827.907,2823.421,2823.812
2828.624,1772799900,2829.738,2827.018,2828.006
2826.783,1772800200,2828.736,2826.449,2828.633
2826.351,1772800500,2828.17,2825.133,2826.55
2829.309,1772800800,2829.319,2826.031,2826.412
2829.635,1772801100,2829.703,2827.676,2829.121
2830.301,1772801400,2832.412,2828.858,2829.389
2830.636,1772801700,2832.372,2829.848,2830.317
2832.58,1772802000,2832.708,2829.678,2830.806
2832.426,1772802300,2833.804,2831.401,2832.53
2833.936,1772802600,2834.614,2831.734,2832.388
2835.068,1772802900,2835.476,2833.389,2834.159
2836.801,1772803200,2837.944,2834.624,2835.034
2837.0,1772803500,2837.469,2835.294,2836.888
2837.779,1772803800,2838.364,2835.421,2837.036
2839.462,1772804100,2840.105,2837.137,2837.987
2838.897,1772804400,2840.757,2838.707,2839.61
2839.041,1772804700,2839.694,2837.156,2838.914
2837.816,1772805000,2839.869,2837.612,2839.227
2838.075,1772805300,2839.348,2837.075,2837.911
2837.619,1772805600,2838.52,2836.219,2837.823
2836.66,1772805900,2837.955,2835.48,2837.665
2835.374,1772806200,2837.855,2834.996,2836.541
2840.369,1772806500,2840.413,2835.434,2835.434
2840.184,1772806800,2841.922,2839.487,2840.29
2838.988,1772807100,2840.819,2837.904,2840.205
2837.399,1772807400,2840.502,2837.259,2839.375
2835.683,1772807700,2838.25,2835.683,2837.157
2834.582,1772808000,2837.469,2834.582,2835.678
2832.33,1772808300,2834.561,2831.167,2834.498
2831.274,1772808600,2834.033,2830.795,2832.262
2831.204,1772808900,2833.283,2830.823,2831.368
2834.381,1772809200,2834.711,2830.995,2831.261
2836.577,1772809500,2836.648,2833.78,2834.449
2834.189,1772809800,2837.23,2833.612,2836.591
2831.625,1772810100,2834.61,2830.956,2834.363
2831.557,1772810400,2833.127,2830.448,2831.838
2829.4,1772810700,2831.528,2829.244,2831.282
2828.578,1772811000,2829.588,2826.263,2829.252
2827.134,1772811300,2828.656,2826.997,2828.39
2827.503,1772811600,2828.376,2826.065,2826.923
2829.239,1772811900,2831.376,2827.067,2827.494
2828.67,1772812200,2829.208,2827.64,2828.875
2831.587,1772812500,2831.587,2827.788,2828.611
2830.899,1772812800,2833.526,2830.899,2831.794
2830.953,1772813100,2833.957,2830.213,2830.803
2832.76,1772813400,2833.645,2829.627,2830.809
2832.828,1772813700,2833.963,2831.235,2832.875
2830.24,1772814000,2832.691,2829.426,2832.691
2829.414,1772814300,2832.218,2828.606,2829.964
2834.121,1772814600,2834.897,2828.88,2829.451
2834.142,1772814900,2835.826,2833.895,2834.153
2832.438,1772815200,2834.434,2830.379,2834.333
2833.91,1772815500,2835.108,2832.189,2832.432
2832.532,1772815800,2834.476,2831.794,2833.929
2835.919,1772816100,2837.228,2832.152,2832.405
2839.36,1772816400,2839.433,2834.838,2835.687
2838.725,1772816700,2842.586,2838.547,2839.768
2837.983,1772817000,2839.544,2837.424,2838.642
2843.91,1772817300,2844.41,2838.119,2838.142
2847.489,1772817600,2847.816,2843.819,2843.819
2849.404,1772817900,2851.21,2847.443,2847.443
2848.985,1772818200,2850.097,2845.881,2849.275
2847.606,1772818500,2849.254,2847.151,2849.108
2850.484,1772818800,2850.484,2847.731,2847.96
2852.502,1772819100,2852.987,2849.584,2850.496
2851.868,1772819400,2853.543,2850.05,2852.531
2849.815,1772819700,2851.825,2849.579,2851.811
2847.144,1772820000,2850.671,2847.144,2849.995
2849.503,1772820300,2849.775,2846.74,2847.17
2849.392,1772820600,2851.989,2849.0,2849.452
2850.549,1772820900,2850.629,2847.987,2849.082
2849.474,1772821200,2851.159,2848.126,2850.541
2848.919,1772821500,2850.359,2846.285,2849.538
2848.326,1772821800,2849.665,2847.1,2849.061
2847.267,1772822100,2848.264,2846.537,2848.137
2850.129,1772822400,2850.129,2844.862,2847.074
2851.543,1772822700,2852.604,2850.079,2850.289
2854.535,1772823000,2854.535,2851.617,2851.617
2855.956,1772823300,2856.956,2853.859,2854.702
2853.513,1772823600,2856.037,2853.485,2856.037
2852.582,1772823900,2854.115,2851.224,2853.617
2849.648,1772824200,2852.813,2848.733,2852.693
2850.381,1772824500,2851.357,2848.903,2849.668
2852.89,1772824800,2853.087,2849.868,2850.42
2852.432,1772825100,2854.92,2851.51,2852.788
2853.348,1772825400,2854.192,2851.006,2852.386
2853.677,1772825700,2855.912,2851.804,2853.612
2858.105,1772826000,2858.162,2853.473,2853.566
2858.681,1772826300,2860.358,2857.534,2857.943
2857.908,1772826600,2859.553,2857.025,2858.725
2853.353,1772826900,2857.535,2853.104,2857.503
2854.369,1772827200,2854.915,2852.603,2853.358
2854.165,1772827500,2855.718,2853.543,2854.263
2856.739,1772827800,2856.753,2853.458,2854.295
2856.051,1772828100,2858.177,2855.107,2856.837
2855.603,1772828400,2857.198,2854.567,2856.151
2857.653,1772828700,2857.674,2854.381,2855.622
2858.479,1772829000,2858.521,2856.365,2857.519
2857.524,1772829300,2859.51,2856.813,2858.548
2853.282,1772829600,2857.732,2852.699,2857.528
2851.681,1772829900,2854.181,2850.923,2853.312
2850.903,1772830200,2854.009,2850.256,2851.846
2850.256,1772830500,2851.087,2848.685,2850.841
2847.169,1772830800,2850.615,2846.323,2850.346
2847.278,1772831100,2849.451,2845.849,2847.035
2848.411,1772831400,2850.179,2846.564,2847.238
2842.4,1772831700,2848.789,2842.4,2848.513
2839.027,1772832000,2843.087,2839.027,2842.448
2838.824,1772832300,2839.443,2837.752,2839.123
2841.144,1772832600,2841.529,2838.616,2838.947
2841.612,1772832900,2842.02,2838.971,2841.24
2840.262,1772833200,2842.306,2839.001,2841.63
2842.056,1772833500,2842.915,2839.591,2840.301
2841.609,1772833800,2842.599,2840.58,2842.271
2840.884,1772834100,2841.726,2839.733,2841.361
2839.981,1772834400,2841.477,2839.347,2840.64
2839.067,1772834700,2840.652,2837.99,2840.024
2836.654,1772835000,2839.099,2834.616,2839.099
2838.112,1772835300,2838.842,2836.298,2836.565
2831.563,1772835600,2838.423,2830.941,2838.005
2826.38,1772835900,2831.595,2826.222,2831.355
2823.806,1772836200,2826.634,2823.781,2826.271
2822.988,1772836500,2824.699,2822.78,2823.748
2823.641,1772836800,2825.577,2822.186,2822.758
2822.947,1772837100,2824.876,2822.513,2823.854
2821.659,1772837400,2823.277,2820.351,2823.062
2820.807,1772837700,2823.011,2820.762,2821.614
2821.997,1772838000,2823.367,2820.612,2820.708
2821.103,1772838300,2821.947,2819.029,2821.947
2824.207,1772838600,2824.922,2820.683,2821.059
2824.153,1772838900,2824.773,2823.041,2824.201
2824.257,1772839200,2824.35,2821.234,2824.258
2822.72,1772839500,2824.379,2821.258,2824.358
2822.037,1772839800,2822.563,2819.049,2822.563
2819.818,1772840100,2822.822,2819.126,2822.306
2820.943,1772840400,2823.175,2819.548,2819.789
2821.368,1772840700,2822.84,2820.066,2820.937
2825.639,1772841000,2825.639,2820.968,2821.255
2824.694,1772841300,2825.608,2823.227,2825.294
2823.181,1772841600,2826.206,2822.197,2824.82
2824.419,1772841900,2824.707,2822.463,2823.246
2826.404,1772842200,2826.85,2823.916,2824.597
2826.16,1772842500,2827.134,2824.312,2826.426
2827.676,1772842800,2828.601,2825.913,2825.913
2830.751,1772843100,2830.763,2827.203,2827.654
2833.468,1772843400,2834.106,2830.302,2830.53
2833.957,1772843700,2835.319,2832.384,2833.252
2831.121,1772844000,2834.698,2830.587,2834.174
2830.402,1772844300,2831.041,2828.993,2831.02
2831.012,1772844600,2832.093,2829.754,2830.338
2831.212,1772844900,2831.484,2828.817,2830.843
2834.297,1772845200,2834.297,2830.661,2831.05
2836.131,1772845500,2837.374,2834.368,2834.37
2837.435,1772845800,2837.435,2835.17,2836.103
2842.906,1772846100,2842.994,2837.367,2837.478
2838.875,1772846400,2843.195,2838.431,2843.071
2839.947,1772846700,2840.507,2837.708,2838.91
2842.511,1772847000,2843.748,2839.984,2839.984
2844.019,1772847300,2846.376,2842.824,2842.824
2840.552,1772847600,2844.3,2840.186,2843.807
2838.132,1772847900,2841.732,2838.056,2840.655
2837.101,1772848200,2840.278,2837.101,2838.126
2839.102,1772848500,2840.21,2836.944,2836.95
2838.742,1772848800,2840.259,2837.935,2839.244
2842.675,1772849100,2843.714,2836.655,2838.617
2842.808,1772849400,2843.308,2840.522,2842.818
2842.267,1772849700,2843.334,2840.979,2842.543
2843.486,1772850000,2844.159,2842.016,2842.596
2845.594,1772850300,2845.896,2842.025,2843.531
2846.07,1772850600,2847.933,2845.273,2845.291
2845.123,1772850900,2846.363,2843.418,2846.147
2846.567,1772851200,2846.958,2843.855,2845.241
2844.606,1772851500,2847.418,2844.135,2846.396
2841.758,1772851800,2845.008,2841.758,2844.456
2841.582,1772852100,2842.874,2840.518,2841.92
2844.357,1772852400,2845.021,2840.318,2841.539
2845.983,1772852700,2846.663,2843.743,2844.574
2847.076,1772853000,2848.371,2845.944,2846.12
2845.854,1772853300,2848.143,2845.517,2847.052
2846.45,1772853600,2847.21,2844.564,2845.87
2845.212,1772853900,2847.853,2845.018,2846.372
2847.03,1772854200,2847.635,2844.373,2845.36
2848.813,1772854500,2849.381,2846.978,2847.025
2848.529,1772854800,2851.048,2847.961,2848.835
2848.372,1772855100,2849.016,2846.579,2848.493
2848.912,1772855400,2851.467,2848.673,2848.76
2844.063,1772855700,2849.179,2843.31,2848.556
2842.55,1772856000,2844.857,2842.55,2843.964
2842.086,1772856300,2842.582,2840.866,2842.234
2839.492,1772856600,2843.19,2838.577,2842.624
2838.042,1772856900,2839.727,2837.937,2839.553
2839.437,1772857200,2841.379,2837.42,2837.712
2837.151,1772857500,2839.428,2834.965,2839.083
2834.632,1772857800,2837.783,2833.915,2837.124
2836.509,1772858100,2837.883,2834.729,2834.729
2837.517,1772858400,2839.226,2835.826,2836.677
2839.19,1772858700,2839.373,2836.2,2837.451
2835.815,1772859000,2839.511,2835.11,2839.174
2836.437,1772859300,2837.859,2835.438,2835.988
2836.872,1772859600,2839.6,2836.167,2836.284
2834.064,1772859900,2836.788,2833.788,2836.748
2833.558,1772860200,2834.282,2831.642,2834.192
2834.415,1772860500,2834.415,2831.652,2833.588
2834.901,1772860800,2836.291,2833.592,2834.319
2833.104,1772861100,2835.147,2832.462,2834.857
2834.077,1772861400,2834.981,2832.803,2833.112
2835.86,1772861700,2835.893,2833.931,2834.12
2834.996,1772862000,2838.006,2834.996,2835.889
2832.133,1772862300,2835.876,2832.133,2834.824
2827.776,1772862600,2832.204,2827.776,2832.113
2824.631,1772862900,2830.691,2824.221,2827.549
2821.277,1772863200,2825.505,2821.277,2824.537
2823.624,1772863500,2823.624,2821.439,2821.495
2821.996,1772863800,2824.565,2821.996,2823.697
2818.232,1772864100,2822.07,2817.136,2821.703
2820.7,1772864400,2820.759,2817.136,2817.98
2819.018,1772864700,2822.118,2817.805,2820.762
2815.672,1772865000,2819.475,2815.537,2819.155
2815.972,1772865300,2817.173,2815.369,2815.369
2814.989,1772865600,2816.73,2813.64,2815.882
2817.458,1772865900,2817.458,2814.158,2814.763
2817.044,1772866200,2819.872,2816.32,2817.571
2820.047,1772866500,2820.275,2817.153,2817.153
2818.328,1772866800,2821.177,2818.328,2820.048
2820.373,1772867100,2820.845,2818.091,2818.251
2818.679,1772867400,2820.553,2818.333,2820.553
2816.371,1772867700,2818.739,2815.669,2818.658
2817.391,1772868000,2818.845,2815.776,2816.54
2817.77,1772868300,2817.883,2815.444,2817.422
2816.885,1772868600,2820.217,2816.837,2817.81
2819.364,1772868900,2819.638,2816.692,2817.154
2820.936,1772869200,2823.339,2819.2,2819.2
2821.055,1772869500,2823.0,2820.083,2820.752
2826.184,1772869800,2826.395,2820.236,2821.166
2830.487,1772870100,2830.901,2826.25,2826.396
2829.999,1772870400,2831.248,2829.18,2830.36
2826.311,1772870700,2830.324,2825.304,2829.716
2825.076,1772871000,2827.874,2824.405,2826.207
2830.294,1772871300,2830.524,2825.028,2825.175
2830.868,1772871600,2833.719,2829.871,2830.342
2828.738,1772871900,2831.094,2827.061,2831.093
2827.07,1772872200,2830.148,2827.07,2828.74
2828.06,1772872500,2829.086,2826.772,2827.01
2827.893,1772872800,2828.803,2825.502,2827.998
2826.041,1772873100,2827.565,2825.317,2827.565
2829.848,1772873400,2830.032,2825.892,2826.309
2832.161,1772873700,2832.642,2827.674,2829.987
2832.259,1772874000,2834.39,2831.775,2832.181
2833.39,1772874300,2834.822,2832.48,2832.48
2832.799,1772874600,2834.285,2832.182,2833.284
2831.781,1772874900,2832.794,2830.308,2832.681
2833.522,1772875200,2834.147,2830.783,2831.839
2834.194,1772875500,2834.808,2831.42,2833.667
2836.405,1772875800,2836.596,2832.772,2834.32
2837.121,1772876100,2837.914,2835.486,2836.407
2838.846,1772876400,2839.807,2836.852,2837.112
2837.093,1772876700,2838.772,2835.661,2838.772
2835.975,1772877000,2838.638,2834.786,2837.356
2835.823,1772877300,2837.682,2834.249,2836.078
2837.644,1772877600,2837.876,2834.871,2835.423
2840.964,1772877900,2841.34,2836.914,2837.934
2840.536,1772878200,2842.285,2839.093,2841.1
2841.358,1772878500,2842.83,2839.713,2840.404
2842.958,1772878800,2843.226,2840.711,2841.586
2844.237,1772879100,2846.221,2842.608,2843.441
2844.56,1772879400,2845.902,2843.924,2844.226
2847.745,1772879700,2848.074,2843.582,2844.692
2845.79,1772880000,2848.355,2845.79,2848.076
2844.756,1772880300,2846.837,2844.756,2845.318
2841.384,1772880600,2845.948,2841.229,2845.085
2841.72,1772880900,2842.276,2840.575,2841.263
2839.979,1772881200,2843.941,2839.384,2842.046
2837.73,1772881500,2840.724,2837.73,2839.876
2837.722,1772881800,2838.695,2836.596,2837.781
2836.849,1772882100,2838.821,2836.62,2837.677
2839.179,1772882400,2839.841,2836.756,2836.756
2840.327,1772882700,2842.611,2839.06,2839.06
2840.703,1772883000,2841.498,2839.633,2840.562
2842.788,1772883300,2843.378,2840.377,2840.449
2844.218,1772883600,2845.568,2842.971,2843.004
2842.589,1772883900,2844.734,2841.624,2844.504
2846.219,1772884200,2846.972,2842.515,2842.942
2842.873,1772884500,2846.385,2842.749,2845.804
2840.687,1772884800,2844.024,2839.903,2842.979
2839.39,1772885100,2840.711,2838.658,2840.622
2843.036,1772885400,2843.272,2839.213,2839.462
2841.542,1772885700,2842.959,2839.21,2842.942
2841.046,1772886000,2842.281,2840.539,2841.443
2839.128,1772886300,2841.156,2838.451,2841.156
2841.617,1772886600,2842.043,2838.715,2839.233
2846.083,1772886900,2846.443,2841.385,2841.698
2844.341,1772887200,2847.816,2844.285,2846.36
2845.142,1772887500,2845.315,2842.119,2844.116
2841.533,1772887800,2846.22,2841.533,2845.194
2849.257,1772888100,2849.553,2840.851,2841.536
2850.427,1772888400,2850.746,2847.777,2849.158
2852.893,1772888700,2853.596,2848.646,2850.459
2850.011,1772889000,2854.066,2850.01,2852.581
2851.446,1772889300,2851.619,2849.267,2850.038
2850.475,1772889600,2851.977,2848.54,2851.452
2853.323,1772889900,2853.567,2850.122,2850.463
2853.604,1772890200,2855.506,2853.123,2853.123
2854.308,1772890500,2854.844,2851.985,2853.475
2859.092,1772890800,2859.092,2853.231,2854.217
2857.461,1772891100,2859.594,2856.539,2859.171
2858.987,1772891400,2859.935,2857.131,2857.377
2859.276,1772891700,2859.682,2856.807,2858.853
2858.569,1772892000,2859.874,2857.685,2859.115
2855.136,1772892300,2859.203,2854.498,2858.627
2855.347,1772892600,2857.643,2855.249,2855.283
2852.816,1772892900,2856.815,2851.643,2855.419
2853.463,1772893200,2854.199,2852.07,2852.84
2853.3,1772893500,2853.537,2850.424,2853.502
2848.887,1772893800,2853.753,2848.257,2853.12
2846.704,1772894100,2848.849,2845.821,2848.822
2843.312,1772894400,2847.947,2842.081,2846.656
2842.988,1772894700,2845.883,2841.494,2843.156
2842.319,1772895000,2845.418,2842.106,2842.707
2841.475,1772895300,2844.58,2840.82,2842.497
2841.34,1772895600,2843.05,2840.777,2841.694
2844.769,1772895900,2844.952,2841.473,2841.567
2844.277,1772896200,2845.022,2842.473,2844.857
2843.531,1772896500,2844.616,2841.985,2844.217
2843.574,1772896800,2843.863,2841.31,2843.658
2841.533,1772897100,2843.673,2840.645,2843.298
2844.742,1772897400,2845.542,2841.323,2841.323
2844.947,1772897700,2845.514,2842.408,2844.85
2848.243,1772898000,2848.734,2844.726,2845.019
2846.885,1772898300,2848.894,2844.732,2848.247
2849.324,1772898600,2850.559,2846.551,2847.025
2849.519,1772898900,2849.519,2847.211,2849.382
2845.843,1772899200,2849.379,2845.656,2849.379
2847.566,1772899500,2847.854,2844.538,2845.898
2848.163,1772899800,2849.889,2847.12,2847.592
2846.892,1772900100,2849.968,2846.892,2848.085
2849.516,1772900400,2849.633,2846.027,2846.48
2846.248,1772900700,2849.345,2846.109,2849.345
2846.837,1772901000,2848.222,2846.055,2846.391
2844.791,1772901300,2847.247,2844.791,2846.816
2847.241,1772901600,2847.241,2843.353,2844.665
2844.073,1772901900,2847.472,2843.411,2847.138
2844.728,1772902200,2844.966,2842.738,2843.953
2843.155,1772902500,2846.35,2842.874,2845.021
2841.714,1772902800,2844.322,2841.141,2843.272
2839.954,1772903100,2842.235,2839.059,2841.884
2839.844,1772903400,2842.374,2839.628,2840.174
2841.705,1772903700,2842.529,2839.646,2839.789
2839.919,1772904000,2842.34,2838.784,2841.519
2838.82,1772904300,2839.722,2836.994,2839.722
2838.843,1772904600,2841.181,2838.584,2838.73
2838.502,1772904900,2839.004,2836.522,2838.95
2838.994,1772905200,2840.515,2838.005,2838.573
2836.196,1772905500,2838.949,2836.093,2838.949
2837.621,1772905800,2838.144,2835.452,2836.355
2839.199,1772906100,2839.415,2836.681,2837.56
2841.778,1772906400,2842.213,2838.15,2839.066
2841.307,1772906700,2843.065,2840.704,2841.76
2842.232,1772907000,2842.778,2840.504,2841.154
2842.332,1772907300,2843.115,2840.005,2841.863
2842.777,1772907600,2844.639,2841.962,2842.369
2846.462,1772907900,2846.525,2841.52,2842.542
2850.522,1772908200,2851.318,2846.309,2846.442
2856.064,1772908500,2856.227,2850.481,2850.562
2857.598,1772908800,2858.255,2855.33,2856.262
2855.627,1772909100,2858.905,2855.217,2857.602
2855.758,1772909400,2856.644,2854.871,2855.643
2858.792,1772909700,2860.151,2855.064,2855.665
2858.201,1772910000,2859.638,2857.474,2858.925
2855.822,1772910300,2859.712,2855.752,2858.317
2853.509,1772910600,2856.213,2853.218,2855.633
2854.311,1772910900,2854.986,2851.212,2853.087
2852.559,1772911200,2854.915,2851.841,2854.568
2849.528,1772911500,2853.053,2847.677,2852.579
2849.021,1772911800,2850.819,2848.404,2849.548
2848.405,1772912100,2849.755,2847.407,2849.298
2851.082,1772912400,2851.304,2848.225,2848.304
2854.593,1772912700,2854.732,2850.511,2851.059
2851.373,1772913000,2856.788,2851.373,2854.612
2850.646,1772913300,2852.044,2849.21,2851.356
2853.765,1772913600,2853.765,2850.442,2851.072
2856.189,1772913900,2856.354,2851.622,2853.771
2858.97,1772914200,2858.97,2855.688,2856.188
2858.602,1772914500,2859.683,2856.876,2858.898
2856.867,1772914800,2859.151,2856.656,2858.727
2857.326,1772915100,2858.621,2856.018,2856.524
2855.752,1772915400,2857.387,2854.765,2857.387
2852.833,1772915700,2856.055,2852.616,2855.617
2853.288,1772916000,2855.188,2852.157,2852.638
2853.795,1772916300,2855.182,2852.356,2853.013
2855.679,1772916600,2856.053,2852.152,2853.55
2856.937,1772916900,2858.565,2855.277,2855.485
2856.565,1772917200,2858.278,2855.539,2856.776
2853.133,1772917500,2856.87,2853.133,2856.828
2855.23,1772917800,2855.23,2852.012,2853.361
2858.833,1772918100,2858.844,2854.255,2855.116
2861.111,1772918400,2861.911,2858.868,2859.113
2859.39,1772918700,2861.898,2858.869,2860.794
2859.927,1772919000,2861.977,2858.577,2859.621
2862.586,1772919300,2863.275,2859.159,2859.723
2860.885,1772919600,2862.72,2860.141,2862.157
2859.532,1772919900,2862.493,2858.351,2860.58
2859.631,1772920200,2861.219,2858.962,2859.337
2858.637,1772920500,2859.988,2857.93,2859.782
2857.804,1772920800,2859.16,2857.242,2858.596
2858.037,1772921100,2858.695,2856.611,2857.761
2856.842,1772921400,2860.117,2856.562,2858.017
2856.157,1772921700,2857.441,2854.374,2856.81
2854.49,1772922000,2856.155,2853.074,2856.155
2854.63,1772922300,2856.94,2853.798,2854.578
2854.163,1772922600,2855.705,2854.022,2854.601
2857.143,1772922900,2858.1,2854.154,2854.154
2853.591,1772923200,2858.136,2853.522,2857.065
2852.116,1772923500,2854.265,2851.347,2853.57
2849.928,1772923800,2854.153,2849.928,2852.375
2852.725,1772924100,2852.848,2848.699,2850.024
2856.058,1772924400,2857.827,2852.742,2852.742
2860.372,1772924700,2860.387,2856.282,2856.359
2859.664,1772925000,2861.927,2859.606,2860.424
2858.554,1772925300,2861.242,2857.448,2859.878
2857.671,1772925600,2859.049,2857.133,2858.527
2860.153,1772925900,2860.935,2857.774,2857.774
2858.768,1772926200,2861.194,2858.768,2860.307
2856.806,1772926500,2860.305,2856.806,2859.042
2854.557,1772926800,2858.292,2854.557,2856.616
2853.889,1772927100,2856.723,2852.95,2854.782
2853.449,1772927400,2854.032,2851.88,2853.897
2855.136,1772927700,2856.834,2852.671,2853.442
2854.062,1772928000,2855.749,2853.708,2855.341
2856.051,1772928300,2856.656,2853.885,2854.079
2856.519,1772928600,2857.331,2855.149,2856.025
2858.329,1772928900,2858.829,2855.531,2856.438
2859.031,1772929200,2859.194,2856.822,2858.492
2860.591,1772929500,2860.782,2858.338,2858.803
2859.284,1772929800,2861.069,2858.197,2860.93
2863.821,1772930100,2863.821,2859.238,2859.427
2865.558,1772930400,2866.819,2863.142,2863.825
2866.307,1772930700,2867.675,2864.629,2865.558
2866.352,1772931000,2867.327,2865.149,2866.615
2868.243,1772931300,2868.243,2864.886,2866.291
2867.408,1772931600,2868.543,2867.198,2868.18
2863.01,1772931900,2867.581,2863.01,2867.506
2862.437,1772932200,2863.674,2860.901,2863.017
2862.189,1772932500,2863.096,2861.431,2862.22
2860.137,1772932800,2862.645,2858.305,2862.285
2860.064,1772933100,2861.427,2858.866,2860.048
2862.482,1772933400,2863.128,2859.207,2860.015
2857.606,1772933700,2862.342,2857.268,2862.342
2857.484,1772934000,2859.118,2856.784,2857.714
2857.819,1772934300,2859.428,2856.939,2857.257
2854.299,1772934600,2858.071,2853.932,2857.811
2854.625,1772934900,2855.537,2854.235,2854.646
2855.075,1772935200,2858.171,2854.662,2854.838
2856.09,1772935500,2857.592,2854.103,2855.013
2853.386,1772935800,2856.203,2853.386,2856.098
2856.487,1772936100,2856.695,2853.179,2853.296
2856.089,1772936400,2857.978,2855.545,2856.865
2853.93,1772936700,2856.381,2852.81,2856.106
2850.162,1772937000,2854.779,2850.159,2853.847
2849.921,1772937300,2850.691,2848.646,2850.458
2850.601,1772937600,2850.912,2847.71,2850.13
2851.298,1772937900,2851.298,2849.172,2850.56
2852.476,1772938200,2853.363,2850.911,2851.167
2851.282,1772938500,2852.639,2850.63,2852.453
2852.466,1772938800,2852.493,2850.603,2851.524
2856.458,1772939100,2856.656,2852.214,2852.731
2853.157,1772939400,2857.376,2853.108,2856.599
2856.884,1772939700,2856.886,2852.923,2852.923
2858.793,1772940000,2860.528,2856.036,2856.76
2855.937,1772940300,2859.189,2855.176,2858.872
2858.731,1772940600,2859.495,2855.699,2855.835
2854.353,1772940900,2859.647,2853.996,2858.772
2854.673,1772941200,2855.651,2851.89,2854.227
2853.768,1772941500,2855.53,2852.979,2854.796
2854.982,1772941800,2855.27,2852.839,2853.881
2858.713,1772942100,2860.187,2854.89,2855.164
2855.973,1772942400,2859.161,2855.834,2858.819
2854.339,1772942700,2857.007,2854.129,2855.922
2857.754,1772943000,2858.399,2854.205,2854.294
2859.555,1772943300,2861.328,2857.144,2857.687
2858.064,1772943600,2859.974,2857.508,2859.453
2861.062,1772943900,2861.062,2857.917,2858.051
2859.284,1772944200,2861.033,2858.969,2861.033
2857.413,1772944500,2859.498,2856.279,2859.498
2853.594,1772944800,2857.381,2852.421,2857.381
2853.544,1772945100,2853.971,2851.685,2853.785
2854.267,1772945400,2854.267,2851.289,2853.727
2852.524,1772945700,2855.52,2852.309,2854.792
2854.721,1772946000,2856.176,2852.58,2852.736
2857.504,1772946300,2858.362,2854.96,2854.96
2855.481,1772946600,2857.723,2854.644,2857.431
2853.725,1772946900,2856.046,2852.635,2855.699
2855.785,1772947200,2856.971,2853.644,2853.644
2853.907,1772947500,2855.914,2851.898,2855.619
2854.285,1772947800,2856.149,2853.463,2853.794
2854.538,1772948100,2855.69,2853.789,2854.322
2854.948,1772948400,2855.88,2853.224,2854.583
2855.528,1772948700,2856.328,2853.431,2854.968
2860.219,1772949000,2860.419,2855.088,2855.5
2859.408,1772949300,2860.534,2857.94,2860.093
2858.858,1772949600,2861.283,2858.088,2859.185
2863.222,1772949900,2863.393,2857.409,2858.82
2862.351,1772950200,2863.616,2860.39,2863.133
2862.158,1772950500,2864.211,2861.113,2861.998
2865.485,1772950800,2865.699,2861.727,2862.089
2864.474,1772951100,2865.25,2862.664,2865.25
2864.721,1772951400,2865.483,2861.721,2864.572
2865.623,1772951700,2867.397,2864.273,2864.448
2867.571,1772952000,2868.936,2865.147,2865.47
2869.041,1772952300,2869.536,2867.139,2867.407
2872.385,1772952600,2872.57,2868.997,2869.006
2870.529,1772952900,2872.502,2870.521,2872.227
2869.317,1772953200,2871.259,2867.865,2870.994
2869.487,1772953500,2870.408,2868.411,2869.492
2869.531,1772953800,2870.057,2866.647,2869.419
2869.914,1772954100,2870.591,2868.778,2869.28
2867.445,1772954400,2870.221,2866.613,2869.772
2866.361,1772954700,2868.207,2865.684,2867.332
2864.781,1772955000,2867.867,2864.678,2866.234
2865.435,1772955300,2866.487,2864.205,2864.893
2863.866,1772955600,2865.639,2863.182,2865.436
2864.377,1772955900,2865.423,2862.507,2864.051
2862.849,1772956200,2864.521,2861.589,2864.116
2863.295,1772956500,2863.841,2861.35,2862.706
2863.814,1772956800,2864.048,2862.13,2863.59
2863.473,1772957100,2865.147,2862.968,2863.88
2864.72,1772957400,2864.908,2861.669,2863.367
2864.198,1772957700,2865.922,2863.362,2864.49
2862.866,1772958000,2865.802,2862.544,2864.143
2862.538,1772958300,2864.235,2862.345,2862.738
2865.606,1772958600,2866.577,2862.669,2862.669
2869.99,1772958900,2870.434,2864.843,2865.791
2870.153,1772959200,2871.186,2869.363,2869.916
2863.587,1772959500,2870.276,2863.587,2870.276
2863.196,1772959800,2866.171,2863.023,2863.7
2862.252,1772960100,2864.223,2861.981,2863.131
2857.491,1772960400,2862.671,2857.133,2862.411
2859.454,1772960700,2860.843,2855.964,2857.409
2857.194,1772961000,2859.67,2857.123,2859.254
2861.319,1772961300,2861.546,2856.952,2857.22
2860.461,1772961600,2862.017,2860.443,2861.21
2861.124,1772961900,2862.955,2859.981,2860.665
2865.157,1772962200,2865.805,2859.138,2861.127
2866.745,1772962500,2867.114,2864.703,2865.276
2870.789,1772962800,2871.74,2866.445,2866.445
2871.499,1772963100,2871.795,2869.041,2870.822
2869.57,1772963400,2873.263,2869.528,2871.467
2868.551,1772963700,2871.034,2868.386,2869.628
2870.665,1772964000,2870.682,2868.272,2868.324
2872.015,1772964300,2872.79,2868.903,2870.785
2876.523,1772964600,2876.523,2871.546,2871.915
2878.373,1772964900,2879.114,2876.076,2876.603
2877.564,1772965200,2879.801,2876.418,2878.254
2876.669,1772965500,2878.046,2875.879,2877.45
2878.368,1772965800,2878.723,2875.951,2876.506
2880.112,1772966100,2880.29,2877.942,2878.352
2881.442,1772966400,2882.003,2879.488,2879.897
2879.247,1772966700,2881.985,2879.067,2881.172
2880.09,1772967000,2881.257,2878.552,2879.448
2881.692,1772967300,2882.452,2879.97,2879.977
2887.114,1772967600,2887.372,2881.676,2881.869
2887.236,1772967900,2889.716,2886.444,2887.129
2887.115,1772968200,2887.491,2883.957,2887.155
2881.745,1772968500,2887.056,2881.505,2887.056
2882.957,1772968800,2884.217,2880.602,2881.532
2881.918,1772969100,2883.631,2881.643,2882.711
2882.36,1772969400,2883.744,2880.845,2881.726
2884.4,1772969700,2885.204,2882.001,2882.564
2884.731,1772970000,2885.588,2883.982,2884.355
2882.505,1772970300,2884.902,2882.026,2884.902
2886.517,1772970600,2887.637,2882.432,2882.432
2886.412,1772970900,2887.441,2885.809,2886.511
2886.834,1772971200,2888.692,2886.093,2886.827
2889.467,1772971500,2889.467,2886.774,2886.797
2890.182,1772971800,2891.074,2888.96,2889.729
2888.074,1772972100,2889.9,2887.256,2889.9
2888.547,1772972400,2889.471,2887.519,2887.969
2890.477,1772972700,2891.317,2887.51,2888.185
2892.638,1772973000,2893.381,2889.867,2890.231
2892.424,1772973300,2894.146,2891.391,2892.484
2891.301,1772973600,2893.011,2890.529,2892.647
2893.254,1772973900,2893.608,2890.345,2891.275
2892.202,1772974200,2894.049,2891.556,2893.436
2893.849,1772974500,2895.056,2891.776,2892.421
2894.539,1772974800,2894.888,2893.337,2893.803
2898.042,1772975100,2898.666,2894.291,2894.643
2901.828,1772975400,2902.058,2897.938,2897.938
2902.302,1772975700,2902.511,2899.746,2901.766
2897.874,1772976000,2902.682,2897.849,2902.271
2898.631,1772976300,2901.145,2897.602,2898.121
2902.344,1772976600,2902.799,2898.676,2898.893
2901.292,1772976900,2902.85,2899.993,2902.426
2902.014,1772977200,2902.683,2899.343,2901.501
2904.514,1772977500,2904.514,2900.962,2901.884
2900.441,1772977800,2905.299,2900.252,2904.673
2900.88,1772978100,2902.086,2899.135,2900.529
2901.72,1772978400,2901.767,2898.532,2900.748
2902.019,1772978700,2902.844,2900.621,2901.284
2900.267,1772979000,2902.647,2896.783,2902.013
2898.984,1772979300,2900.484,2898.148,2900.151
2899.879,1772979600,2899.908,2896.965,2898.872
2899.324,1772979900,2900.201,2896.756,2899.99
2899.072,1772980200,2902.144,2899.072,2899.397
2898.383,1772980500,2900.046,2898.026,2899.386
2898.907,1772980800,2900.22,2897.264,2898.391
2901.586,1772981100,2902.568,2898.616,2899.045
2902.389,1772981400,2902.864,2901.265,2901.783
2904.338,1772981700,2905.142,2901.382,2902.188
2904.69,1772982000,2904.817,2902.766,2904.269
2902.851,1772982300,2905.404,2901.735,2904.649
2901.064,1772982600,2903.241,2900.001,2902.757
2899.685,1772982900,2902.15,2898.291,2901.108
2900.859,1772983200,2902.326,2899.646,2899.832
2903.133,1772983500,2904.045,2900.391,2900.777
2902.501,1772983800,2905.568,2902.483,2903.002
2900.752,1772984100,2902.636,2898.737,2902.363
2901.373,1772984400,2901.737,2898.952,2900.718
2902.535,1772984700,2903.607,2898.744,2901.187
2901.771,1772985000,2903.153,2899.94,2902.394
2901.742,1772985300,2903.15,2901.022,2901.816
2900.823,1772985600,2902.18,2899.556,2901.285
2903.054,1772985900,2904.06,2900.144,2900.882
2906.207,1772986200,2906.207,2903.223,2903.301
2909.399,1772986500,2909.46,2907.487,2908.808
