close,epoch,high,low,open
109.7427,1772295600,109.7848,109.5899,109.6639
109.8727,1772295900,109.9997,109.7461,109.7461
109.7836,1772296200,109.9078,109.713,109.8795
109.5765,1772296500,109.8248,109.5597,109.7808
109.5568,1772296800,109.6344,109.3369,109.5778
109.6442,1772297100,109.6514,109.4464,109.5484
109.741,1772297400,109.7933,109.5483,109.6593
109.7225,1772297700,109.818,109.6794,109.7358
109.7868,1772298000,109.9156,109.6604,109.7228
109.9179,1772298300,110.0472,109.6671,109.789
109.8997,1772298600,110.0023,109.7691,109.9352
109.9382,1772298900,110.0726,109.8991,109.9158
109.7457,1772299200,109.9519,109.6518,109.9466
109.6972,1772299500,109.748,109.5782,109.7431
109.6436,1772299800,109.7577,109.5955,109.6981
109.7411,1772300100,109.8451,109.6385,109.6385
109.5019,1772300400,109.8071,109.4627,109.7218
109.4991,1772300700,109.5738,109.4227,109.5007
109.6356,1772301000,109.6633,109.4007,109.4826
109.7669,1772301300,109.7682,109.5936,109.6348
109.7009,1772301600,109.9027,109.6897,109.7737
109.798,1772301900,109.798,109.6232,109.6894
109.7676,1772302200,109.9674,109.6822,109.8064
109.9029,1772302500,109.9459,109.71,109.7746
109.9219,1772302800,110.009,109.8315,109.9001
110.0227,1772303100,110.233,109.9004,109.9186
109.8479,1772303400,110.0632,109.8479,110.0376
110.207,1772303700,110.2227,109.8427,109.8571
110.2198,1772304000,110.3014,110.1477,110.2094
110.2201,1772304300,110.3653,110.1669,110.2286
110.4544,1772304600,110.5227,110.1784,110.2195
110.2018,1772304900,110.4633,110.1447,110.4633
110.33,1772305200,110.3703,110.1862,110.2135
110.5548,1772305500,110.5678,110.3168,110.3385
110.6441,1772305800,110.7158,110.5585,110.5593
110.7873,1772306100,110.8088,110.606,110.6344
110.7435,1772306400,110.8801,110.6848,110.7985
110.7451,1772306700,110.791,110.6496,110.7225
110.8072,1772307000,110.8753,110.7234,110.7331
111.1343,1772307300,111.1653,110.7939,110.796
110.9717,1772307600,111.1513,110.8276,111.1214
111.1063,1772307900,111.1769,110.9597,110.974
111.3347,1772308200,111.3888,110.9888,111.0962
111.2925,1772308500,111.3821,111.1579,111.3484
111.1974,1772308800,111.334,111.1066,111.3141
111.4423,1772309100,111.4602,111.1336,111.2027
111.5777,1772309400,111.6191,111.426,111.4433
111.516,1772309700,111.6388,111.465,111.5768
111.5722,1772310000,111.6017,111.4505,111.5113
111.8669,1772310300,111.9233,111.5746,111.5774
111.7454,1772310600,111.9059,111.7005,111.8764
111.8092,1772310900,111.8358,111.6648,111.7485
111.7064,1772311200,111.914,111.6613,111.8079
111.5277,1772311500,111.7369,111.516,111.6897
111.5024,1772311800,111.5554,111.3256,111.5297
111.6447,1772312100,111.7437,111.4649,111.4945
111.566,1772312400,111.6742,111.4221,111.6417
111.7774,1772312700,111.9101,111.5562,111.5731
111.7919,1772313000,111.9383,111.7444,111.7894
112.0101,1772313300,112.0195,111.742,111.8041
112.0652,1772313600,112.14,111.9663,112.0003
112.2694,1772313900,112.3149,112.0536,112.0622
112.0997,1772314200,112.3251,112.0932,112.2692
111.8465,1772314500,112.1331,111.833,112.1124
111.8104,1772314800,111.9583,111.7825,111.8572
111.5548,1772315100,111.8272,111.4571,111.8272
111.7245,1772315400,111.7836,111.521,111.5444
111.9785,1772315700,112.0244,111.5837,111.7174
111.9194,1772316000,112.136,111.8808,111.9766
111.9939,1772316300,112.0433,111.9084,111.9084
111.7111,1772316600,112.0038,111.7091,112.0005
111.8811,1772316900,111.8851,111.6834,111.7254
111.877,1772317200,112.1035,111.8227,111.8748
111.7854,1772317500,112.0619,111.7604,111.8961
111.5636,1772317800,111.8625,111.5636,111.7844
111.5169,1772318100,111.632,111.4264,111.5399
111.5625,1772318400,111.5685,111.3989,111.5301
111.5037,1772318700,111.5829,111.3397,111.5829
111.5242,1772319000,111.6022,111.4385,111.5109
111.3671,1772319300,111.489,111.2928,111.4845
111.5275,1772319600,111.5275,111.3103,111.3735
111.7098,1772319900,111.7098,111.4279,111.5275
111.6474,1772320200,111.714,111.484,111.714
111.5352,1772320500,111.7267,111.4729,111.6495
111.3982,1772320800,111.5857,111.3789,111.5311
111.2524,1772321100,111.4381,111.2268,111.3904
111.2852,1772321400,111.4208,111.197,111.2811
111.2383,1772321700,111.2797,111.0707,111.2708
111.1432,1772322000,111.2592,111.1066,111.249
111.0463,1772322300,111.2076,111.0127,111.1402
111.0593,1772322600,111.115,110.9582,111.0427
111.1845,1772322900,111.2883,110.9439,111.0734
111.1208,1772323200,111.3301,111.0913,111.2218
111.2295,1772323500,111.3104,111.0643,111.1164
110.9851,1772323800,111.2414,110.9106,111.2315
110.7948,1772324100,111.0556,110.7887,110.9952
110.6048,1772324400,110.8078,110.5567,110.7787
110.736,1772324700,110.75,110.5127,110.5988
110.8551,1772325000,110.9263,110.7286,110.7413
110.9948,1772325300,111.0705,110.8353,110.8797
110.8868,1772325600,111.084,110.852,111.0047
110.7175,1772325900,110.9481,110.7175,110.9087
110.8887,1772326200,110.9574,110.6203,110.7168
110.8991,1772326500,111.0156,110.7566,110.8977
110.9356,1772326800,111.055,110.8454,110.9038
110.9208,1772327100,110.9855,110.8292,110.9255
110.784,1772327400,110.9314,110.6543,110.9157
110.8058,1772327700,110.933,110.7561,110.803
111.049,1772328000,111.0893,110.7815,110.8125
111.2223,1772328300,111.294,110.999,111.0407
111.4159,1772328600,111.4553,111.2408,111.2432
111.2338,1772328900,111.4312,111.1479,111.4098
110.9689,1772329200,111.2251,110.9303,111.2155
110.8989,1772329500,111.0288,110.8694,110.9446
110.9549,1772329800,111.1751,110.8836,110.8925
110.6604,1772330100,110.9638,110.6604,110.9505
110.6967,1772330400,110.7134,110.5418,110.6349
111.1741,1772330700,111.2335,110.6847,110.7001
111.1143,1772331000,111.291,111.0983,111.1704
110.7999,1772331300,111.1606,110.7942,111.1267
110.7167,1772331600,110.8541,110.6118,110.8137
110.5184,1772331900,110.6983,110.4562,110.6983
110.8925,1772332200,110.9199,110.4496,110.509
111.2005,1772332500,111.2126,110.8565,110.8946
110.9791,1772332800,111.2188,110.9552,111.2188
111.2548,1772333100,111.2548,110.9644,111.0097
111.4249,1772333400,111.4404,111.1856,111.2392
111.3795,1772333700,111.5649,111.3795,111.4112
111.2194,1772334000,111.5507,111.218,111.373
111.242,1772334300,111.3266,111.1827,111.2222
111.4374,1772334600,111.4787,111.2304,111.2535
111.6105,1772334900,111.6896,111.3728,111.4315
111.2149,1772335200,111.6715,111.2149,111.6068
111.1716,1772335500,111.3571,111.0656,111.2269
111.1169,1772335800,111.2754,111.0628,111.1687
111.1407,1772336100,111.173,111.019,111.1264
111.2308,1772336400,111.2333,111.0585,111.1591
111.26,1772336700,111.4394,111.2329,111.2329
110.9771,1772337000,111.275,110.9268,111.27
111.0462,1772337300,111.0995,110.896,110.9847
111.0355,1772337600,111.2003,110.955,111.0564
110.6271,1772337900,111.0641,110.6019,111.0303
110.5366,1772338200,110.8255,110.5151,110.6397
110.6708,1772338500,110.7219,110.3852,110.546
110.6095,1772338800,110.7737,110.5981,110.6688
110.5345,1772339100,110.6159,110.4526,110.5851
110.3383,1772339400,110.6465,110.3383,110.5406
110.5027,1772339700,110.5276,110.3119,110.3184
110.5764,1772340000,110.6922,110.5166,110.5174
110.7289,1772340300,110.8001,110.5585,110.5967
110.4674,1772340600,110.7265,110.4674,110.7265
110.378,1772340900,110.4784,110.3059,110.4637
110.3347,1772341200,110.5181,110.3122,110.3954
110.9495,1772341500,110.9675,110.3261,110.3536
110.6534,1772341800,110.9506,110.6534,110.9506
110.5267,1772342100,110.7551,110.5219,110.6287
110.4493,1772342400,110.5931,110.4088,110.5312
110.3014,1772342700,110.4728,110.2138,110.4541
110.1774,1772343000,110.3202,110.1498,110.2917
109.8594,1772343300,110.2019,109.8325,110.1764
109.6546,1772343600,109.8691,109.6462,109.8464
109.6841,1772343900,109.844,109.6392,109.6392
109.8084,1772344200,109.8181,109.6147,109.6697
109.5785,1772344500,109.8974,109.5785,109.8234
109.5036,1772344800,109.6512,109.3585,109.5558
109.4631,1772345100,109.5892,109.4457,109.5287
109.6764,1772345400,109.7025,109.4786,109.4786
109.9147,1772345700,109.9401,109.6312,109.6738
110.0617,1772346000,110.066,109.8416,109.9215
110.2109,1772346300,110.2122,109.9994,110.0649
109.9309,1772346600,110.2145,109.7715,110.2145
109.983,1772346900,110.0415,109.819,109.9205
109.9646,1772347200,110.1543,109.9457,109.9823
109.8978,1772347500,110.0153,109.8705,109.9522
109.7178,1772347800,109.9993,109.7116,109.9049
109.7365,1772348100,109.8506,109.6567,109.7311
109.7645,1772348400,109.7813,109.6533,109.7304
109.4195,1772348700,109.7933,109.4195,109.7623
109.3447,1772349000,109.4656,109.2529,109.3834
109.2326,1772349300,109.4408,109.1344,109.3363
109.3647,1772349600,109.4501,109.2258,109.2258
109.6206,1772349900,109.6206,109.3281,109.3407
109.645,1772350200,109.6882,109.542,109.5982
109.9567,1772350500,109.9567,109.5943,109.6456
110.0622,1772350800,110.1284,109.9445,109.9695
109.9037,1772351100,110.1397,109.7446,110.076
110.0323,1772351400,110.1153,109.9049,109.9083
110.2812,1772351700,110.3079,110.033,110.033
110.261,1772352000,110.3379,110.1296,110.302
110.2247,1772352300,110.3886,110.1661,110.2691
110.2334,1772352600,110.4017,110.2095,110.2095
110.1739,1772352900,110.2995,110.122,110.2171
110.2552,1772353200,110.438,110.1461,110.1745
110.4321,1772353500,110.5215,110.2008,110.2686
110.4955,1772353800,110.576,110.4158,110.4441
110.5129,1772354100,110.6462,110.4053,110.4914
110.6327,1772354400,110.7624,110.5188,110.5188
110.5901,1772354700,110.6248,110.4743,110.6248
110.6162,1772355000,110.6332,110.39,110.5736
110.3784,1772355300,110.628,110.2894,110.6162
110.4281,1772355600,110.4528,110.243,110.3703
110.0314,1772355900,110.4539,109.9531,110.4363
110.0925,1772356200,110.2103,109.9273,110.019
109.9437,1772356500,110.1923,109.8757,110.0945
109.7425,1772356800,109.9824,109.6797,109.9236
109.6943,1772357100,109.8712,109.6075,109.7471
109.365,1772357400,109.707,109.2986,109.694
109.65,1772357700,109.7469,109.3539,109.3539
109.9535,1772358000,109.9535,109.5721,109.6637
109.9307,1772358300,109.9643,109.6907,109.9343
110.0446,1772358600,110.1653,109.9075,109.9176
109.7541,1772358900,110.037,109.7184,110.0299
109.6612,1772359200,109.8301,109.5962,109.7537
109.7124,1772359500,109.7526,109.4628,109.6496
109.6819,1772359800,109.7289,109.5072,109.6876
109.6294,1772360100,109.7475,109.5984,109.6677
109.5822,1772360400,109.7347,109.5198,109.622
109.5898,1772360700,109.7169,109.5436,109.5749
109.4626,1772361000,109.6861,109.4389,109.5936
109.6601,1772361300,109.7328,109.4484,109.4484
109.4375,1772361600,109.6411,109.3772,109.6411
109.2127,1772361900,109.5235,109.2127,109.466
109.0719,1772362200,109.3378,109.0719,109.2257
108.927,1772362500,109.0709,108.9028,109.0709
108.7353,1772362800,109.0108,108.7068,108.9306
108.5367,1772363100,108.7376,108.4664,108.7236
108.3482,1772363400,108.6248,108.3482,108.5319
108.3866,1772363700,108.4491,108.3072,108.336
108.5452,1772364000,108.5452,108.3242,108.3932
108.5129,1772364300,108.6399,108.4767,108.5438
108.5095,1772364600,108.5892,108.4287,108.5247
108.5758,1772364900,108.6929,108.4261,108.4922
108.6278,1772365200,108.709,108.5574,108.5923
108.4569,1772365500,108.6684,108.396,108.6336
108.2033,1772365800,108.5207,108.2033,108.4686
108.2097,1772366100,108.3108,108.1146,108.1988
108.4052,1772366400,108.5206,108.1584,108.2014
108.5991,1772366700,108.6618,108.3426,108.3984
108.5156,1772367000,108.6733,108.4529,108.6035
108.5946,1772367300,108.622,108.4797,108.5028
108.6127,1772367600,108.6472,108.4456,108.5882
108.5943,1772367900,108.718,108.4754,108.6236
108.4203,1772368200,108.7208,108.3929,108.5805
108.2251,1772368500,108.4357,108.1839,108.4301
108.3073,1772368800,108.3134,108.0951,108.2304
108.3281,1772369100,108.4234,108.2761,108.3103
108.3319,1772369400,108.3796,108.2396,108.3134
108.2716,1772369700,108.3718,108.1881,108.3399
108.2246,1772370000,108.2687,108.0192,108.2687
108.206,1772370300,108.3597,108.195,108.2246
108.2945,1772370600,108.4388,108.1941,108.2
108.2628,1772370900,108.3628,108.204,108.3081
108.0214,1772371200,108.2645,107.8581,108.2598
108.019,1772371500,108.1662,107.9239,108.0154
107.9253,1772371800,108.0637,107.8272,108.0181
107.6006,1772372100,107.9156,107.5654,107.9156
107.7669,1772372400,107.7669,107.6143,107.6143
107.7888,1772372700,107.8245,107.6504,107.7719
107.4871,1772373000,107.8004,107.4531,107.7933
107.4482,1772373300,107.538,107.4161,107.4803
107.5725,1772373600,107.6327,107.4422,107.4471
107.6248,1772373900,107.7202,107.571,107.5766
107.6389,1772374200,107.7195,107.4628,107.6796
107.5886,1772374500,107.7582,107.5643,107.6441
107.6585,1772374800,107.7594,107.559,107.5997
107.8736,1772375100,107.8736,107.6007,107.6815
107.8624,1772375400,108.0157,107.7992,107.8754
107.5335,1772375700,107.8606,107.4404,107.8566
107.7455,1772376000,107.7597,107.5096,107.5516
107.6692,1772376300,107.8006,107.5835,107.7379
107.8124,1772376600,107.9579,107.6724,107.6724
107.9675,1772376900,107.9943,107.7379,107.7742
108.2714,1772377200,108.3914,107.9872,107.9929
108.2523,1772377500,108.3542,108.1804,108.2715
108.3621,1772377800,108.3752,108.2301,108.2418
108.0442,1772378100,108.3853,108.0386,108.3513
108.004,1772378400,108.1648,107.9268,108.0457
107.9701,1772378700,108.1029,107.9559,108.0003
108.0181,1772379000,108.1259,107.8607,107.9665
108.0281,1772379300,108.0557,107.9089,108.0288
107.9291,1772379600,108.0227,107.8515,108.0222
108.1142,1772379900,108.2018,107.9165,107.9346
108.0919,1772380200,108.1995,108.0088,108.131
108.0335,1772380500,108.1413,107.8927,108.0582
107.9545,1772380800,108.1204,107.9538,108.0358
107.8853,1772381100,107.9931,107.8149,107.956
108.0059,1772381400,108.0431,107.8562,107.8882
107.8641,1772381700,108.0825,107.8294,108.0099
107.7711,1772382000,107.86,107.7375,107.86
107.7166,1772382300,107.9014,107.6495,107.7578
107.7734,1772382600,107.8341,107.5945,107.6985
107.7064,1772382900,107.8474,107.6967,107.7515
107.5873,1772383200,107.7764,107.5648,107.6813
107.5621,1772383500,107.7506,107.5503,107.59
107.363,1772383800,107.6585,107.363,107.5574
107.1427,1772384100,107.3524,107.1228,107.3524
107.2093,1772384400,107.2182,107.0878,107.1433
106.9233,1772384700,107.2582,106.9233,107.2018
106.6473,1772385000,106.9244,106.6292,106.9244
106.9417,1772385300,106.9774,106.6482,106.6532
107.1044,1772385600,107.1404,106.9509,106.9668
107.3165,1772385900,107.4025,107.102,107.1105
107.25,1772386200,107.2964,107.0713,107.2958
107.0446,1772386500,107.2966,106.9636,107.2553
107.1254,1772386800,107.1772,106.8115,107.0436
107.4,1772387100,107.4043,107.1236,107.1325
107.4372,1772387400,107.6027,107.3594,107.3736
107.6328,1772387700,107.6732,107.4368,107.4517
107.4366,1772388000,107.6384,107.3261,107.6299
107.3683,1772388300,107.4744,107.3337,107.4345
107.4341,1772388600,107.5521,107.3048,107.3591
107.1738,1772388900,107.4698,107.1738,107.4057
107.038,1772389200,107.2282,107.0067,107.1693
107.0651,1772389500,107.1283,106.9907,107.0532
107.0172,1772389800,107.1081,106.9913,107.0609
106.8202,1772390100,107.0359,106.7575,107.0227
106.7662,1772390400,106.8865,106.7234,106.7797
106.6652,1772390700,106.8743,106.6574,106.769
106.6093,1772391000,106.7128,106.4308,106.673
106.2636,1772391300,106.6745,106.2589,106.6277
106.0647,1772391600,106.2898,106.0222,106.2676
106.1411,1772391900,106.2223,106.0669,106.0806
106.1126,1772392200,106.1635,105.9768,106.1252
105.8485,1772392500,106.1458,105.8085,106.1294
105.7738,1772392800,105.9869,105.6738,105.8321
105.9566,1772393100,105.9679,105.6283,105.7706
105.8988,1772393400,106.0853,105.8505,105.9434
105.9495,1772393700,106.1653,105.9328,105.9371
105.9874,1772394000,106.0308,105.775,105.9352
106.1206,1772394300,106.1212,105.6805,105.9791
106.0829,1772394600,106.1876,106.0605,106.0979
106.0659,1772394900,106.2036,106.0483,106.0961
106.0072,1772395200,106.1012,105.8892,106.0584
106.3168,1772395500,106.3323,105.9285,106.0061
106.469,1772395800,106.4759,106.2863,106.3108
106.6735,1772396100,106.7056,106.4157,106.4797
106.7173,1772396400,106.7883,106.5135,106.7042
106.6416,1772396700,106.7977,106.5264,106.7383
106.662,1772397000,106.7299,106.5565,106.6161
106.3752,1772397300,106.7167,106.3445,106.6748
106.37,1772397600,106.5397,106.3266,106.3918
106.7218,1772397900,106.7451,106.3294,106.3832
106.6451,1772398200,106.8372,106.5579,106.7265
106.7603,1772398500,106.7769,106.5494,106.6319
107.0657,1772398800,107.0681,106.709,106.763
106.8324,1772399100,107.1172,106.6751,107.0936
106.8368,1772399400,106.9306,106.7719,106.8398
106.7583,1772399700,106.834,106.6585,106.8159
106.745,1772400000,106.9518,106.7378,106.7775
106.8356,1772400300,106.8437,106.6235,106.7517
106.483,1772400600,106.8414,106.4478,106.8414
106.5687,1772400900,106.598,106.4749,106.5001
106.5921,1772401200,106.6982,106.5181,106.5539
106.2882,1772401500,106.6242,106.2871,106.5828
106.562,1772401800,106.6371,106.178,106.2861
106.5679,1772402100,106.6581,106.3774,106.5619
106.7401,1772402400,106.8039,106.5155,106.5546
106.6027,1772402700,106.7627,106.5495,106.7521
106.6859,1772403000,106.6859,106.4055,106.6131
106.6572,1772403300,106.7195,106.4967,106.6909
106.4843,1772403600,106.7292,106.455,106.6522
106.5569,1772403900,106.5963,106.3651,106.4752
106.7262,1772404200,106.7262,106.4966,106.5443
106.7725,1772404500,106.8378,106.6759,106.7328
107.0195,1772404800,107.0504,106.7556,106.7772
107.1539,1772405100,107.2105,106.9884,107.017
107.0095,1772405400,107.2026,106.8888,107.1174
107.0303,1772405700,107.1839,106.939,107.0093
106.8562,1772406000,107.0515,106.8376,107.0115
106.8971,1772406300,106.9973,106.7675,106.8548
106.7728,1772406600,107.0092,106.7508,106.9132
106.8377,1772406900,106.8655,106.6221,106.7571
106.603,1772407200,106.849,106.5425,106.8214
106.7589,1772407500,106.7745,106.5754,106.6082
106.8503,1772407800,106.9219,106.6891,106.7615
106.741,1772408100,106.8636,106.7294,106.8631
106.7279,1772408400,106.8223,106.6495,106.7144
106.828,1772408700,106.9426,106.6718,106.728
106.7552,1772409000,106.9719,106.6067,106.8144
106.8591,1772409300,106.9384,106.7083,106.7353
106.9567,1772409600,106.9878,106.8324,106.8526
106.9638,1772409900,107.0256,106.8875,106.9637
107.1724,1772410200,107.1836,106.9774,106.9963
107.2245,1772410500,107.2985,107.1292,107.1833
107.3116,1772410800,107.3477,107.167,107.2339
107.129,1772411100,107.3794,107.1001,107.3052
107.2067,1772411400,107.2203,107.039,107.1084
107.1536,1772411700,107.2264,107.0446,107.1918
107.2327,1772412000,107.2516,107.0084,107.1547
107.2498,1772412300,107.2813,107.0661,107.242
106.8594,1772412600,107.2397,106.8467,107.222
106.9758,1772412900,106.9773,106.807,106.8715
106.9119,1772413200,106.9977,106.8064,106.9799
107.1326,1772413500,107.1387,106.849,106.9242
107.2974,1772413800,107.3918,107.124,107.1386
107.3966,1772414100,107.4297,107.1043,107.3083
107.589,1772414400,107.6316,107.3257,107.3992
107.5976,1772414700,107.694,107.564,107.5833
107.6006,1772415000,107.7459,107.5334,107.6135
107.5389,1772415300,107.6999,107.4754,107.6268
107.2934,1772415600,107.5232,107.2584,107.5232
107.3197,1772415900,107.5743,107.2621,107.3037
107.3616,1772416200,107.4904,107.2497,107.2912
107.4516,1772416500,107.4631,107.3079,107.3689
107.6452,1772416800,107.6854,107.4102,107.4543
107.5831,1772417100,107.7978,107.5831,107.6469
107.5373,1772417400,107.7814,107.5373,107.5926
107.7499,1772417700,107.7989,107.5286,107.5286
107.797,1772418000,107.9099,107.6647,107.7696
108.0195,1772418300,108.03,107.7171,107.8065
107.8668,1772418600,108.0588,107.8577,108.0094
107.9198,1772418900,107.9476,107.7062,107.8487
108.1233,1772419200,108.1497,107.8731,107.9109
108.0821,1772419500,108.1973,108.0603,108.1351
107.9364,1772419800,108.1228,107.8173,108.0983
108.2258,1772420100,108.2258,107.9301,107.9673
108.4215,1772420400,108.4481,108.1564,108.2332
108.3471,1772420700,108.4364,108.2732,108.4125
108.4173,1772421000,108.4261,108.2694,108.3343
108.453,1772421300,108.5463,108.3474,108.4248
108.1593,1772421600,108.4746,108.1206,108.4533
108.2005,1772421900,108.2164,107.9702,108.1347
108.5045,1772422200,108.5208,108.2027,108.2039
108.6521,1772422500,108.6681,108.4026,108.5254
108.9289,1772422800,108.9289,108.6154,108.652
108.9843,1772423100,109.1117,108.9127,108.9465
108.9772,1772423400,109.1405,108.8929,108.9836
109.1486,1772423700,109.2592,108.9734,108.9794
109.4283,1772424000,109.4511,109.1418,109.149
109.3709,1772424300,109.478,109.2716,109.402
109.344,1772424600,109.4493,109.2971,109.3732
109.5059,1772424900,109.5078,109.2659,109.3549
109.2506,1772425200,109.5077,109.2441,109.5069
109.2457,1772425500,109.4074,109.1911,109.2436
109.1775,1772425800,109.2841,109.1613,109.2496
109.2532,1772426100,109.2639,109.1157,109.1778
109.2814,1772426400,109.3879,109.1328,109.2433
109.2994,1772426700,109.3472,109.2102,109.2933
109.4102,1772427000,109.4102,109.155,109.2954
109.6519,1772427300,109.6547,109.2715,109.4135
109.6802,1772427600,109.7672,109.5647,109.6583
109.868,1772427900,109.868,109.6367,109.686
109.7698,1772428200,109.9935,109.7062,109.8536
109.6396,1772428500,109.8259,109.6396,109.7613
109.6716,1772428800,109.8075,109.6269,109.6387
109.6389,1772429100,109.738,109.5684,109.6591
109.8789,1772429400,109.8789,109.6394,109.6394
109.9599,1772429700,110.0572,109.8541,109.8676
109.8795,1772430000,110.0037,109.797,109.934
109.7681,1772430300,110.0918,109.7589,109.9029
109.9576,1772430600,110.0353,109.7703,109.7703
109.9467,1772430900,110.046,109.8367,109.9628
109.8204,1772431200,109.9993,109.7948,109.964
109.8519,1772431500,110.0273,109.8188,109.8243
109.6594,1772431800,109.8868,109.6023,109.8463
109.559,1772432100,109.6724,109.4378,109.6542
109.2933,1772432400,109.5484,109.2859,109.5296
109.0893,1772432700,109.3061,109.0893,109.2977
109.1465,1772433000,109.3859,109.0882,109.0882
109.2389,1772433300,109.2788,109.0315,109.1476
109.3708,1772433600,109.498,109.2198,109.2373
109.4002,1772433900,109.4315,109.2486,109.3523
109.4421,1772434200,109.5295,109.3395,109.3951
109.4938,1772434500,109.66,109.4275,109.4382
109.5635,1772434800,109.6027,109.2893,109.4862
109.4334,1772435100,109.5981,109.3529,109.5599
109.346,1772435400,109.5509,109.1958,109.431
109.2327,1772435700,109.3592,109.1664,109.357
109.2587,1772436000,109.4249,109.1961,109.2441
109.049,1772436300,109.3911,109.0361,109.2535
108.9027,1772436600,109.0925,108.7735,109.0674
109.1646,1772436900,109.1646,108.8823,108.9131
109.2517,1772437200,109.3699,109.0956,109.1522
108.9933,1772437500,109.2623,108.9704,109.2623
109.0471,1772437800,109.156,108.9229,109.0002
108.9462,1772438100,109.1694,108.941,109.0574
108.8386,1772438400,108.9853,108.79,108.963
108.8734,1772438700,108.8803,108.6705,108.8495
109.0086,1772439000,109.0136,108.8467,108.866
108.8962,1772439300,109.0545,108.8571,109.0343
108.594,1772439600,108.929,108.5906,108.8915
108.4734,1772439900,108.6392,108.3706,108.596
108.3632,1772440200,108.504,108.3455,108.4599
108.2858,1772440500,108.3728,108.2196,108.3571
108.4534,1772440800,108.4921,108.2403,108.2512
108.4334,1772441100,108.4837,108.2362,108.4672
108.3013,1772441400,108.5065,108.1795,108.4078
108.3675,1772441700,108.4085,108.1898,108.3037
108.467,1772442000,108.549,108.1902,108.3575
108.6226,1772442300,108.6275,108.3756,108.4674
108.5754,1772442600,108.713,108.5717,108.5947
108.5084,1772442900,108.5743,108.4283,108.55
108.4398,1772443200,108.6006,108.4294,108.532
108.5742,1772443500,108.6455,108.4315,108.4497
108.6031,1772443800,108.6643,108.4062,108.5989
108.6523,1772444100,108.8431,108.5884,108.5901
108.415,1772444400,108.6652,108.2616,108.6547
108.3545,1772444700,108.5103,108.3545,108.4184
108.3488,1772445000,108.4715,108.3125,108.3555
108.2533,1772445300,108.3513,108.0948,108.3498
108.1754,1772445600,108.2699,108.1359,108.2643
108.2597,1772445900,108.3952,108.1169,108.1935
108.305,1772446200,108.3699,108.269,108.2716
108.4459,1772446500,108.4736,108.2594,108.3005
108.5649,1772446800,108.5944,108.3755,108.4363
108.5674,1772447100,108.6437,108.42,108.568
108.6053,1772447400,108.628,108.4825,108.5664
108.6996,1772447700,108.6996,108.4985,108.6046
108.8682,1772448000,108.8682,108.6773,108.6944
108.8002,1772448300,108.9838,108.7941,108.8937
108.6614,1772448600,108.9229,108.6614,108.8146
108.3866,1772448900,108.6587,108.3747,108.6587
108.4119,1772449200,108.4509,108.3342,108.3871
108.2544,1772449500,108.4897,108.19,108.4126
108.3671,1772449800,108.478,108.2503,108.2503
108.4477,1772450100,108.5261,108.34,108.3451
108.6948,1772450400,108.715,108.4146,108.4456
109.119,1772450700,109.119,108.6996,108.6996
108.9941,1772451000,109.1937,108.9168,109.1051
108.9394,1772451300,109.0128,108.8614,108.9812
108.8451,1772451600,108.9497,108.7977,108.939
109.0037,1772451900,109.017,108.7015,108.861
108.7099,1772452200,109.0933,108.7099,109.0123
108.7698,1772452500,108.9171,108.6992,108.709
109.0939,1772452800,109.1314,108.7264,108.779
109.1222,1772453100,109.1258,108.9529,109.1009
109.0713,1772453400,109.2886,109.056,109.1273
109.0639,1772453700,109.1366,109.0043,109.08
108.9499,1772454000,109.0772,108.9201,109.0772
108.8989,1772454300,109.052,108.8335,108.9617
108.9837,1772454600,109.0724,108.786,108.8924
109.2834,1772454900,109.2998,108.9816,108.9816
109.212,1772455200,109.3192,109.0697,109.2837
109.0635,1772455500,109.229,108.9442,109.2078
109.1877,1772455800,109.2139,108.903,109.0474
109.3524,1772456100,109.3667,109.0952,109.168
109.4932,1772456400,109.5153,109.2887,109.3239
109.6143,1772456700,109.6408,109.5228,109.534
109.479,1772457000,109.6476,109.4039,109.6254
109.325,1772457300,109.5815,109.2831,109.5025
109.2714,1772457600,109.4011,109.2488,109.304
109.2014,1772457900,109.3478,109.0772,109.2869
109.1235,1772458200,109.2311,109.0318,109.2032
108.8949,1772458500,109.206,108.8509,109.1203
109.2342,1772458800,109.255,108.8724,108.8724
109.3648,1772459100,109.3799,109.1902,109.2418
109.3479,1772459400,109.3913,109.1974,109.3478
109.216,1772459700,109.3676,109.1577,109.3451
109.3758,1772460000,109.3838,109.1596,109.2255
109.348,1772460300,109.4644,109.1988,109.369
109.3919,1772460600,109.4332,109.2473,109.3446
109.346,1772460900,109.5209,109.3211,109.4
109.4164,1772461200,109.5357,109.2299,109.3262
109.2861,1772461500,109.4258,109.1915,109.3958
109.3835,1772461800,109.3868,109.2148,109.3005
109.214,1772462100,109.3959,109.1113,109.3891
109.1346,1772462400,109.2787,109.1151,109.2466
109.2151,1772462700,109.2963,109.0746,109.1472
108.9835,1772463000,109.2832,108.9835,109.2266
109.1444,1772463300,109.1564,108.9557,109.0027
108.7288,1772463600,109.1397,108.7244,109.119
108.3289,1772463900,108.7471,108.3083,108.7331
108.1303,1772464200,108.3046,108.0858,108.3046
108.2879,1772464500,108.2879,108.0288,108.1015
108.2139,1772464800,108.2667,108.0802,108.2667
108.0702,1772465100,108.2479,108.0057,108.1878
108.0089,1772465400,108.1231,107.9386,108.0651
107.9606,1772465700,108.177,107.8988,107.9938
108.2198,1772466000,108.2198,107.9812,107.9889
107.9241,1772466300,108.2449,107.8975,108.2291
108.0488,1772466600,108.0862,107.8714,107.9185
107.7014,1772466900,108.1963,107.7014,108.079
107.7783,1772467200,107.9425,107.7032,107.7032
107.8001,1772467500,107.8528,107.6904,107.7688
107.9092,1772467800,107.965,107.775,107.782
107.7974,1772468100,108.089,107.7974,107.9088
107.6841,1772468400,107.8152,107.6158,107.7937
107.9012,1772468700,107.9611,107.6642,107.6838
107.8746,1772469000,107.9238,107.786,107.8948
107.739,1772469300,107.8743,107.7075,107.8743
107.4802,1772469600,107.7859,107.475,107.7627
107.5164,1772469900,107.6534,107.4382,107.4981
107.6256,1772470200,107.8589,107.5276,107.5283
107.3631,1772470500,107.6286,107.306,107.6144
107.1165,1772470800,107.3776,107.0589,107.3616
107.0005,1772471100,107.197,106.9372,107.1244
106.8734,1772471400,107.0696,106.7662,106.9788
107.0969,1772471700,107.1018,106.7697,106.8603
106.7596,1772472000,107.1299,106.7354,107.1105
106.6129,1772472300,106.8479,106.5407,106.7453
106.7199,1772472600,106.7358,106.6178,106.6219
106.5876,1772472900,106.7022,106.5432,106.6888
106.3542,1772473200,106.5946,106.2733,106.5888
106.6649,1772473500,106.7667,106.3519,106.3541
106.7596,1772473800,106.8042,106.6285,106.6583
106.6333,1772474100,106.8004,106.6323,106.7338
106.7573,1772474400,106.7645,106.5218,106.6295
106.5995,1772474700,106.7786,106.5715,106.7491
106.4041,1772475000,106.791,106.4041,106.5982
106.6767,1772475300,106.6961,106.3997,106.4092
106.6856,1772475600,106.7766,106.5028,106.6762
106.6391,1772475900,106.7171,106.5855,106.6934
106.5498,1772476200,106.6662,106.4534,106.6442
106.303,1772476500,106.5326,106.2518,106.5326
106.3544,1772476800,106.3858,106.1633,106.3165
106.2775,1772477100,106.4663,106.221,106.3416
106.6279,1772477400,106.6297,106.2528,106.2844
106.5924,1772477700,106.8388,106.5924,106.631
106.3787,1772478000,106.6541,106.3076,106.5685
106.3302,1772478300,106.4903,106.2033,106.3803
106.6293,1772478600,106.6293,106.2612,106.3316
106.6154,1772478900,106.7077,106.5124,106.6282
106.4854,1772479200,106.6397,106.4041,106.6198
106.3822,1772479500,106.5605,106.3637,106.4949
106.6599,1772479800,106.6599,106.309,106.3803
106.7474,1772480100,106.8233,106.6013,106.6529
106.5128,1772480400,106.8053,106.5077,106.7667
106.7486,1772480700,106.7486,106.4828,106.5203
106.618,1772481000,106.8023,106.574,106.7353
106.4194,1772481300,106.6344,106.3876,106.6099
106.8183,1772481600,106.8183,106.3702,106.4002
106.7147,1772481900,106.8526,106.692,106.811
106.7535,1772482200,106.8319,106.6709,106.7173
106.7968,1772482500,106.8759,106.6084,106.7664
106.7952,1772482800,106.8362,106.7035,106.816
106.7868,1772483100,106.8101,106.7091,106.7905
106.7364,1772483400,106.7751,106.5889,106.7626
106.8825,1772483700,106.8971,106.6861,106.7478
106.6106,1772484000,106.9156,106.6106,106.887
106.7072,1772484300,106.7179,106.5578,106.6011
106.5579,1772484600,106.7432,106.5342,106.7184
106.7798,1772484900,106.7928,106.4942,106.5513
106.6147,1772485200,106.7779,106.5766,106.7749
106.447,1772485500,106.7749,106.447,106.6167
106.3133,1772485800,106.4679,106.228,106.4545
106.4849,1772486100,106.4849,106.297,106.3091
106.2564,1772486400,106.4963,106.2355,106.4771
106.0311,1772486700,106.2917,106.0311,106.2649
106.1273,1772487000,106.2074,105.9714,106.0365
106.4773,1772487300,106.5431,106.137,106.1375
106.3967,1772487600,106.5652,106.3967,106.4822
106.2434,1772487900,106.5297,106.2434,106.4091
106.1227,1772488200,106.286,106.0741,106.2509
106.1071,1772488500,106.1454,105.9106,106.1396
106.2001,1772488800,106.2835,106.1003,106.1036
106.1949,1772489100,106.3718,106.1649,106.2116
106.4464,1772489400,106.5008,106.1018,106.1754
106.4863,1772489700,106.5084,106.3664,106.4405
106.4757,1772490000,106.5957,106.4379,106.477
106.2097,1772490300,106.5838,106.1748,106.488
106.3592,1772490600,106.4434,106.2033,106.2191
106.4132,1772490900,106.4132,106.2127,106.34
106.5366,1772491200,106.5901,106.3624,106.4217
106.1538,1772491500,106.5593,106.1538,106.519
105.5475,1772491800,106.15,105.5475,106.15
105.8441,1772492100,105.859,105.4746,105.5597
106.1296,1772492400,106.1296,105.7871,105.8479
106.0611,1772492700,106.1633,105.9721,106.1154
106.191,1772493000,106.3329,106.0769,106.0769
106.2322,1772493300,106.3781,106.152,106.1732
106.3202,1772493600,106.4239,106.1907,106.2511
106.2701,1772493900,106.5065,106.2388,106.3428
106.4278,1772494200,106.4321,106.1735,106.2641
106.5869,1772494500,106.6065,106.394,106.4348
106.6211,1772494800,106.6484,106.4493,106.5995
106.8958,1772495100,106.9926,106.6149,106.6149
107.1444,1772495400,107.2115,106.8978,106.8978
106.9876,1772495700,107.2585,106.9685,107.1687
107.1139,1772496000,107.2793,106.945,106.9813
106.9884,1772496300,107.2633,106.9121,107.1223
107.2114,1772496600,107.2171,106.8819,106.9876
107.0749,1772496900,107.326,107.0749,107.197
107.148,1772497200,107.1576,106.876,107.0649
107.2073,1772497500,107.2168,107.069,107.1535
107.2047,1772497800,107.343,107.0824,107.1846
107.1096,1772498100,107.2441,106.9853,107.2204
107.1968,1772498400,107.2004,107.0134,107.0974
107.099,1772498700,107.2653,107.087,107.2086
107.0086,1772499000,107.2279,106.9924,107.0809
107.2369,1772499300,107.2816,106.9684,107.0477
106.8512,1772499600,107.2689,106.8512,107.236
106.5389,1772499900,106.8615,106.4801,106.8457
106.6733,1772500200,106.7926,106.5326,106.5326
106.5465,1772500500,106.6643,106.3681,106.6643
106.3088,1772500800,106.5568,106.3088,106.5447
106.2134,1772501100,106.3618,106.2053,106.3084
106.2159,1772501400,106.2327,106.0815,106.2304
106.0993,1772501700,106.2989,106.0993,106.2292
105.9703,1772502000,106.2222,105.965,106.0861
106.0922,1772502300,106.2253,105.9758,105.9758
106.1474,1772502600,106.2615,106.0426,106.0818
106.1812,1772502900,106.201,106.0101,106.1597
106.1495,1772503200,106.2005,106.036,106.1763
106.1515,1772503500,106.2029,105.9849,106.1708
106.1953,1772503800,106.2175,105.9231,106.1317
106.332,1772504100,106.3574,106.044,106.1832
106.2668,1772504400,106.4073,106.2501,106.3311
106.2929,1772504700,106.303,106.1898,106.282
106.2476,1772505000,106.4166,106.1969,106.3082
106.3838,1772505300,106.4245,106.1701,106.2568
106.3757,1772505600,106.5024,106.3101,106.3866
106.4447,1772505900,106.463,106.3091,106.3627
106.3758,1772506200,106.5369,106.3583,106.4495
106.5441,1772506500,106.5858,106.3572,106.3782
106.5346,1772506800,106.5999,106.3862,106.5424
106.471,1772507100,106.5932,106.3925,106.5201
106.4212,1772507400,106.5872,106.4136,106.4701
106.4912,1772507700,106.587,106.3158,106.4094
106.6655,1772508000,106.6856,106.4553,106.5027
106.7506,1772508300,106.7756,106.6038,106.6754
106.9879,1772508600,107.0147,106.7314,106.7654
106.9865,1772508900,107.0954,106.917,106.9922
107.0047,1772509200,107.0432,106.8783,107.0002
107.0978,1772509500,107.1334,106.9966,107.0158
107.0628,1772509800,107.1819,107.0258,107.1117
106.8391,1772510100,107.0759,106.8391,107.0463
106.8759,1772510400,106.956,106.6953,106.8463
106.8806,1772510700,106.8912,106.7157,106.8746
106.7273,1772511000,107.0149,106.6732,106.8807
106.7069,1772511300,106.7166,106.5828,106.716
106.4497,1772511600,106.7173,106.4459,106.706
106.2926,1772511900,106.4574,106.1897,106.4344
106.3828,1772512200,106.4128,106.0763,106.3224
106.4297,1772512500,106.5139,106.3149,106.3636
106.3132,1772512800,106.4609,106.2619,106.4372
106.1555,1772513100,106.395,106.1195,106.2999
106.2002,1772513400,106.3484,106.0934,106.1526
106.244,1772513700,106.3214,106.1549,106.1733
106.2395,1772514000,106.2941,106.1175,106.2583
106.4368,1772514300,106.4506,106.1639,106.2296
106.3204,1772514600,106.4827,106.2136,106.436
106.2631,1772514900,106.4172,106.2631,106.346
106.1099,1772515200,106.2514,106.0379,106.2505
105.8536,1772515500,106.0909,105.7705,106.0859
105.9064,1772515800,106.0732,105.8469,105.8469
105.6725,1772516100,105.9438,105.6725,105.9232
105.6965,1772516400,105.7987,105.6277,105.6916
105.8014,1772516700,105.8815,105.6702,105.6926
105.9181,1772517000,105.9181,105.7505,105.7823
106.2379,1772517300,106.2379,105.9317,105.9317
106.5352,1772517600,106.5571,106.1454,106.2508
106.5606,1772517900,106.7037,106.492,106.5517
106.6491,1772518200,106.7586,106.5604,106.568
106.4447,1772518500,106.6452,106.3926,106.6452
106.4595,1772518800,106.5452,106.4098,106.44
106.5183,1772519100,106.5958,106.3977,106.4671
106.5279,1772519400,106.6521,106.4866,106.5191
106.1814,1772519700,106.5534,106.1256,106.5534
106.2586,1772520000,106.3279,106.1292,106.1656
106.1713,1772520300,106.2528,106.0731,106.2523
105.9949,1772520600,106.2143,105.9749,106.1679
105.8408,1772520900,106.0151,105.7983,105.9918
105.7283,1772521200,105.893,105.6238,105.8703
105.6106,1772521500,105.7144,105.5796,105.7144
105.4147,1772521800,105.6737,105.3849,105.6213
105.5012,1772522100,105.5586,105.4122,105.4219
105.6499,1772522400,105.6939,105.4892,105.4892
105.863,1772522700,105.9238,105.6762,105.6874
105.603,1772523000,105.8733,105.4425,105.8527
105.7992,1772523300,105.8539,105.5309,105.6276
105.7647,1772523600,105.8417,105.6201,105.7962
105.757,1772523900,105.7994,105.5731,105.7608
105.8599,1772524200,105.8826,105.717,105.768
105.8764,1772524500,105.9251,105.769,105.8675
105.8769,1772524800,106.0051,105.8302,105.864
105.8998,1772525100,105.9443,105.8199,105.8738
105.7952,1772525400,105.9955,105.7795,105.8906
105.7177,1772525700,105.9855,105.6995,105.8081
105.3826,1772526000,105.7401,105.3826,105.7302
105.4488,1772526300,105.4635,105.2548,105.3863
105.1257,1772526600,105.4423,105.1174,105.4401
105.3858,1772526900,105.3962,105.1123,105.1349
105.3697,1772527200,105.4167,105.2289,105.3833
105.3774,1772527500,105.467,105.2675,105.3772
105.7163,1772527800,105.7371,105.3778,105.382
105.7647,1772528100,105.8416,105.586,105.7108
105.7739,1772528400,105.8355,105.654,105.7594
105.8277,1772528700,105.9253,105.7391,105.7687
105.8819,1772529000,106.0015,105.7877,105.8214
105.7168,1772529300,105.9853,105.6726,105.8829
105.5712,1772529600,105.7958,105.5712,105.7022
105.2502,1772529900,105.612,105.2346,105.5805
105.3096,1772530200,105.4191,105.2491,105.2618
105.296,1772530500,105.4136,105.2424,105.2762
105.028,1772530800,105.3243,105.028,105.3049
105.1165,1772531100,105.1234,104.9793,105.0384
105.0098,1772531400,105.1697,104.9341,105.08
105.321,1772531700,105.3406,105.0154,105.0154
105.4454,1772532000,105.5464,105.2845,105.3158
105.6732,1772532300,105.7215,105.4144,105.4165
105.7754,1772532600,105.8373,105.5908,105.6726
105.7575,1772532900,105.8166,105.6608,105.7736
105.8721,1772533200,105.9908,105.7458,105.7676
105.8965,1772533500,105.9604,105.8426,105.882
105.7518,1772533800,105.8883,105.6687,105.8883
105.8595,1772534100,105.8663,105.6583,105.7659
105.8409,1772534400,106.0107,105.8131,105.858
105.999,1772534700,106.1347,105.8258,105.8399
106.0967,1772535000,106.3084,106.0185,106.0256
106.4584,1772535300,106.4584,106.0903,106.1113
106.3909,1772535600,106.4878,106.3463,106.4777
106.3139,1772535900,106.4372,106.2502,106.3894
106.5219,1772536200,106.532,106.29,106.3391
106.7824,1772536500,106.8463,106.4734,106.5258
106.7952,1772536800,106.8733,106.7174,106.7631
106.8417,1772537100,107.017,106.7758,106.795
106.9533,1772537400,107.0731,106.8155,106.8455
107.1561,1772537700,107.1685,106.867,106.9616
107.1444,1772538000,107.2398,107.0267,107.1607
107.2733,1772538300,107.3947,107.1311,107.1432
107.2808,1772538600,107.4967,107.1612,107.2579
107.3797,1772538900,107.4388,107.2123,107.283
107.4915,1772539200,107.6197,107.374,107.3851
107.4201,1772539500,107.5097,107.2032,107.5097
107.6007,1772539800,107.6007,107.3282,107.405
107.7276,1772540100,107.8278,107.5621,107.6056
107.6364,1772540400,107.7682,107.5951,107.702
107.6841,1772540700,107.726,107.5489,107.644
107.7125,1772541000,107.7887,107.6315,107.6865
107.84,1772541300,107.9372,107.7062,107.7151
107.9489,1772541600,108.0521,107.8497,107.8497
107.9313,1772541900,108.0223,107.743,107.9451
108.071,1772542200,108.1558,107.8768,107.9435
108.1357,1772542500,108.2332,108.0162,108.0845
108.1409,1772542800,108.1931,108.0256,108.132
108.2355,1772543100,108.2787,108.118,108.1279
108.0893,1772543400,108.3689,108.0087,108.2537
108.0514,1772543700,108.1209,107.9527,108.0758
108.0933,1772544000,108.2007,108.0017,108.038
108.1573,1772544300,108.1672,108.0565,108.1071
108.2926,1772544600,108.2926,108.1225,108.1463
108.0214,1772544900,108.2877,107.9655,108.2852
107.8869,1772545200,108.0246,107.802,108.0246
108.0947,1772545500,108.1021,107.745,107.8715
108.0682,1772545800,108.1441,107.9936,108.0868
108.1274,1772546100,108.2205,108.0383,108.0771
108.1377,1772546400,108.3017,108.1009,108.1545
108.263,1772546700,108.3306,108.1223,108.1527
108.584,1772547000,108.5904,108.2509,108.2536
108.3249,1772547300,108.6293,108.2608,108.584
108.7635,1772547600,108.8157,108.3155,108.325
108.6836,1772547900,108.7602,108.5473,108.7602
108.8733,1772548200,108.8736,108.5643,108.6644
108.9279,1772548500,108.9279,108.6978,108.8657
109.1098,1772548800,109.1098,108.8634,108.9416
108.958,1772549100,109.1091,108.8987,109.1091
109.0561,1772549400,109.1026,108.8313,108.9675
109.2532,1772549700,109.2667,109.0088,109.0557
109.407,1772550000,109.5212,109.2626,109.2693
109.5687,1772550300,109.5926,109.3962,109.4081
109.4359,1772550600,109.6379,109.4255,109.5535
109.6295,1772550900,109.6295,109.3165,109.4187
109.519,1772551200,109.6271,109.4326,109.6079
109.3595,1772551500,109.4967,109.291,109.4967
109.3424,1772551800,109.3961,109.2292,109.3634
109.0931,1772552100,109.3569,109.0473,109.3218
108.7811,1772552400,109.1018,108.7794,109.0867
108.8895,1772552700,109.0039,108.7476,108.783
108.8297,1772553000,108.9184,108.7476,108.9017
108.9968,1772553300,109.0203,108.8076,108.85
109.181,1772553600,109.181,108.9365,108.9765
109.3817,1772553900,109.4826,109.0931,109.1866
109.3103,1772554200,109.3923,109.2327,109.3841
109.3493,1772554500,109.4076,109.1743,109.3179
109.2159,1772554800,109.4151,109.2032,109.3627
109.3397,1772555100,109.3596,109.2038,109.2138
109.2207,1772555400,109.3476,109.1604,109.3263
108.7583,1772555700,109.238,108.6826,109.2132
108.9079,1772556000,108.9853,108.705,108.7353
108.894,1772556300,108.9323,108.7823,108.8861
108.8912,1772556600,108.9885,108.7598,108.8883
109.0244,1772556900,109.0399,108.7249,108.8817
109.0558,1772557200,109.0643,108.915,109.0303
109.4131,1772557500,109.4131,108.9918,109.0365
109.4903,1772557800,109.671,109.377,109.4186
109.5246,1772558100,109.5716,109.3955,109.4884
109.6649,1772558400,109.7092,109.4878,109.5245
109.4766,1772558700,109.6815,109.4022,109.662
109.5914,1772559000,109.5914,109.4395,109.4765
109.4525,1772559300,109.7059,109.4301,109.5843
109.4735,1772559600,109.5992,109.351,109.4504
109.4615,1772559900,109.5408,109.412,109.4715
109.3222,1772560200,109.4474,109.1634,109.4474
109.1958,1772560500,109.3345,109.1687,109.3345
109.3769,1772560800,109.414,109.1217,109.1902
109.178,1772561100,109.4216,109.178,109.3676
109.143,1772561400,109.2561,109.0722,109.1769
109.2523,1772561700,109.3204,109.1145,109.1297
109.2887,1772562000,109.3785,109.2535,109.2535
109.1481,1772562300,109.4015,109.1481,109.3019
109.2258,1772562600,109.2716,109.0454,109.1827
109.2633,1772562900,109.4927,109.1802,109.2347
109.3409,1772563200,109.408,109.1803,109.265
109.26,1772563500,109.4394,109.242,109.3304
109.1771,1772563800,109.3271,109.0948,109.2681
109.3701,1772564100,109.3701,109.2029,109.2238
109.2275,1772564400,109.4036,109.1945,109.3377
109.1222,1772564700,109.291,109.0956,109.2371
109.0796,1772565000,109.1793,108.8839,109.1237
108.962,1772565300,109.1074,108.9065,109.0774
108.9531,1772565600,108.9845,108.7097,108.9845
109.1997,1772565900,109.2024,108.9486,108.9486
109.1411,1772566200,109.2478,109.0362,109.204
109.1888,1772566500,109.2881,109.1427,109.1538
109.065,1772566800,109.2214,108.9244,109.2097
108.9459,1772567100,109.084,108.8552,109.0318
109.1211,1772567400,109.1992,108.972,108.9798
109.3107,1772567700,109.3757,109.0785,109.107
109.0469,1772568000,109.3437,109.0154,109.3124
109.0502,1772568300,109.1474,108.9358,109.0416
109.2282,1772568600,109.2489,109.0344,109.0474
109.5283,1772568900,109.5283,109.1814,109.2343
109.355,1772569200,109.5728,109.3352,109.5481
109.0147,1772569500,109.4142,108.9398,109.3517
109.3403,1772569800,109.3527,109.0229,109.0229
109.4453,1772570100,109.5157,109.3273,109.3415
109.1962,1772570400,109.4806,109.1302,109.4629
109.3503,1772570700,109.3865,109.1416,109.1719
109.2153,1772571000,109.4009,109.2153,109.3394
109.2092,1772571300,109.3894,109.1485,109.2318
109.265,1772571600,109.303,109.1028,109.2279
109.3566,1772571900,109.4411,109.1912,109.2535
109.3172,1772572200,109.3706,109.1709,109.3604
109.1472,1772572500,109.3357,109.0812,109.2961
109.0707,1772572800,109.2491,108.9823,109.1331
109.1419,1772573100,109.2778,108.9981,109.0802
109.2665,1772573400,109.304,109.0455,109.1471
109.391,1772573700,109.4044,109.1658,109.2572
109.3954,1772574000,109.5301,109.2019,109.379
109.4162,1772574300,109.4619,109.2264,109.4243
109.5594,1772574600,109.6606,109.4357,109.4435
109.6004,1772574900,109.6344,109.4291,109.5901
109.6967,1772575200,109.7692,109.5761,109.6059
109.7332,1772575500,109.7473,109.6049,109.6914
109.9247,1772575800,109.9473,109.7362,109.7362
109.6954,1772576100,109.8953,109.6758,109.8953
109.7881,1772576400,109.8134,109.6225,109.7121
109.6292,1772576700,109.8631,109.6091,109.8089
109.6224,1772577000,109.7428,109.575,109.6514
109.5581,1772577300,109.6313,109.5092,109.6313
109.5159,1772577600,109.6172,109.4543,109.5723
109.6558,1772577900,109.6669,109.449,109.4905
109.8162,1772578200,109.919,109.6439,109.6624
109.6268,1772578500,109.8495,109.5549,109.7913
109.9374,1772578800,109.9374,109.6094,109.6094
110.1795,1772579100,110.1912,109.9513,109.9573
110.0341,1772579400,110.1811,109.9745,110.1811
110.0667,1772579700,110.1361,109.9859,110.0505
109.9499,1772580000,110.2231,109.9475,110.0724
109.841,1772580300,110.0091,109.7912,109.9615
109.4044,1772580600,109.8356,109.3959,109.8192
109.5626,1772580900,109.7204,109.405,109.405
109.718,1772581200,109.7629,109.5383,109.5692
109.5069,1772581500,109.8244,109.441,109.7131
109.435,1772581800,109.5741,109.2827,109.5272
109.4475,1772582100,109.5306,109.2667,109.4131
109.4279,1772582400,109.5047,109.3282,109.4458
109.5412,1772582700,109.5595,109.403,109.4398
109.8969,1772583000,109.8969,109.5335,109.5618
109.7892,1772583300,109.9872,109.7892,109.9138
109.9037,1772583600,109.9973,109.7816,109.797
110.0614,1772583900,110.104,109.8758,109.9043
110.0354,1772584200,110.0898,109.9136,110.0434
110.3361,1772584500,110.3472,110.0261,110.0261
110.3898,1772584800,110.4132,110.1639,110.3466
110.4155,1772585100,110.5017,110.3185,110.3887
110.622,1772585400,110.6983,110.4126,110.4126
110.7081,1772585700,110.7605,110.5596,110.6235
111.0002,1772586000,111.0168,110.7076,110.7076
110.8699,1772586300,111.1079,110.7936,110.9914
110.908,1772586600,111.03,110.8508,110.8787
111.0072,1772586900,111.0211,110.8416,110.9065
111.1482,1772587200,111.1733,110.9349,111.0181
111.2652,1772587500,111.2971,111.1005,111.131
111.2998,1772587800,111.3916,111.1696,111.2526
111.3883,1772588100,111.3966,111.2184,111.2999
111.1016,1772588400,111.3807,111.0777,111.3807
111.2764,1772588700,111.3018,111.0898,111.1023
111.2949,1772589000,111.4003,111.2079,111.2823
111.455,1772589300,111.4854,111.3152,111.322
111.6678,1772589600,111.6678,111.3845,111.4568
111.4336,1772589900,111.6769,111.4301,111.6548
111.3967,1772590200,111.6274,111.346,111.4406
111.5602,1772590500,111.6353,111.3956,111.3958
111.7028,1772590800,111.722,111.4323,111.5315
111.693,1772591100,111.9306,111.5167,111.6858
111.7018,1772591400,111.7844,111.5909,111.6932
111.5978,1772591700,111.8082,111.5466,111.6851
111.3989,1772592000,111.6835,111.395,111.6007
111.2941,1772592300,111.414,111.2608,111.3928
111.1808,1772592600,111.3617,111.1564,111.2805
111.1857,1772592900,111.2921,111.101,111.184
111.4217,1772593200,111.5536,111.1507,111.1835
111.414,1772593500,111.5051,111.3175,111.4122
111.4612,1772593800,111.5816,111.384,111.4038
111.1741,1772594100,111.4523,111.1595,111.4523
111.3715,1772594400,111.3781,111.0691,111.1729
111.3031,1772594700,111.4894,111.2647,111.381
111.1185,1772595000,111.2992,111.0155,111.2867
111.0559,1772595300,111.2589,111.0559,111.1061
111.0042,1772595600,111.1814,110.9711,111.0516
111.1662,1772595900,111.2427,110.9536,110.9964
111.5393,1772596200,111.5743,111.1581,111.1812
111.5183,1772596500,111.6952,111.4424,111.5577
111.6195,1772596800,111.6234,111.4712,111.496
111.5184,1772597100,111.6675,111.4882,111.6214
111.8014,1772597400,111.9113,111.4761,111.5203
111.8984,1772597700,111.9069,111.7577,111.8053
111.9626,1772598000,111.9952,111.7741,111.9134
112.237,1772598300,112.2699,111.9494,111.9746
112.0845,1772598600,112.2714,112.0716,112.2262
112.426,1772598900,112.4474,112.0899,112.0899
112.1671,1772599200,112.4485,112.1553,112.412
112.2087,1772599500,112.2087,111.9569,112.1748
112.3021,1772599800,112.4663,112.2013,112.2266
112.2788,1772600100,112.4946,112.166,112.3046
112.5344,1772600400,112.538,112.2443,112.2647
112.6848,1772600700,112.7812,112.5443,112.5483
112.6439,1772601000,112.8075,112.6357,112.6659
112.7762,1772601300,112.7762,112.6111,112.6356
112.9818,1772601600,113.0129,112.6755,112.7936
112.5873,1772601900,112.9781,112.542,112.968
112.2935,1772602200,112.6014,112.2821,112.5905
112.1727,1772602500,112.3949,112.1212,112.2974
112.1852,1772602800,112.2517,112.0982,112.1815
112.2347,1772603100,112.3268,112.1017,112.1783
112.436,1772603400,112.5283,112.2162,112.2478
112.2143,1772603700,112.4143,112.0579,112.4143
112.2678,1772604000,112.378,112.139,112.2179
112.1411,1772604300,112.3043,112.1299,112.2644
112.0645,1772604600,112.1718,111.9019,112.1491
112.0867,1772604900,112.1581,111.9765,112.0652
112.0068,1772605200,112.1881,112.0068,112.0767
111.9569,1772605500,112.0447,111.8232,112.0148
111.7769,1772605800,112.0898,111.7769,111.9698
111.4928,1772606100,111.8409,111.4303,111.7749
111.0426,1772606400,111.5098,110.9801,111.4949
111.0577,1772606700,111.2435,110.9817,111.0449
110.7905,1772607000,111.182,110.7792,111.0576
110.8269,1772607300,110.9212,110.7242,110.7945
110.9796,1772607600,111.0201,110.791,110.8152
111.0661,1772607900,111.1164,110.9735,110.9771
110.9556,1772608200,111.1663,110.8415,111.0907
111.0159,1772608500,111.0743,110.8738,110.9487
110.9351,1772608800,111.0868,110.7573,111.0294
110.8425,1772609100,111.0204,110.8084,110.9376
110.8428,1772609400,110.9476,110.8132,110.858
110.8761,1772609700,110.9506,110.692,110.8404
110.8958,1772610000,110.9631,110.7931,110.9003
110.737,1772610300,110.9825,110.6846,110.9189
110.828,1772610600,110.8588,110.7313,110.7351
110.5585,1772610900,110.8416,110.5542,110.8131
110.5982,1772611200,110.6624,110.5293,110.5667
110.2492,1772611500,110.5963,110.2461,110.5646
110.1495,1772611800,110.418,110.1264,110.2595
110.1295,1772612100,110.1844,109.927,110.1499
110.3792,1772612400,110.4211,110.1158,110.1158
110.4724,1772612700,110.5153,110.3497,110.3811
110.4546,1772613000,110.5099,110.3327,110.4803
110.594,1772613300,110.648,110.352,110.4546
110.8122,1772613600,110.8604,110.5824,110.6036
110.7912,1772613900,110.9447,110.6542,110.7963
110.8028,1772614200,110.9247,110.7274,110.7921
110.6867,1772614500,110.7915,110.5546,110.782
110.5476,1772614800,110.7349,110.4958,110.6716
110.6083,1772615100,110.6802,110.4918,110.5593
110.5345,1772615400,110.6413,110.4209,110.6115
110.6323,1772615700,110.693,110.4657,110.5259
110.4998,1772616000,110.6667,110.4785,110.6098
110.3815,1772616300,110.5931,110.3239,110.5086
110.2955,1772616600,110.485,110.2697,110.3919
110.4538,1772616900,110.5393,110.2727,110.2917
110.7659,1772617200,110.7776,110.466,110.466
110.6812,1772617500,110.8503,110.6369,110.7747
110.6718,1772617800,110.7655,110.5632,110.6715
110.5246,1772618100,110.7546,110.503,110.6557
110.5558,1772618400,110.6145,110.429,110.5202
110.4877,1772618700,110.6338,110.4877,110.585
110.3056,1772619000,110.5146,110.2238,110.502
110.41,1772619300,110.41,110.232,110.3118
110.5027,1772619600,110.5309,110.3451,110.4039
110.439,1772619900,110.7244,110.439,110.4853
110.4796,1772620200,110.5871,110.4092,110.4118
110.5646,1772620500,110.585,110.3547,110.487
110.6274,1772620800,110.7802,110.5272,110.5579
110.4099,1772621100,110.6259,110.4046,110.6259
110.4926,1772621400,110.5334,110.284,110.418
110.4034,1772621700,110.5743,110.3692,110.481
110.2553,1772622000,110.4384,110.2553,110.4105
110.2101,1772622300,110.3365,110.1348,110.2418
110.258,1772622600,110.3745,110.1528,110.1806
110.4711,1772622900,110.5035,110.2405,110.2518
110.4999,1772623200,110.5093,110.2856,110.4672
110.5545,1772623500,110.6439,110.4752,110.4871
110.8195,1772623800,110.8897,110.5536,110.5638
110.7337,1772624100,110.8392,110.662,110.8057
110.6699,1772624400,110.8192,110.6418,110.7294
110.4977,1772624700,110.7525,110.4813,110.6733
110.2796,1772625000,110.4781,110.2651,110.4781
110.4508,1772625300,110.5635,110.2448,110.2757
110.686,1772625600,110.9092,110.4078,110.4305
110.9903,1772625900,110.9966,110.6332,110.6805
111.0748,1772626200,111.2302,110.9684,111.0012
111.3422,1772626500,111.3456,111.0435,111.0961
111.2377,1772626800,111.3619,111.2331,111.3249
110.9117,1772627100,111.2176,110.8865,111.2176
110.9211,1772627400,110.9752,110.7202,110.9199
111.1441,1772627700,111.1441,110.8875,110.9123
111.1818,1772628000,111.207,110.9913,111.1623
111.0372,1772628300,111.193,110.9227,111.171
110.6716,1772628600,111.0459,110.6686,111.0459
110.5003,1772628900,110.7651,110.4981,110.6971
110.5245,1772629200,110.7102,110.4766,110.5159
110.488,1772629500,110.6721,110.3473,110.5234
110.4057,1772629800,110.5642,110.3753,110.4899
110.463,1772630100,110.5908,110.4252,110.4402
110.4649,1772630400,110.6442,110.4414,110.4758
110.5263,1772630700,110.6711,110.3343,110.4611
110.6874,1772631000,110.7401,110.5305,110.5404
110.7268,1772631300,110.8124,110.6009,110.675
110.6084,1772631600,110.7751,110.4989,110.7424
110.7074,1772631900,110.7571,110.5109,110.6297
110.5759,1772632200,110.7243,110.4643,110.714
110.4779,1772632500,110.7416,110.4212,110.5961
110.3448,1772632800,110.5003,110.3354,110.4678
110.1893,1772633100,110.4776,110.1528,110.326
110.6985,1772633400,110.6985,110.1055,110.1816
110.5209,1772633700,110.7194,110.5013,110.6955
110.7336,1772634000,110.8163,110.5158,110.5194
110.3252,1772634300,110.7442,110.302,110.7306
110.2565,1772634600,110.3385,110.1258,110.3041
110.1837,1772634900,110.3232,110.1837,110.2654
110.099,1772635200,110.2214,110.0284,110.1966
109.7586,1772635500,110.1254,109.7127,110.0834
109.6246,1772635800,109.7936,109.4648,109.7599
109.6537,1772636100,109.8067,109.5499,109.6373
109.6841,1772636400,109.84,109.5711,109.6549
109.6261,1772636700,109.686,109.5498,109.6553
109.4625,1772637000,109.7012,109.4477,109.631
109.3191,1772637300,109.6209,109.2886,109.4619
109.4663,1772637600,109.4905,109.2484,109.3103
109.3833,1772637900,109.5824,109.3724,109.444
109.3729,1772638200,109.6105,109.3438,109.349
109.5461,1772638500,109.5803,109.3854,109.3854
109.3401,1772638800,109.5498,109.2231,109.5498
109.374,1772639100,109.5172,109.2694,109.3377
109.4824,1772639400,109.5025,109.3351,109.3594
109.2957,1772639700,109.4926,109.1786,109.4649
109.2337,1772640000,109.405,109.225,109.2678
109.4346,1772640300,109.4346,109.2148,109.2358
109.5931,1772640600,109.6216,109.2983,109.4509
109.5406,1772640900,109.6171,109.2948,109.6008
109.7083,1772641200,109.7189,109.49,109.5555
109.4768,1772641500,109.826,109.4541,109.7232
109.5353,1772641800,109.6611,109.4524,109.4524
109.5585,1772642100,109.6711,109.4945,109.5456
109.4574,1772642400,109.6201,109.4574,109.5744
109.3643,1772642700,109.5118,109.2475,109.4634
109.4808,1772643000,109.5379,109.2935,109.3714
109.2344,1772643300,109.521,109.217,109.4879
109.4352,1772643600,109.4471,109.1803,109.2457
109.2759,1772643900,109.4413,109.2607,109.4148
108.834,1772644200,109.3492,108.779,109.2943
108.7118,1772644500,108.9198,108.694,108.8287
108.6239,1772644800,108.7299,108.457,108.7112
108.6092,1772645100,108.6497,108.5129,108.6223
108.4213,1772645400,108.6171,108.3919,108.6045
108.3758,1772645700,108.4283,108.2636,108.4042
108.2121,1772646000,108.3839,108.1779,108.3839
108.3398,1772646300,108.3825,108.1615,108.2141
108.0536,1772646600,108.3575,108.0536,108.3425
107.9102,1772646900,108.0545,107.8992,108.0245
107.8874,1772647200,107.9151,107.7494,107.905
107.9357,1772647500,107.9749,107.7835,107.8881
107.8151,1772647800,108.0209,107.8026,107.9415
107.8775,1772648100,108.0068,107.8007,107.8249
108.1153,1772648400,108.1381,107.9054,107.9075
108.3289,1772648700,108.3745,108.0753,108.1293
108.2434,1772649000,108.3728,108.0197,108.3411
108.2607,1772649300,108.3186,108.1563,108.2487
107.9157,1772649600,108.2895,107.8793,108.2482
107.9897,1772649900,108.0447,107.9093,107.9186
108.2264,1772650200,108.2264,107.8024,107.9828
108.3666,1772650500,108.5582,108.225,108.225
108.3888,1772650800,108.4972,108.2204,108.3822
108.4648,1772651100,108.4882,108.2943,108.3755
108.6295,1772651400,108.6986,108.4432,108.4525
108.5186,1772651700,108.6826,108.3976,108.6414
108.5531,1772652000,108.6924,108.5298,108.5459
108.5525,1772652300,108.6704,108.4461,108.5525
108.5329,1772652600,108.5505,108.4338,108.5505
108.1605,1772652900,108.591,108.059,108.5194
108.2186,1772653200,108.2186,107.9836,108.1868
108.4988,1772653500,108.546,108.1432,108.2002
108.7082,1772653800,108.7305,108.435,108.4968
108.7408,1772654100,108.7791,108.607,108.704
108.7337,1772654400,108.7986,108.6606,108.7403
108.8632,1772654700,108.9615,108.754,108.754
108.9069,1772655000,108.934,108.7442,108.8565
109.0962,1772655300,109.2404,108.8861,108.8969
109.3171,1772655600,109.3171,109.061,109.1031
109.3207,1772655900,109.5028,109.2966,109.3134
109.1733,1772656200,109.3883,109.1639,109.3257
109.3892,1772656500,109.4005,109.1959,109.1959
109.2029,1772656800,109.3938,109.1169,109.3813
109.085,1772657100,109.2513,109.0668,109.2071
108.8996,1772657400,109.1012,108.8225,109.1012
108.9391,1772657700,109.0322,108.8423,108.9015
109.004,1772658000,109.088,108.9129,108.9236
109.2037,1772658300,109.3677,108.9877,108.9877
109.2881,1772658600,109.3546,109.1875,109.1875
109.3987,1772658900,109.4403,109.2149,109.2892
109.3941,1772659200,109.5697,109.3856,109.3856
109.5943,1772659500,109.5943,109.3369,109.3866
109.452,1772659800,109.7048,109.4449,109.5767
109.6229,1772660100,109.6229,109.4003,109.4622
109.6725,1772660400,109.6734,109.4664,109.6282
109.5927,1772660700,109.6887,109.4448,109.6667
109.7276,1772661000,109.7276,109.5598,109.5954
109.6744,1772661300,109.7394,109.5988,109.729
109.4334,1772661600,109.7535,109.3919,109.6742
109.4991,1772661900,109.4991,109.2843,109.4299
109.3692,1772662200,109.5856,109.1604,109.4936
109.1004,1772662500,109.4098,109.0644,109.3655
108.936,1772662800,109.2128,108.9133,109.0959
108.9037,1772663100,108.9296,108.7984,108.9296
109.1552,1772663400,109.2981,108.855,108.9076
109.3343,1772663700,109.392,109.1298,109.1604
109.1215,1772664000,109.3506,109.1215,109.3356
109.084,1772664300,109.1696,108.9458,109.1251
108.9984,1772664600,109.0947,108.9069,109.0947
108.9118,1772664900,109.0747,108.8356,108.9867
108.8145,1772665200,108.9508,108.7958,108.9184
108.8525,1772665500,108.8906,108.7264,108.8065
109.1253,1772665800,109.1955,108.8103,108.8513
109.2994,1772666100,109.3774,109.139,109.1422
109.2005,1772666400,109.4201,109.1828,109.3018
109.2376,1772666700,109.2376,109.0365,109.1929
109.0651,1772667000,109.2938,109.0651,109.262
108.9996,1772667300,109.2189,108.9797,109.0761
108.9392,1772667600,109.0174,108.8166,109.0048
108.6906,1772667900,109.0238,108.6906,108.9529
108.9511,1772668200,109.0393,108.6815,108.7
109.1187,1772668500,109.1797,108.8977,108.9718
109.4008,1772668800,109.4034,109.0879,109.1068
109.463,1772669100,109.5373,109.3909,109.426
109.8188,1772669400,109.8576,109.464,109.464
109.8816,1772669700,109.8816,109.6484,109.8202
110.141,1772670000,110.1411,109.8013,109.8763
110.4274,1772670300,110.5057,110.1486,110.1572
110.5214,1772670600,110.5719,110.4022,110.4085
110.615,1772670900,110.6819,110.4736,110.5455
110.5781,1772671200,110.6864,110.4369,110.6297
110.4996,1772671500,110.7092,110.4671,110.5835
110.4948,1772671800,110.5297,110.3567,110.4997
110.3048,1772672100,110.5176,110.3048,110.5176
110.2654,1772672400,110.4061,110.2265,110.3197
110.2944,1772672700,110.3197,110.2004,110.2784
110.0541,1772673000,110.326,110.036,110.3117
109.888,1772673300,110.1482,109.7721,110.0373
109.7707,1772673600,109.9012,109.7157,109.8907
109.6368,1772673900,109.7776,109.6368,109.7776
109.8252,1772674200,109.8263,109.5247,109.6369
109.8086,1772674500,109.9296,109.8013,109.8351
109.8828,1772674800,109.8828,109.663,109.8152
109.9771,1772675100,109.9771,109.7418,109.8797
109.8032,1772675400,110.0966,109.7356,109.9739
109.8544,1772675700,109.9665,109.7163,109.7887
109.922,1772676000,109.9523,109.7631,109.8664
109.9769,1772676300,109.9932,109.8337,109.9241
109.9977,1772676600,110.0915,109.7971,109.9794
110.0255,1772676900,110.1718,109.9659,109.9992
109.9037,1772677200,110.0831,109.8984,110.0277
110.0768,1772677500,110.1073,109.8631,109.9384
110.3049,1772677800,110.3573,110.0685,110.0704
110.2749,1772678100,110.3646,110.1465,110.3101
110.0426,1772678400,110.3231,110.0396,110.28
109.7598,1772678700,110.0611,109.7359,110.0534
109.752,1772679000,109.9418,109.7339,109.7536
110.0275,1772679300,110.0275,109.6562,109.7302
110.1941,1772679600,110.2793,110.0177,110.0314
110.1737,1772679900,110.3482,110.1543,110.1919
109.8391,1772680200,110.2441,109.7816,110.1659
109.9431,1772680500,110.0364,109.8351,109.867
109.7968,1772680800,109.958,109.763,109.958
109.6089,1772681100,109.8358,109.568,109.7871
109.6114,1772681400,109.7406,109.5139,109.6186
109.8668,1772681700,109.9243,109.6012,109.6107
110.2797,1772682000,110.3275,109.8688,109.8823
110.438,1772682300,110.438,110.1612,110.2734
110.3668,1772682600,110.5469,110.3668,110.4408
110.3409,1772682900,110.3788,110.144,110.3614
110.712,1772683200,110.7444,110.3535,110.3535
110.8695,1772683500,110.8695,110.6393,110.7067
110.7513,1772683800,110.9652,110.6772,110.8795
110.6872,1772684100,110.8283,110.6847,110.7454
110.5479,1772684400,110.7391,110.5479,110.6919
110.0968,1772684700,110.5686,110.0784,110.5477
110.1365,1772685000,110.2388,110.0838,110.1185
110.3523,1772685300,110.3781,110.0446,110.1291
110.2631,1772685600,110.3545,110.1515,110.3418
110.1543,1772685900,110.2567,110.052,110.2433
110.2972,1772686200,110.2989,109.9977,110.1431
110.1105,1772686500,110.3351,110.0952,110.3048
109.9454,1772686800,110.1578,109.9009,110.1261
109.6671,1772687100,109.9771,109.6671,109.9411
109.5019,1772687400,109.8452,109.5019,109.6736
109.5406,1772687700,109.6067,109.4525,109.4897
109.6569,1772688000,109.6614,109.3239,109.5315
109.741,1772688300,109.7803,109.6252,109.6481
109.8063,1772688600,109.8961,109.7288,109.7548
109.752,1772688900,109.8206,109.603,109.7822
109.6929,1772689200,109.7976,109.6551,109.737
110.0171,1772689500,110.0511,109.6808,109.7086
109.8495,1772689800,110.0452,109.7488,110.0027
109.8583,1772690100,109.9222,109.7206,109.8527
109.8528,1772690400,109.878,109.6156,109.8656
109.7474,1772690700,109.917,109.5028,109.8354
109.6056,1772691000,109.8813,109.6056,109.7376
109.3491,1772691300,109.6208,109.2812,109.6177
109.4862,1772691600,109.6025,109.3471,109.3506
109.7375,1772691900,109.7725,109.4568,109.4664
109.6038,1772692200,109.8522,109.5716,109.7438
109.5879,1772692500,109.679,109.5146,109.5931
109.5487,1772692800,109.7083,109.5316,109.572
109.5446,1772693100,109.6525,109.332,109.5544
109.8082,1772693400,109.9297,109.5341,109.5341
109.9961,1772693700,110.0185,109.7723,109.8246
110.04,1772694000,110.0898,109.9326,109.991
110.1359,1772694300,110.1733,110.049,110.0576
110.2263,1772694600,110.2854,110.1108,110.1336
110.1942,1772694900,110.2473,110.0432,110.1932
110.1936,1772695200,110.1936,110.0163,110.1741
110.0716,1772695500,110.1857,109.9607,110.1857
110.5226,1772695800,110.5226,110.0607,110.0682
110.3144,1772696100,110.5702,110.3144,110.5073
110.4321,1772696400,110.5374,110.2958,110.3251
110.5281,1772696700,110.6177,110.3965,110.4376
110.5131,1772697000,110.667,110.4697,110.551
110.4595,1772697300,110.532,110.3612,110.525
110.1911,1772697600,110.5023,110.1792,110.4647
110.3989,1772697900,110.3989,110.1281,110.194
110.4212,1772698200,110.5185,110.372,110.4267
110.4608,1772698500,110.5235,110.3615,110.4208
110.3932,1772698800,110.5315,110.3442,110.4722
110.2741,1772699100,110.4417,110.2491,110.3683
110.4999,1772699400,110.539,110.265,110.2909
110.4156,1772699700,110.5578,110.3826,110.4875
110.3903,1772700000,110.4368,110.3136,110.3973
110.3582,1772700300,110.5806,110.3245,110.38
110.2523,1772700600,110.4473,110.2332,110.3667
110.5889,1772700900,110.5889,110.2242,110.278
110.7165,1772701200,110.7977,110.5806,110.618
110.8575,1772701500,110.903,110.6428,110.7124
110.7913,1772701800,111.0102,110.7403,110.8625
110.8787,1772702100,110.9437,110.7247,110.8032
111.1781,1772702400,111.2564,110.8163,110.8661
111.2493,1772702700,111.3564,111.1724,111.1824
111.1612,1772703000,111.3483,111.0217,111.2555
111.1974,1772703300,111.2961,111.1322,111.1708
110.9374,1772703600,111.2408,110.8936,111.1909
111.0553,1772703900,111.0918,110.9167,110.9362
110.9254,1772704200,111.13,110.9192,111.0582
110.8611,1772704500,110.9931,110.6266,110.9456
110.8716,1772704800,110.9013,110.7254,110.8336
110.5577,1772705100,110.9492,110.4936,110.8816
110.359,1772705400,110.6064,110.2737,110.5522
110.5686,1772705700,110.5925,110.3639,110.3639
110.5852,1772706000,110.6691,110.4691,110.5593
110.608,1772706300,110.6697,110.4939,110.5882
110.9125,1772706600,110.9178,110.5438,110.6202
110.8174,1772706900,110.9147,110.7664,110.9147
110.696,1772707200,110.8677,110.6387,110.793
110.6344,1772707500,110.9108,110.593,110.6987
110.2399,1772707800,110.6977,110.2399,110.6373
110.2743,1772708100,110.2758,110.0893,110.2036
110.428,1772708400,110.4317,110.2008,110.2788
110.5393,1772708700,110.6205,110.3318,110.4335
110.5618,1772709000,110.7003,110.454,110.5394
110.6942,1772709300,110.6942,110.4599,110.5681
110.7453,1772709600,110.8401,110.6128,110.7069
111.0185,1772709900,111.0185,110.7033,110.7587
111.1849,1772710200,111.256,111.0304,111.0346
111.1341,1772710500,111.2304,111.0233,111.2003
110.9084,1772710800,111.1489,110.9084,111.1101
110.7027,1772711100,110.9141,110.662,110.8917
110.2237,1772711400,110.6919,110.2185,110.6897
110.0439,1772711700,110.2953,109.9317,110.2349
109.9829,1772712000,110.0472,109.8858,110.0243
109.9598,1772712300,110.1254,109.9376,109.9823
109.986,1772712600,110.0644,109.9312,109.9679
109.9472,1772712900,109.9935,109.8261,109.9762
109.979,1772713200,110.0177,109.7616,109.9449
110.0699,1772713500,110.1207,109.9373,109.9831
110.0541,1772713800,110.2232,109.9888,110.0628
110.171,1772714100,110.2735,110.0588,110.0716
110.1783,1772714400,110.2315,110.0488,110.1657
110.3946,1772714700,110.4222,110.0489,110.1576
110.4432,1772715000,110.5995,110.3789,110.4113
110.5672,1772715300,110.5807,110.3962,110.4277
110.557,1772715600,110.7668,110.4859,110.5695
110.73,1772715900,110.7555,110.3092,110.5502
110.8659,1772716200,110.9442,110.7373,110.75
110.3987,1772716500,110.8519,110.3987,110.8519
110.2845,1772716800,110.4476,110.2641,110.4476
110.2717,1772717100,110.2842,110.1269,110.2788
110.4113,1772717400,110.4389,110.2065,110.2801
110.3773,1772717700,110.5927,110.3773,110.4139
110.3937,1772718000,110.4782,110.3392,110.3843
110.5588,1772718300,110.5588,110.3526,110.394
110.3527,1772718600,110.5504,110.3233,110.5442
110.4719,1772718900,110.4719,110.2892,110.3634
110.4715,1772719200,110.6245,110.4186,110.4622
110.6395,1772719500,110.6732,110.4188,110.4585
110.6257,1772719800,110.6717,110.5263,110.6322
110.9205,1772720100,110.9205,110.5627,110.6105
110.885,1772720400,111.0432,110.792,110.9293
110.5479,1772720700,110.8915,110.5159,110.8915
110.7861,1772721000,110.7916,110.5425,110.5559
110.7739,1772721300,110.837,110.582,110.7838
110.6845,1772721600,110.848,110.6407,110.7528
110.8599,1772721900,110.9405,110.6632,110.6821
110.8784,1772722200,111.056,110.8162,110.8791
111.0332,1772722500,111.1066,110.8676,110.8765
111.0408,1772722800,111.1487,110.9079,111.0196
111.1491,1772723100,111.241,111.0071,111.0348
111.1264,1772723400,111.158,110.9876,111.1469
111.2027,1772723700,111.2446,111.0464,111.1262
110.9917,1772724000,111.2672,110.9736,111.2172
111.0563,1772724300,111.1418,110.9782,110.9782
110.986,1772724600,111.1117,110.8468,111.0659
111.1527,1772724900,111.3422,110.9891,110.9993
111.0916,1772725200,111.2231,110.9855,111.1453
110.9233,1772725500,111.1003,110.911,111.0767
110.9407,1772725800,111.0955,110.9023,110.9174
110.9526,1772726100,111.137,110.8955,110.9501
110.8823,1772726400,111.0794,110.8823,110.9508
111.0496,1772726700,111.116,110.817,110.8465
110.7483,1772727000,111.0652,110.7481,111.0652
110.618,1772727300,110.7475,110.5588,110.7475
110.6084,1772727600,110.7571,110.5934,110.6218
110.4813,1772727900,110.6373,110.4697,110.6007
110.6243,1772728200,110.747,110.511,110.5174
110.8403,1772728500,110.8524,110.5304,110.603
111.0969,1772728800,111.1727,110.8001,110.8291
110.8497,1772729100,111.1202,110.8329,111.1033
110.7644,1772729400,110.9171,110.6856,110.8447
110.8408,1772729700,110.8577,110.6637,110.7569
110.4967,1772730000,110.8972,110.4967,110.8276
110.2953,1772730300,110.6581,110.2953,110.5381
110.2597,1772730600,110.3696,110.1393,110.2988
110.0467,1772730900,110.2417,109.97,110.2417
109.9656,1772731200,110.1099,109.9656,110.0496
110.0032,1772731500,110.0288,109.8449,109.9495
110.2129,1772731800,110.2705,109.8935,110.0105
110.1024,1772732100,110.1855,110.0083,110.1855
109.9757,1772732400,110.1122,109.9368,110.1122
109.9863,1772732700,110.0995,109.9145,109.9788
110.2049,1772733000,110.2049,109.8657,109.9691
110.1317,1772733300,110.3221,110.0403,110.1936
109.9466,1772733600,110.1269,109.8949,110.1261
109.8566,1772733900,110.0306,109.8456,109.9467
109.9498,1772734200,110.0173,109.822,109.857
109.6021,1772734500,109.9783,109.6021,109.963
109.7899,1772734800,109.9025,109.5155,109.6056
109.9072,1772735100,109.964,109.7953,109.7953
109.7112,1772735400,109.9516,109.6414,109.9143
109.7412,1772735700,109.8295,109.6856,109.7183
109.611,1772736000,109.8995,109.611,109.7211
109.6544,1772736300,109.7842,109.4814,109.6055
109.6628,1772736600,109.7597,109.5987,109.6434
109.4774,1772736900,109.6691,109.4546,109.6513
109.6385,1772737200,109.876,109.4804,109.485
109.6234,1772737500,109.7274,109.4915,109.627
109.6037,1772737800,109.7245,109.5494,109.6169
109.4337,1772738100,109.6185,109.3704,109.592
109.6655,1772738400,109.6655,109.3611,109.4367
109.724,1772738700,109.8052,109.6057,109.6844
109.581,1772739000,109.7778,109.5086,109.7092
109.6114,1772739300,109.7084,109.5478,109.6042
109.6539,1772739600,109.7408,109.5773,109.6069
109.4204,1772739900,109.7633,109.4102,109.643
109.4888,1772740200,109.5859,109.4255,109.4255
109.4333,1772740500,109.5595,109.4123,109.4831
109.3648,1772740800,109.4787,109.2801,109.4323
109.181,1772741100,109.3915,109.1092,109.3731
109.2994,1772741400,109.3249,109.1044,109.1784
109.4794,1772741700,109.51,109.2581,109.3036
109.4766,1772742000,109.5197,109.3444,109.4882
109.6403,1772742300,109.6482,109.406,109.4736
110.0547,1772742600,110.0613,109.6386,109.6557
110.0957,1772742900,110.1278,110.0068,110.0618
110.1859,1772743200,110.2021,109.9043,110.0877
110.0721,1772743500,110.2028,110.0584,110.1769
110.1699,1772743800,110.1699,109.9797,110.0681
109.9403,1772744100,110.2213,109.907,110.1753
109.9801,1772744400,110.0678,109.8875,109.9502
109.6916,1772744700,110.0143,109.6322,109.991
109.6391,1772745000,109.7162,109.5645,109.6994
109.8816,1772745300,109.8816,109.6377,109.647
109.6523,1772745600,109.9344,109.6355,109.8618
109.5859,1772745900,109.6457,109.4534,109.6457
109.4651,1772746200,109.5618,109.3673,109.5618
109.4747,1772746500,109.5329,109.4018,109.4646
109.0908,1772746800,109.4559,109.0399,109.4559
109.2015,1772747100,109.2106,109.0575,109.0864
109.1982,1772747400,109.3447,109.1345,109.2005
108.8502,1772747700,109.2124,108.8044,109.2023
108.8386,1772748000,108.9882,108.8248,108.8695
108.8999,1772748300,108.9713,108.8195,108.8342
108.8012,1772748600,109.0195,108.7579,108.913
108.7955,1772748900,108.9166,108.6348,108.7984
108.7635,1772749200,108.9308,108.6954,108.7959
108.7929,1772749500,108.7931,108.6343,108.7537
108.7481,1772749800,108.8362,108.6289,108.78
108.8643,1772750100,108.948,108.7135,108.7485
108.8862,1772750400,109.0774,108.8528,108.8636
108.9854,1772750700,109.0208,108.7864,108.8701
108.8453,1772751000,108.9903,108.7971,108.9797
109.0325,1772751300,109.0956,108.838,108.8405
109.0357,1772751600,109.0744,108.9089,109.033
109.1281,1772751900,109.1792,108.9267,109.0232
109.1196,1772752200,109.189,109.0614,109.1417
109.5253,1772752500,109.5391,109.0726,109.1329
109.4506,1772752800,109.5428,109.3506,109.5398
109.3229,1772753100,109.5363,109.2394,109.4474
109.2205,1772753400,109.3672,109.2062,109.3341
109.4365,1772753700,109.4514,109.2163,109.2163
109.2574,1772754000,109.4608,109.2002,109.4335
109.2029,1772754300,109.3329,109.0062,109.2838
109.2225,1772754600,109.443,109.1795,109.2354
109.0279,1772754900,109.2295,109.0109,109.2295
108.9672,1772755200,109.0871,108.917,109.0464
108.912,1772755500,109.0898,108.8494,108.9621
108.865,1772755800,108.9223,108.697,108.9098
109.4719,1772756100,109.4719,108.883,108.883
109.4631,1772756400,109.5848,109.3848,109.4948
109.5953,1772756700,109.5953,109.4012,109.4628
109.5058,1772757000,109.6261,109.4752,109.5999
109.3343,1772757300,109.6165,109.2871,109.5028
109.3166,1772757600,109.3774,109.1911,109.3569
109.0736,1772757900,109.3546,109.02,109.3052
108.9744,1772758200,109.0893,108.9163,109.0485
108.8973,1772758500,109.0536,108.8854,108.9834
108.9598,1772758800,109.0116,108.815,108.8817
108.9577,1772759100,109.0817,108.9191,108.9637
108.9074,1772759400,108.9941,108.7426,108.968
109.1573,1772759700,109.1986,108.9034,108.9034
109.0489,1772760000,109.1655,108.9609,109.1655
109.1468,1772760300,109.2155,108.9386,109.0487
108.9645,1772760600,109.2797,108.8877,109.1532
108.9049,1772760900,108.9693,108.8053,108.9603
108.8861,1772761200,108.9663,108.7488,108.8957
108.7776,1772761500,108.977,108.7465,108.9025
108.8171,1772761800,108.8455,108.6203,108.7724
108.6341,1772762100,108.8399,108.466,108.8086
108.5262,1772762400,108.6381,108.4117,108.6151
108.3359,1772762700,108.5168,108.2556,108.5041
108.2582,1772763000,108.5028,108.2489,108.3445
108.3845,1772763300,108.4774,108.2207,108.2868
108.5439,1772763600,108.5585,108.3634,108.3934
108.7037,1772763900,108.7507,108.5457,108.546
108.8609,1772764200,108.905,108.7048,108.7049
108.7019,1772764500,109.0079,108.7006,108.8844
109.0212,1772764800,109.108,108.7013,108.7013
109.0668,1772765100,109.0691,108.8497,109.0191
108.9945,1772765400,109.1213,108.7277,109.0712
108.7941,1772765700,109.0438,108.7603,109.0063
108.608,1772766000,108.8047,108.4777,108.7952
108.5665,1772766300,108.7398,108.522,108.6066
108.4279,1772766600,108.6311,108.3368,108.5746
108.4542,1772766900,108.5793,108.4089,108.4419
108.5388,1772767200,108.5711,108.3964,108.4456
108.5304,1772767500,108.6537,108.4092,108.5451
108.4556,1772767800,108.5946,108.43,108.52
108.5615,1772768100,108.5839,108.4324,108.483
108.8551,1772768400,108.9077,108.5782,108.5782
108.9603,1772768700,108.9603,108.7332,108.8331
109.2189,1772769000,109.2189,108.9382,108.9735
109.1654,1772769300,109.2987,109.0261,109.2144
109.0826,1772769600,109.3105,109.0608,109.1757
109.1924,1772769900,109.264,109.069,109.1048
109.2277,1772770200,109.397,109.1658,109.1968
109.2464,1772770500,109.3904,109.2159,109.2341
109.2511,1772770800,109.3984,109.1421,109.2363
109.6,1772771100,109.6217,109.2279,109.2414
109.4994,1772771400,109.678,109.4503,109.5859
109.5131,1772771700,109.5716,109.3887,109.4985
109.709,1772772000,109.7358,109.4931,109.496
109.8858,1772772300,109.8901,109.5725,109.7204
109.9196,1772772600,109.9715,109.7576,109.8835
109.8862,1772772900,109.9638,109.7883,109.9101
110.0708,1772773200,110.1161,109.8332,109.9121
109.926,1772773500,110.0833,109.8161,110.0734
109.891,1772773800,110.0078,109.8,109.9204
109.8369,1772774100,109.9636,109.7487,109.8918
109.8768,1772774400,110.0032,109.7808,109.8437
110.1155,1772774700,110.2289,109.8561,109.8664
110.0079,1772775000,110.1319,109.8867,110.0963
110.0112,1772775300,110.1331,109.9444,110.0066
110.0961,1772775600,110.2009,109.9674,110.0242
110.1958,1772775900,110.2349,110.009,110.0684
110.3249,1772776200,110.3548,110.0925,110.1897
110.3668,1772776500,110.4928,110.2572,110.3206
110.2522,1772776800,110.3992,110.1958,110.367
110.0317,1772777100,110.2767,109.9756,110.2307
110.2698,1772777400,110.2994,109.9458,110.0172
110.1164,1772777700,110.4,110.0993,110.2492
110.2542,1772778000,110.2542,110.0665,110.1144
110.1977,1772778300,110.272,110.056,110.2469
110.2277,1772778600,110.3575,110.1347,110.2014
110.2588,1772778900,110.3305,110.1001,110.2275
110.3379,1772779200,110.4499,110.1955,110.2635
110.5839,1772779500,110.6675,110.3101,110.3377
110.614,1772779800,110.711,110.5371,110.5715
110.414,1772780100,110.608,110.387,110.608
110.2421,1772780400,110.4391,110.1732,110.42
110.1995,1772780700,110.3942,110.1886,110.2489
110.223,1772781000,110.4433,110.1915,110.1915
110.2004,1772781300,110.2961,110.1009,110.2161
110.4464,1772781600,110.4668,110.1904,110.2019
110.5909,1772781900,110.6105,110.3311,110.4388
110.5771,1772782200,110.7971,110.5535,110.5857
110.7482,1772782500,110.7544,110.5048,110.5741
110.7911,1772782800,110.8811,110.6614,110.7669
110.789,1772783100,110.8698,110.6266,110.786
110.7252,1772783400,110.8963,110.4608,110.7664
110.9596,1772783700,110.9701,110.7149,110.7155
110.8097,1772784000,110.9511,110.7496,110.9425
110.9359,1772784300,110.9983,110.7198,110.8185
111.2701,1772784600,111.3046,110.8796,110.9159
111.3725,1772784900,111.4755,111.2762,111.2762
111.3694,1772785200,111.4512,111.3198,111.381
111.5749,1772785500,111.7154,111.3517,111.3788
111.4533,1772785800,111.6148,111.4166,111.5689
111.3638,1772786100,111.5142,111.315,111.4309
111.4353,1772786400,111.5422,111.3518,111.3724
111.4889,1772786700,111.624,111.4119,111.4119
111.6686,1772787000,111.7269,111.4705,111.4956
111.7044,1772787300,111.9229,111.662,111.6779
111.6067,1772787600,111.7877,111.5305,111.7086
111.7925,1772787900,111.8632,111.5101,111.5898
112.0264,1772788200,112.1141,111.7474,111.778
111.7975,1772788500,112.0419,111.7551,112.0387
111.718,1772788800,111.8115,111.6262,111.7777
111.6091,1772789100,111.8356,111.5693,111.7306
111.5437,1772789400,111.7179,111.5192,111.6305
111.6054,1772789700,111.8019,111.5339,111.5515
111.5459,1772790000,111.6134,111.3642,111.6134
111.2639,1772790300,111.5421,111.2566,111.5401
110.9966,1772790600,111.2438,110.9844,111.2438
110.7126,1772790900,111.1083,110.711,110.975
111.101,1772791200,111.1635,110.7013,110.7013
111.0829,1772791500,111.2537,111.026,111.0977
110.9577,1772791800,111.099,110.8581,111.0584
111.1354,1772792100,111.162,110.8239,110.9542
110.8693,1772792400,111.1361,110.8669,111.1361
111.0109,1772792700,111.0209,110.715,110.867
110.7334,1772793000,111.0554,110.7334,111.0216
110.9385,1772793300,110.9855,110.7253,110.7297
111.109,1772793600,111.153,110.8975,110.9389
110.9203,1772793900,111.1232,110.8154,111.1232
110.8899,1772794200,111.0509,110.834,110.9131
110.8764,1772794500,111.0765,110.8315,110.8771
110.8899,1772794800,110.9452,110.7632,110.8621
110.9441,1772795100,111.0235,110.8548,110.8921
110.9628,1772795400,111.1306,110.9273,110.937
110.6646,1772795700,111.0084,110.6574,110.9813
110.5517,1772796000,110.6897,110.5004,110.6759
110.2928,1772796300,110.546,110.1424,110.5451
110.1008,1772796600,110.3632,109.9163,110.3124
109.9974,1772796900,110.1271,109.8551,110.1194
109.7973,1772797200,110.038,109.7776,109.9759
109.7733,1772797500,109.8914,109.7028,109.7859
109.8982,1772797800,109.9027,109.656,109.7465
109.9654,1772798100,109.985,109.8152,109.9054
109.7603,1772798400,109.9736,109.7163,109.9735
109.9696,1772798700,109.9813,109.7297,109.7409
109.7849,1772799000,109.9962,109.7115,109.9891
109.8001,1772799300,109.9478,109.7426,109.804
109.77,1772799600,109.9424,109.5946,109.8132
109.7965,1772799900,109.9297,109.6706,109.7639
109.7359,1772800200,109.8574,109.6535,109.7842
109.6161,1772800500,109.7753,109.5992,109.7411
109.7059,1772800800,109.7627,109.605,109.6173
109.7435,1772801100,109.8297,109.6371,109.7065
109.7348,1772801400,109.8424,109.6139,109.7549
109.5945,1772801700,109.7979,109.5423,109.7432
109.0815,1772802000,109.6617,109.0789,109.5993
109.0124,1772802300,109.2409,109.0124,109.0792
109.2718,1772802600,109.2789,108.9989,108.9989
109.4103,1772802900,109.4499,109.157,109.2797
109.2689,1772803200,109.4271,109.2689,109.4195
109.3872,1772803500,109.4101,109.1977,109.2914
109.3355,1772803800,109.3924,109.1338,109.3907
109.3691,1772804100,109.4696,109.3301,109.3618
109.2954,1772804400,109.5145,109.236,109.3716
109.3538,1772804700,109.5414,109.3048,109.3048
109.4803,1772805000,109.6583,109.3143,109.3672
109.3683,1772805300,109.6108,109.3431,109.4882
109.0323,1772805600,109.3638,109.0323,109.3638
108.9681,1772805900,109.0858,108.8646,109.0296
109.1779,1772806200,109.2307,108.9324,108.9495
109.1754,1772806500,109.1984,108.9215,109.1955
109.0459,1772806800,109.2434,109.029,109.1957
108.7784,1772807100,109.111,108.6693,109.0408
108.8127,1772807400,108.8844,108.7079,108.786
109.2353,1772807700,109.2353,108.8144,108.8296
109.3079,1772808000,109.4118,109.1103,109.2297
109.4808,1772808300,109.5338,109.217,109.3108
109.2151,1772808600,109.4809,109.1865,109.4809
108.9775,1772808900,109.2633,108.9775,109.1981
109.1917,1772809200,109.237,108.9126,108.955
109.4645,1772809500,109.4645,109.1778,109.1778
109.6455,1772809800,109.6455,109.3487,109.4932
109.4141,1772810100,109.633,109.2955,109.6239
109.1483,1772810400,109.3928,109.1368,109.3885
109.0224,1772810700,109.1857,108.9518,109.169
108.98,1772811000,109.0792,108.9212,109.0343
108.9063,1772811300,109.0134,108.8195,108.9892
109.0416,1772811600,109.0433,108.8529,108.8887
108.7179,1772811900,109.0803,108.699,109.063
108.8577,1772812200,108.9322,108.6809,108.7083
108.9809,1772812500,109.1639,108.8568,108.8568
108.9223,1772812800,109.0231,108.8522,108.9846
108.9521,1772813100,108.9742,108.6956,108.9355
109.0293,1772813400,109.0494,108.8197,108.9449
109.1054,1772813700,109.137,108.9018,109.0409
108.7666,1772814000,109.1342,108.7419,109.0918
108.9172,1772814300,108.9701,108.742,108.761
108.8218,1772814600,108.9354,108.7311,108.927
108.7197,1772814900,108.8994,108.6633,108.8297
108.914,1772815200,108.9221,108.6587,108.7176
108.903,1772815500,108.9547,108.7964,108.9027
108.6361,1772815800,108.9594,108.6188,108.895
108.4686,1772816100,108.6641,108.4036,108.6503
108.5719,1772816400,108.6132,108.354,108.4562
108.6487,1772816700,108.6849,108.4455,108.5713
108.7225,1772817000,108.8656,108.6322,108.6322
108.4735,1772817300,108.7799,108.4259,108.726
108.4332,1772817600,108.531,108.4148,108.4461
108.3016,1772817900,108.4995,108.2773,108.4489
108.5584,1772818200,108.5951,108.2695,108.3041
107.9726,1772818500,108.5916,107.9639,108.5635
107.9036,1772818800,108.0434,107.8187,107.9638
107.8212,1772819100,108.021,107.7708,107.9249
107.9213,1772819400,107.9794,107.6979,107.8326
107.6588,1772819700,107.9586,107.6198,107.8984
107.7491,1772820000,107.7889,107.5945,107.663
107.7582,1772820300,107.8894,107.646,107.7479
107.8622,1772820600,107.9212,107.738,107.7554
107.9194,1772820900,107.9734,107.7841,107.8689
107.8732,1772821200,108.1083,107.8575,107.903
108.0826,1772821500,108.1541,107.8631,107.8796
107.9788,1772821800,108.1675,107.9248,108.096
107.953,1772822100,108.1658,107.953,107.9593
107.9767,1772822400,108.0465,107.8351,107.9552
107.695,1772822700,108.1082,107.695,108.0035
107.6724,1772823000,107.7366,107.5236,107.6946
107.6168,1772823300,107.6955,107.5539,107.6684
107.3913,1772823600,107.5903,107.2556,107.5903
107.6004,1772823900,107.7497,107.3969,107.4136
107.4262,1772824200,107.6319,107.3461,107.6123
107.5093,1772824500,107.5858,107.3529,107.4369
107.3601,1772824800,107.5507,107.3601,107.5184
107.2782,1772825100,107.4888,107.2614,107.3608
107.3438,1772825400,107.3554,107.1886,107.2793
107.5094,1772825700,107.5926,107.3625,107.3696
107.568,1772826000,107.6472,107.4559,107.518
107.6563,1772826300,107.8213,107.5497,107.5695
107.6172,1772826600,107.816,107.5921,107.6523
107.6795,1772826900,107.7636,107.5977,107.6129
107.7171,1772827200,107.8187,107.6563,107.6792
107.8358,1772827500,107.8883,107.679,107.7119
108.0464,1772827800,108.1539,107.8244,107.8408
108.0902,1772828100,108.19,108.0341,108.0341
108.0788,1772828400,108.2435,108.0788,108.0919
107.8932,1772828700,108.0877,107.8353,108.0877
107.857,1772829000,107.9651,107.7819,107.8978
107.912,1772829300,108.0296,107.852,107.8587
107.7427,1772829600,107.9509,107.6851,107.9161
107.8503,1772829900,107.8788,107.6866,107.7244
107.8771,1772830200,107.9286,107.7795,107.8472
107.847,1772830500,107.8898,107.7296,107.8638
107.6454,1772830800,107.898,107.6023,107.8344
107.4063,1772831100,107.6501,107.4063,107.6472
107.4284,1772831400,107.5166,107.3307,107.3955
107.5169,1772831700,107.5458,107.3904,107.4414
107.6735,1772832000,107.7251,107.5225,107.5402
107.6671,1772832300,107.8078,107.5882,107.651
107.7876,1772832600,107.801,107.5394,107.6646
107.9088,1772832900,107.9194,107.6118,107.7865
108.0521,1772833200,108.0757,107.748,107.8984
108.1333,1772833500,108.1707,108.0219,108.0379
107.8976,1772833800,108.1285,107.8788,108.1187
107.8633,1772834100,107.9134,107.6498,107.8811
107.6589,1772834400,107.9033,107.6585,107.8798
107.7035,1772834700,107.8022,107.6099,107.6648
107.6676,1772835000,107.7985,107.6456,107.7031
107.5385,1772835300,107.6931,107.4732,107.6656
107.4127,1772835600,107.5691,107.3213,107.5506
107.3765,1772835900,107.4823,107.3196,107.417
107.3528,1772836200,107.3959,107.1522,107.3704
107.4209,1772836500,107.607,107.3071,107.3759
107.4872,1772836800,107.4927,107.3715,107.4446
107.6101,1772837100,107.6197,107.4556,107.5002
107.6305,1772837400,107.6753,107.4846,107.6054
107.4626,1772837700,107.6549,107.4116,107.609
107.3011,1772838000,107.5677,107.2932,107.4867
107.4748,1772838300,107.4877,107.2741,107.2961
107.5008,1772838600,107.6868,107.4461,107.5022
107.4043,1772838900,107.6173,107.3943,107.5145
107.6325,1772839200,107.6325,107.3846,107.413
107.6342,1772839500,107.6851,107.5326,107.6455
107.7417,1772839800,107.7417,107.5525,107.6409
107.6008,1772840100,107.7886,107.5637,107.7376
107.8626,1772840400,107.9399,107.6065,107.622
108.1348,1772840700,108.155,107.8529,107.862
107.8762,1772841000,108.1535,107.8242,108.1286
107.9327,1772841300,108.0588,107.8338,107.8462
107.7375,1772841600,107.9836,107.6452,107.9233
107.845,1772841900,107.8658,107.7196,107.7283
107.9645,1772842200,108.0182,107.8261,107.8581
107.8507,1772842500,107.9795,107.8002,107.9795
107.7597,1772842800,107.9537,107.7597,107.8382
107.989,1772843100,108.0291,107.7561,107.7561
107.9679,1772843400,108.1666,107.8995,108.0083
108.0338,1772843700,108.0471,107.8876,107.9605
108.1903,1772844000,108.2777,108.0003,108.0508
108.1365,1772844300,108.3001,108.1328,108.1967
108.0785,1772844600,108.1363,107.9668,108.1363
108.3208,1772844900,108.3773,108.0888,108.0888
108.2417,1772845200,108.3497,108.1651,108.3395
108.248,1772845500,108.367,108.2176,108.2356
108.3582,1772845800,108.5243,108.2701,108.2842
108.2182,1772846100,108.3859,108.132,108.3631
108.4747,1772846400,108.5636,108.2394,108.2436
108.4058,1772846700,108.5968,108.3502,108.4895
108.4357,1772847000,108.5252,108.3501,108.4194
108.2695,1772847300,108.4811,108.1805,108.4465
108.2956,1772847600,108.5252,108.2363,108.2596
108.003,1772847900,108.322,107.9539,108.2938
108.2612,1772848200,108.2877,107.9156,108.0012
108.2853,1772848500,108.4055,108.1656,108.2683
108.1485,1772848800,108.3539,108.106,108.2844
108.3269,1772849100,108.339,108.0589,108.1478
108.3919,1772849400,108.4246,108.2648,108.3093
108.4983,1772849700,108.5617,108.2505,108.3927
108.4963,1772850000,108.5192,108.3072,108.5045
108.723,1772850300,108.7305,108.4717,108.5068
108.8208,1772850600,108.8385,108.6188,108.7308
108.7316,1772850900,108.8986,108.674,108.8173
108.601,1772851200,108.7937,108.5881,108.7531
108.6279,1772851500,108.7409,108.4467,108.6158
108.8154,1772851800,108.8246,108.6036,108.6264
108.7019,1772852100,108.9436,108.6932,108.8056
108.8181,1772852400,108.8465,108.6056,108.7281
108.6351,1772852700,108.8492,108.5666,108.8075
108.489,1772853000,108.6575,108.3573,108.6529
108.4453,1772853300,108.5982,108.4019,108.4736
108.2591,1772853600,108.5073,108.1744,108.4372
108.0753,1772853900,108.3209,108.0419,108.2677
107.7851,1772854200,108.0998,107.7728,108.0843
107.8034,1772854500,107.8825,107.763,107.7782
107.7903,1772854800,107.9375,107.6956,107.789
107.6158,1772855100,107.824,107.5097,107.7767
107.5516,1772855400,107.6657,107.526,107.6378
107.6607,1772855700,107.6818,107.5312,107.5512
107.921,1772856000,107.9332,107.6619,107.6619
107.8155,1772856300,107.9789,107.7513,107.9092
108.1335,1772856600,108.1724,107.8269,107.8353
108.0923,1772856900,108.2479,108.0923,108.1422
108.0399,1772857200,108.1393,107.9075,108.1145
107.9568,1772857500,108.1379,107.9186,108.03
108.0965,1772857800,108.1424,107.9128,107.9494
108.1327,1772858100,108.2554,108.0376,108.0946
108.1484,1772858400,108.1721,107.9195,108.153
108.1045,1772858700,108.2621,108.1045,108.1429
108.1514,1772859000,108.227,108.0724,108.1298
108.2786,1772859300,108.3656,108.1539,108.1539
108.2885,1772859600,108.2885,108.1125,108.2582
107.998,1772859900,108.3113,107.9726,108.288
107.8726,1772860200,108.0489,107.6973,107.9993
107.8368,1772860500,108.0393,107.7472,107.909
107.6297,1772860800,107.9263,107.6291,107.8244
107.672,1772861100,107.7543,107.5235,107.6302
107.3815,1772861400,107.7065,107.3409,107.7065
107.3314,1772861700,107.4003,107.185,107.3676
107.3239,1772862000,107.488,107.3199,107.3429
107.293,1772862300,107.3915,107.2234,107.3168
107.2334,1772862600,107.3155,107.1975,107.3
107.0882,1772862900,107.2783,107.0358,107.2583
107.2118,1772863200,107.2768,107.0773,107.0822
107.3813,1772863500,107.521,107.1932,107.1932
107.4881,1772863800,107.4881,107.266,107.3494
107.3404,1772864100,107.657,107.3261,107.4698
107.5896,1772864400,107.6787,107.3247,107.3327
107.6417,1772864700,107.7815,107.5887,107.6231
107.7587,1772865000,107.7695,107.5624,107.6438
107.566,1772865300,107.768,107.5255,107.768
107.686,1772865600,107.6947,107.506,107.5586
107.7578,1772865900,107.7988,107.5687,107.6858
107.5657,1772866200,107.756,107.5046,107.756
107.5684,1772866500,107.6589,107.516,107.5739
107.7064,1772866800,107.749,107.5405,107.5702
107.7952,1772867100,107.9047,107.6971,107.7149
107.6416,1772867400,107.8165,107.5944,107.798
107.6783,1772867700,107.8528,107.5892,107.6297
107.5288,1772868000,107.6857,107.4969,107.6857
107.5314,1772868300,107.5314,107.3075,107.5055
107.4396,1772868600,107.552,107.4027,107.5132
107.4698,1772868900,107.4883,107.3185,107.4431
107.8173,1772869200,107.8681,107.461,107.4875
107.9241,1772869500,108.0287,107.7841,107.8132
107.7303,1772869800,107.9411,107.7228,107.912
107.9069,1772870100,107.9069,107.7034,107.7163
107.7895,1772870400,107.9286,107.7244,107.9024
107.5156,1772870700,107.8217,107.5156,107.7745
107.7924,1772871000,107.8589,107.4401,107.5058
107.9492,1772871300,107.9667,107.7817,107.812
107.8192,1772871600,107.9757,107.8192,107.947
107.8011,1772871900,107.9455,107.7742,107.8072
107.7078,1772872200,107.9294,107.674,107.7754
107.8272,1772872500,107.8272,107.5606,107.7066
107.897,1772872800,108.0492,107.8228,107.8358
107.8356,1772873100,107.9082,107.7126,107.8913
107.5938,1772873400,107.874,107.5694,107.8343
107.5158,1772873700,107.6963,107.4758,107.5852
107.8553,1772874000,107.8553,107.5192,107.5205
108.046,1772874300,108.0572,107.8197,107.885
108.2191,1772874600,108.2191,107.9842,108.0627
108.3033,1772874900,108.3697,108.2016,108.2097
108.3423,1772875200,108.4422,108.2958,108.3089
108.3004,1772875500,108.5245,108.2945,108.3457
108.4235,1772875800,108.5483,108.2776,108.2961
108.2266,1772876100,108.4395,108.2244,108.4393
108.3135,1772876400,108.3803,108.1596,108.2146
108.5768,1772876700,108.5896,108.3085,108.3085
108.7996,1772877000,108.8594,108.5205,108.5655
108.7011,1772877300,108.8341,108.6884,108.7806
108.6308,1772877600,108.7087,108.5134,108.7087
108.4843,1772877900,108.6664,108.4618,108.6272
108.612,1772878200,108.7216,108.469,108.4715
108.8307,1772878500,108.8418,108.5238,108.5984
108.4915,1772878800,108.8771,108.4735,108.813
108.4726,1772879100,108.5313,108.406,108.5013
108.0169,1772879400,108.4788,107.9847,108.4788
108.0424,1772879700,108.1392,107.886,107.9971
108.0728,1772880000,108.1115,107.952,108.0394
107.84,1772880300,108.0861,107.7469,108.0861
107.8366,1772880600,107.9189,107.6886,107.8501
107.6152,1772880900,107.8412,107.5402,107.8125
107.9902,1772881200,108.0161,107.612,107.6378
107.7839,1772881500,108.0554,107.7496,107.9661
107.8083,1772881800,107.8524,107.6604,107.7641
107.7579,1772882100,107.9412,107.7262,107.798
108.016,1772882400,108.1742,107.7172,107.7585
107.8097,1772882700,108.0584,107.8097,108.0263
107.9322,1772883000,107.9758,107.7876,107.8111
107.9932,1772883300,108.0796,107.9127,107.9143
107.9544,1772883600,108.0871,107.8999,107.986
107.6082,1772883900,107.9474,107.5823,107.9374
107.7256,1772884200,107.7814,107.5895,107.6163
107.6771,1772884500,107.7912,107.5701,107.7308
107.6846,1772884800,107.7502,107.5223,107.675
107.7889,1772885100,107.7889,107.4657,107.6898
107.6868,1772885400,107.9482,107.6787,107.7855
107.6894,1772885700,107.8885,107.6572,107.6867
107.5794,1772886000,107.7954,107.5794,107.6765
107.5017,1772886300,107.725,107.5017,107.5769
107.5836,1772886600,107.6886,107.4559,107.4814
107.9702,1772886900,108.0508,107.5744,107.5759
107.9305,1772887200,108.0343,107.8686,107.9738
107.9231,1772887500,108.058,107.8805,107.9524
107.5728,1772887800,107.9562,107.5728,107.9081
107.4983,1772888100,107.7197,107.4597,107.5694
107.4777,1772888400,107.6852,107.4526,107.5025
107.6098,1772888700,107.6686,107.4722,107.4722
107.7478,1772889000,107.9058,107.588,107.6132
107.6378,1772889300,107.7968,107.5738,107.7302
107.6142,1772889600,107.6266,107.5296,107.6196
107.4627,1772889900,107.7023,107.4194,107.606
107.5244,1772890200,107.6396,107.4077,107.4737
107.7599,1772890500,107.7778,107.5115,107.5319
107.7363,1772890800,107.8018,107.63,107.7373
107.5586,1772891100,107.8431,107.5586,107.7595
107.7221,1772891400,107.7289,107.4778,107.5712
107.6348,1772891700,107.7907,107.6266,107.7178
107.8141,1772892000,107.8346,107.577,107.6346
107.4555,1772892300,107.8233,107.4376,107.8233
107.2658,1772892600,107.5565,107.2444,107.4592
107.3635,1772892900,107.4529,107.1564,107.271
107.2069,1772893200,107.4373,107.0384,107.3695
107.1866,1772893500,107.2654,107.1429,107.2144
107.0294,1772893800,107.1779,106.9777,107.1635
107.1604,1772894100,107.2426,106.9821,107.0468
107.075,1772894400,107.2171,107.0355,107.1369
107.1677,1772894700,107.1772,107.0276,107.0733
107.2708,1772895000,107.2708,107.0741,107.1546
107.4153,1772895300,107.4153,107.2239,107.2802
107.6065,1772895600,107.643,107.3946,107.4209
107.6367,1772895900,107.8307,107.5754,107.604
107.4918,1772896200,107.6463,107.3822,107.6452
107.4619,1772896500,107.5171,107.332,107.4992
107.3789,1772896800,107.4787,107.2355,107.456
107.4199,1772897100,107.4579,107.2569,107.3543
107.6237,1772897400,107.6766,107.367,107.4304
107.9196,1772897700,107.9481,107.6567,107.6567
107.9378,1772898000,108.0002,107.8582,107.922
107.8582,1772898300,107.979,107.7864,107.9598
107.8094,1772898600,108.0334,107.779,107.8666
108.0003,1772898900,108.163,107.7808,107.8197
108.0478,1772899200,108.113,107.961,107.9918
107.9271,1772899500,108.1131,107.8728,108.0605
108.0598,1772899800,108.0634,107.9003,107.9403
108.1873,1772900100,108.2466,108.0216,108.0566
108.3277,1772900400,108.3392,108.1325,108.1581
108.4986,1772900700,108.5417,108.2392,108.3206
108.6599,1772901000,108.7464,108.468,108.491
108.7216,1772901300,108.7577,108.6052,108.685
108.6466,1772901600,108.7568,108.6282,108.7125
108.4156,1772901900,108.7836,108.3794,108.6406
108.411,1772902200,108.527,108.3511,108.419
108.5076,1772902500,108.6519,108.3755,108.414
108.5806,1772902800,108.5922,108.4111,108.5072
108.4696,1772903100,108.653,108.3814,108.5975
108.4974,1772903400,108.5184,108.3283,108.452
108.3774,1772903700,108.5447,108.3426,108.4994
108.5398,1772904000,108.6055,108.3729,108.3828
108.5225,1772904300,108.6029,108.4641,108.5456
108.5181,1772904600,108.6089,108.3454,108.5321
108.2452,1772904900,108.5853,108.2264,108.5226
108.4339,1772905200,108.4354,108.2365,108.2507
108.4152,1772905500,108.4344,108.3031,108.4055
108.4743,1772905800,108.4821,108.3451,108.4222
108.6113,1772906100,108.6113,108.4367,108.4573
108.5527,1772906400,108.6622,108.451,108.6081
108.63,1772906700,108.6616,108.537,108.5397
108.5411,1772907000,108.6935,108.4641,108.6141
108.3267,1772907300,108.5445,108.2854,108.5328
108.2624,1772907600,108.4336,108.1256,108.334
108.1864,1772907900,108.3418,108.1084,108.2698
108.1797,1772908200,108.2944,108.1314,108.1638
107.9873,1772908500,108.2642,107.9769,108.1808
107.7579,1772908800,108.0261,107.6846,107.9766
107.8153,1772909100,107.8193,107.6154,107.765
107.9762,1772909400,107.997,107.752,107.8112
108.0932,1772909700,108.1049,107.8502,107.9817
107.9973,1772910000,108.1644,107.9973,108.1106
107.8322,1772910300,107.9972,107.7401,107.9972
107.8726,1772910600,107.9226,107.7552,107.823
107.9224,1772910900,107.9832,107.8136,107.8713
107.8701,1772911200,108.0374,107.8362,107.9178
108.033,1772911500,108.1001,107.8179,107.8668
108.3377,1772911800,108.3388,108.0348,108.0428
108.0713,1772912100,108.4078,108.0079,108.3469
108.1312,1772912400,108.1761,107.9417,108.0749
108.2306,1772912700,108.2306,107.962,108.1368
108.2665,1772913000,108.2665,108.0966,108.241
108.263,1772913300,108.3341,108.1631,108.2824
108.4032,1772913600,108.5366,108.2752,108.2752
108.5073,1772913900,108.5325,108.3827,108.4261
108.4425,1772914200,108.6301,108.4339,108.5103
108.457,1772914500,108.5082,108.3679,108.4598
108.2567,1772914800,108.6116,108.242,108.4506
108.3052,1772915100,108.3642,108.1007,108.2649
108.2852,1772915400,108.3817,108.2374,108.2954
108.3162,1772915700,108.4463,108.2749,108.2934
108.15,1772916000,108.384,108.0289,108.3242
108.0321,1772916300,108.2963,108.0321,108.1792
108.1866,1772916600,108.1972,107.8645,108.0358
107.9357,1772916900,108.1803,107.892,108.1803
108.1063,1772917200,108.1063,107.8039,107.9247
108.1424,1772917500,108.1967,108.0461,108.1027
107.7855,1772917800,108.1569,107.7159,108.1569
107.7295,1772918100,107.8886,107.6722,107.783
107.6068,1772918400,107.8249,107.5784,107.7183
107.5855,1772918700,107.6807,107.4202,107.5785
107.8031,1772919000,107.8596,107.5804,107.5813
107.3739,1772919300,107.8525,107.2883,107.8208
107.4641,1772919600,107.6168,107.3584,107.3851
107.6001,1772919900,107.7223,107.449,107.4617
107.5601,1772920200,107.6838,107.5154,107.6075
107.5028,1772920500,107.5866,107.4348,107.5722
107.4784,1772920800,107.5648,107.4235,107.5087
107.3592,1772921100,107.6293,107.3384,107.4978
107.3373,1772921400,107.3642,107.1958,107.3575
107.4328,1772921700,107.565,107.3292,107.3292
107.183,1772922000,107.431,107.1086,107.431
107.2893,1772922300,107.4761,107.1884,107.1884
107.284,1772922600,107.3493,107.206,107.305
107.3479,1772922900,107.4296,107.1618,107.2889
107.1692,1772923200,107.3401,107.1651,107.3307
107.1369,1772923500,107.2789,107.0627,107.1887
107.3301,1772923800,107.3913,107.1431,107.1442
107.3486,1772924100,107.4203,107.1677,107.3299
107.5485,1772924400,107.5836,107.2741,107.3466
107.4469,1772924700,107.5685,107.4163,107.5507
107.3307,1772925000,107.5512,107.2862,107.4502
107.3598,1772925300,107.4673,107.2261,107.3125
107.3016,1772925600,107.4861,107.2238,107.3563
107.3943,1772925900,107.4583,107.2979,107.311
107.1315,1772926200,107.471,107.1315,107.4134
107.3523,1772926500,107.3945,107.0431,107.1496
107.3839,1772926800,107.4077,107.2304,107.3492
107.5829,1772927100,107.5885,107.3018,107.3866
108.1223,1772927400,108.1322,107.5734,107.5734
108.249,1772927700,108.3561,108.1352,108.1458
108.5289,1772928000,108.5676,108.2395,108.2454
108.3138,1772928300,108.5448,108.2951,108.5174
108.4753,1772928600,108.5206,108.2295,108.3141
108.4278,1772928900,108.501,108.3603,108.4593
108.5391,1772929200,108.5391,108.312,108.419
108.7595,1772929500,108.7616,108.4168,108.5505
108.8594,1772929800,108.8957,108.7025,108.7501
108.8599,1772930100,108.9066,108.7405,108.8656
109.1842,1772930400,109.2607,108.8268,108.8517
109.34,1772930700,109.3589,109.1788,109.2184
109.4607,1772931000,109.5017,109.3313,109.3651
109.5101,1772931300,109.6188,109.4554,109.4634
109.455,1772931600,109.5798,109.4231,109.4992
109.4194,1772931900,109.467,109.2826,109.4231
109.6017,1772932200,109.6553,109.3781,109.4207
109.3718,1772932500,109.6979,109.3523,109.6055
109.5502,1772932800,109.5787,109.3265,109.3849
109.2555,1772933100,109.6186,109.2319,109.5584
109.3616,1772933400,109.5225,109.2504,109.2504
109.4253,1772933700,109.6308,109.3523,109.3523
109.4537,1772934000,109.4786,109.2386,109.4214
109.7001,1772934300,109.7129,109.4258,109.4496
109.7566,1772934600,109.8179,109.6508,109.7067
109.7865,1772934900,109.9449,109.6584,109.7584
109.6799,1772935200,109.8254,109.5927,109.8051
109.4634,1772935500,109.6869,109.4161,109.6718
109.4718,1772935800,109.5532,109.3833,109.4551
109.6103,1772936100,109.6632,109.4919,109.4968
109.617,1772936400,109.6358,109.4366,109.605
109.5157,1772936700,109.6487,109.4745,109.627
109.5192,1772937000,109.6317,109.3601,109.5356
109.5786,1772937300,109.8196,109.5234,109.5409
109.4885,1772937600,109.6718,109.4885,109.5848
109.3265,1772937900,109.5172,109.2954,109.4879
109.0824,1772938200,109.3401,109.0824,109.3365
109.2465,1772938500,109.3252,109.0715,109.0779
109.3492,1772938800,109.3704,109.0752,109.2527
109.5156,1772939100,109.6093,109.1823,109.3654
109.3973,1772939400,109.5765,109.3498,109.5184
109.7314,1772939700,109.7794,109.4109,109.4109
109.7358,1772940000,109.8664,109.7303,109.7373
109.9425,1772940300,109.9731,109.7175,109.7417
110.2882,1772940600,110.2882,109.8883,109.947
110.4791,1772940900,110.5636,110.3009,110.3009
110.4614,1772941200,110.4975,110.3041,110.4787
110.5199,1772941500,110.5753,110.3654,110.4508
110.5526,1772941800,110.6713,110.4068,110.5066
110.7639,1772942100,110.8048,110.4728,110.5433
110.8199,1772942400,110.8557,110.6461,110.7731
111.0612,1772942700,111.1753,110.8034,110.8294
110.9249,1772943000,111.0602,110.8887,111.0434
111.0379,1772943300,111.1472,110.9169,110.9362
110.9358,1772943600,111.0442,110.7905,111.0442
110.6434,1772943900,110.923,110.6011,110.908
110.7389,1772944200,110.7541,110.5269,110.6532
110.637,1772944500,110.7847,110.6071,110.7168
110.5809,1772944800,110.7193,110.528,110.6437
110.8997,1772945100,110.9287,110.5769,110.5817
110.7672,1772945400,110.8975,110.7,110.8605
110.9184,1772945700,110.9521,110.7425,110.7636
111.1242,1772946000,111.1525,110.8886,110.9174
110.8473,1772946300,111.1213,110.8454,111.1213
110.5995,1772946600,110.8562,110.5935,110.8562
110.6677,1772946900,110.8067,110.6021,110.6021
110.5666,1772947200,110.7234,110.5585,110.6804
110.729,1772947500,110.731,110.4917,110.5477
110.6097,1772947800,110.9449,110.6097,110.6976
110.8356,1772948100,110.8877,110.5625,110.6297
111.037,1772948400,111.0677,110.7872,110.8481
110.8259,1772948700,111.0786,110.6946,111.0278
110.676,1772949000,110.899,110.6718,110.8439
110.5693,1772949300,110.7353,110.459,110.7016
110.3785,1772949600,110.5714,110.3381,110.5656
110.5283,1772949900,110.6304,110.3086,110.366
110.4269,1772950200,110.5495,110.3373,110.5248
110.6041,1772950500,110.6159,110.4163,110.4163
110.6899,1772950800,110.6979,110.5598,110.5924
110.7007,1772951100,110.7841,110.577,110.6917
110.701,1772951400,110.7994,110.5909,110.7026
110.4815,1772951700,110.6748,110.4369,110.6748
110.5726,1772952000,110.6176,110.4263,110.4903
110.8589,1772952300,110.88,110.5054,110.5643
110.6433,1772952600,110.8664,110.6093,110.8641
110.507,1772952900,110.7327,110.389,110.6435
110.7836,1772953200,110.8489,110.4857,110.5113
110.5068,1772953500,110.83,110.5001,110.8166
110.3456,1772953800,110.4909,110.2605,110.4909
110.4791,1772954100,110.4791,110.2245,110.3522
110.5097,1772954400,110.6931,110.3897,110.4915
110.6546,1772954700,110.7558,110.4657,110.504
110.7648,1772955000,110.9641,110.6292,110.6636
110.7397,1772955300,110.7951,110.5612,110.7431
110.6733,1772955600,110.7562,110.5528,110.7346
110.4839,1772955900,110.69,110.4839,110.69
110.7419,1772956200,110.8037,110.4724,110.4903
110.7535,1772956500,110.8549,110.61,110.7076
111.1354,1772956800,111.1416,110.7693,110.7736
111.0756,1772957100,111.1538,110.9725,111.1293
111.3336,1772957400,111.3458,111.063,111.075
111.2097,1772957700,111.3517,111.1526,111.3428
111.2554,1772958000,111.2824,111.0876,111.2158
111.1846,1772958300,111.3269,111.118,111.2389
110.9405,1772958600,111.229,110.9405,111.2093
110.4505,1772958900,110.9277,110.4425,110.9277
110.6341,1772959200,110.7196,110.4403,110.449
110.5873,1772959500,110.6614,110.5283,110.6283
111.0417,1772959800,111.1448,110.602,110.602
110.9912,1772960100,111.0793,110.895,111.0274
110.9436,1772960400,111.1456,110.937,110.9911
111.0808,1772960700,111.1712,110.915,110.9378
110.9784,1772961000,111.0876,110.9301,111.0876
110.7808,1772961300,111.012,110.7168,110.9997
110.8438,1772961600,110.9085,110.7184,110.7699
111.0514,1772961900,111.0796,110.8319,110.8319
110.8877,1772962200,111.0655,110.843,111.0572
111.0537,1772962500,111.1828,110.7929,110.8805
110.9799,1772962800,111.0855,110.8709,111.0535
110.8215,1772963100,111.0323,110.8042,110.9682
110.7308,1772963400,110.8151,110.5924,110.8151
110.6056,1772963700,110.9347,110.6056,110.7457
110.4504,1772964000,110.6916,110.4307,110.605
110.3516,1772964300,110.5344,110.3235,110.4413
110.4418,1772964600,110.4938,110.3219,110.3674
110.5965,1772964900,110.6061,110.3705,110.4556
110.487,1772965200,110.6311,110.4372,110.5856
110.496,1772965500,110.5513,110.3335,110.4879
110.6613,1772965800,110.6613,110.4616,110.5164
110.5494,1772966100,110.7155,110.5009,110.6394
110.4773,1772966400,110.5519,110.341,110.5519
110.4351,1772966700,110.6078,110.4229,110.4757
110.5254,1772967000,110.6875,110.4252,110.4579
110.4817,1772967300,110.5755,110.4521,110.5119
110.3971,1772967600,110.5592,110.3725,110.4861
110.5191,1772967900,110.5741,110.2753,110.3908
110.2573,1772968200,110.5324,110.2461,110.502
110.4373,1772968500,110.4502,110.1732,110.2744
110.415,1772968800,110.54,110.3801,110.4223
110.3856,1772969100,110.5004,110.3523,110.3975
110.4257,1772969400,110.5025,110.3396,110.3903
110.4343,1772969700,110.5795,110.4028,110.428
110.3282,1772970000,110.5224,110.2923,110.4443
110.3741,1772970300,110.4445,110.126,110.331
110.3286,1772970600,110.4026,110.2236,110.3737
110.2969,1772970900,110.3975,110.188,110.3254
110.4112,1772971200,110.4176,109.946,110.2929
110.5067,1772971500,110.5435,110.3788,110.4309
110.4627,1772971800,110.5421,110.3653,110.5077
110.2444,1772972100,110.5193,110.2444,110.4572
110.3049,1772972400,110.3715,110.1978,110.2304
110.5866,1772972700,110.6386,110.318,110.3325
110.5216,1772973000,110.5649,110.4113,110.5428
110.6085,1772973300,110.6968,110.5148,110.5387
110.7725,1772973600,110.7956,110.5765,110.5993
110.5418,1772973900,110.8127,110.5171,110.7725
110.7563,1772974200,110.7563,110.4493,110.5668
110.8418,1772974500,110.9748,110.7378,110.7674
110.7391,1772974800,110.8614,110.5647,110.8614
110.7203,1772975100,110.8209,110.6911,110.7495
110.6843,1772975400,110.7725,110.5759,110.7061
110.6564,1772975700,110.7698,110.5318,110.6746
110.6716,1772976000,110.801,110.6046,110.6512
110.5988,1772976300,110.7307,110.5356,110.6704
110.8335,1772976600,110.8571,110.6007,110.6043
110.8379,1772976900,110.8687,110.6455,110.8329
110.9142,1772977200,111.0527,110.7407,110.8223
111.1924,1772977500,111.2275,110.9096,110.91
111.2843,1772977800,111.3289,111.0681,111.1832
110.9879,1772978100,111.3691,110.9531,111.2781
111.0458,1772978400,111.2039,110.9763,110.9913
111.017,1772978700,111.1637,110.9469,111.044
111.0867,1772979000,111.0871,110.9069,111.0076
111.1459,1772979300,111.192,111.0308,111.1039
111.3873,1772979600,111.4198,111.1043,111.1583
111.2948,1772979900,111.5215,111.2948,111.3953
111.2341,1772980200,111.3896,111.1539,111.2957
111.0902,1772980500,111.245,110.9949,111.245
111.4797,1772980800,111.4822,111.1013,111.1032
111.4184,1772981100,111.6056,111.3777,111.4993
111.5459,1772981400,111.5766,111.3636,111.4087
111.7148,1772981700,111.7322,111.431,111.5331
111.9059,1772982000,111.9059,111.604,111.7558
111.9614,1772982300,112.1122,111.8613,111.8929
112.1492,1772982600,112.1492,111.9269,111.9582
112.2813,1772982900,112.2813,112.047,112.1647
112.3045,1772983200,112.3352,112.1459,112.296
112.1116,1772983500,112.3229,112.0397,112.2822
111.9635,1772983800,112.1825,111.7752,112.1141
111.9637,1772984100,112.0655,111.9108,111.9634
111.8685,1772984400,112.0216,111.8303,111.9618
111.6729,1772984700,111.8822,111.5673,111.8738
111.6364,1772985000,111.7513,111.5956,111.6808
111.5326,1772985300,111.698,111.4508,111.6458
111.7929,1772985600,111.8175,111.484,111.5085
111.5399,1772985900,111.8032,111.5098,111.7815
111.3833,1772986200,111.5402,111.3583,111.5375
111.5066,1772986500,111.525,111.3582,111.3836
