close,epoch,high,low,open
34889.5995,1772295600,34897.2431,34799.7298,34890.1559
34849.4022,1772295900,34940.0107,34845.2568,34888.3503
34931.8965,1772296200,34940.828,34812.6213,34854.2849
34942.5831,1772296500,34963.9099,34857.7398,34933.7482
35145.7209,1772296800,35145.7209,34909.6408,34941.9299
34907.4596,1772297100,35145.7372,34885.736,35138.5161
34939.631,1772297400,34964.1445,34854.1389,34908.9795
34949.3812,1772297700,34970.1791,34859.1235,34936.8266
34867.6242,1772298000,34951.8994,34823.7419,34950.91
34811.675,1772298300,34920.417,34798.1692,34858.1715
34856.9431,1772298600,34896.9002,34802.9504,34816.5724
34971.7617,1772298900,34992.1003,34804.1183,34861.8364
34964.395,1772299200,35001.0473,34906.6231,34965.7037
35046.1324,1772299500,35046.1324,34929.4852,34974.8671
35070.8085,1772299800,35147.495,35039.7567,35050.706
34934.8461,1772300100,35132.9627,34933.8469,35055.9673
34826.8292,1772300400,34968.897,34819.6492,34941.0973
34834.123,1772300700,34860.6013,34732.0822,34831.7135
34952.8709,1772301000,34955.0348,34846.5136,34851.8649
34986.9206,1772301300,34986.9206,34890.3838,34955.7225
35099.8651,1772301600,35105.9441,34958.8949,34993.9732
35096.301,1772301900,35128.7493,34991.677,35106.9001
35188.9677,1772302200,35234.5,35100.4398,35100.4398
35022.6898,1772302500,35184.4272,35011.7591,35182.6525
35080.2828,1772302800,35080.2828,34978.8384,35011.0616
35178.2583,1772303100,35219.4205,35074.2443,35086.4206
35071.538,1772303400,35198.0885,35071.538,35182.6663
35135.9926,1772303700,35143.3601,35013.2258,35081.773
35146.9878,1772304000,35210.4038,35107.0767,35131.2292
35180.7816,1772304300,35197.9465,35112.6205,35144.2781
35204.1997,1772304600,35234.9114,35166.1556,35193.6066
35196.7732,1772304900,35206.2158,35061.006,35206.2158
35206.0697,1772305200,35246.8221,35152.6568,35202.688
35148.4076,1772305500,35222.2055,35137.2798,35203.1322
35100.2042,1772305800,35153.685,35067.0224,35152.4202
35097.0568,1772306100,35155.662,35017.1905,35093.5613
35114.1476,1772306400,35163.0522,35055.433,35107.1426
35167.8751,1772306700,35193.9476,35077.0816,35111.273
35092.9017,1772307000,35184.4811,35063.7046,35163.7683
35160.9952,1772307300,35209.7232,35087.9403,35094.2488
35238.6298,1772307600,35267.7736,35119.6173,35162.0329
35361.5466,1772307900,35364.8754,35164.446,35239.6306
35305.7224,1772308200,35375.9074,35266.1179,35358.7758
35364.8571,1772308500,35364.8571,35290.7142,35310.9404
35269.4392,1772308800,35372.9569,35243.8497,35372.9569
35271.2763,1772309100,35306.0792,35191.2479,35265.8124
35279.6664,1772309400,35330.6544,35236.3167,35267.4285
35213.9189,1772309700,35318.6162,35195.8467,35267.6271
35201.2857,1772310000,35268.1066,35164.8284,35211.0298
35249.3148,1772310300,35258.4709,35165.6767,35199.9059
35312.6773,1772310600,35352.6953,35228.8528,35241.8874
35327.6028,1772310900,35375.8874,35273.5637,35305.4863
35374.2318,1772311200,35451.6273,35309.0847,35327.4399
35373.2971,1772311500,35409.9466,35272.2517,35363.5826
35353.0173,1772311800,35444.6475,35313.1828,35375.4045
35341.8258,1772312100,35403.6514,35287.32,35367.692
35233.2506,1772312400,35416.3396,35219.9028,35340.1201
35269.132,1772312700,35316.5628,35203.8552,35232.3233
35344.7731,1772313000,35348.6427,35255.0338,35271.7261
35324.2939,1772313300,35374.8776,35301.4679,35331.4666
35229.3338,1772313600,35352.141,35229.3338,35320.1259
35309.4806,1772313900,35339.5144,35212.4429,35230.2446
35305.885,1772314200,35340.135,35257.6206,35312.8291
35265.3406,1772314500,35353.2748,35265.3406,35317.7572
35159.7358,1772314800,35255.7884,35114.5252,35255.7884
35198.7632,1772315100,35229.391,35118.8254,35175.9775
35172.0285,1772315400,35230.7349,35145.4526,35196.1624
35232.5562,1772315700,35253.055,35164.5374,35173.2293
35298.4582,1772316000,35301.2702,35148.6661,35222.1333
35236.9234,1772316300,35325.9784,35236.9234,35295.8697
35259.7097,1772316600,35277.4858,35226.1619,35239.6887
35270.0715,1772316900,35297.9995,35214.5265,35262.707
35347.8524,1772317200,35416.2871,35247.535,35272.4247
35286.1793,1772317500,35353.077,35256.8626,35336.7638
35357.1786,1772317800,35360.6766,35246.0546,35283.2031
35231.9257,1772318100,35381.3882,35222.9684,35360.2242
35280.0094,1772318400,35280.0094,35188.2044,35224.99
35159.23,1772318700,35302.4336,35155.475,35280.0689
35134.418,1772319000,35248.4658,35113.1588,35157.1438
35161.3554,1772319300,35162.2051,35060.8453,35129.6541
35046.8815,1772319600,35197.9069,35045.938,35170.3187
35124.3017,1772319900,35134.0601,35030.5344,35046.5366
35078.3951,1772320200,35134.6128,35027.5413,35116.7633
34990.0931,1772320500,35112.6703,34981.1801,35074.3309
34904.2272,1772320800,34974.8126,34880.0876,34974.8126
34879.9424,1772321100,34925.5295,34832.6687,34910.1276
34909.8672,1772321400,34915.3285,34847.7638,34878.8727
34906.6498,1772321700,34957.8932,34852.374,34922.8776
34879.7838,1772322000,34956.3848,34863.4557,34901.613
34853.3145,1772322300,34931.05,34836.8983,34884.1197
35050.0948,1772322600,35058.02,34858.1731,34872.7645
35110.9473,1772322900,35154.4288,35053.3856,35053.3856
35156.444,1772323200,35205.9685,35111.2667,35111.2667
35114.2367,1772323500,35177.8407,35103.0628,35156.4452
35184.2294,1772323800,35265.6415,35050.7751,35109.2536
35270.6467,1772324100,35299.2528,35179.3004,35196.0427
35313.2374,1772324400,35341.8945,35216.3046,35266.1779
35334.3979,1772324700,35384.0639,35240.0635,35311.0603
35228.9489,1772325000,35344.3065,35228.9489,35330.266
35284.3019,1772325300,35291.8109,35207.4472,35223.8074
35412.0553,1772325600,35432.5797,35265.5246,35280.8473
35360.2809,1772325900,35437.7748,35329.6193,35414.796
35380.3227,1772326200,35414.4531,35351.2773,35358.7453
35484.4552,1772326500,35490.6886,35337.8746,35376.4771
35703.1067,1772326800,35703.1067,35477.1911,35480.8059
35748.0159,1772327100,35771.534,35629.7763,35695.2193
35798.8905,1772327400,35819.1046,35720.4379,35740.8368
35816.8481,1772327700,35843.7672,35782.9435,35803.6381
35815.0764,1772328000,35852.9891,35752.3718,35810.5278
35909.0725,1772328300,35945.3233,35808.1378,35813.4623
35843.1742,1772328600,35931.1696,35803.2517,35910.9887
35798.6952,1772328900,35868.2175,35770.6317,35844.3646
35767.3712,1772329200,35896.5558,35767.3712,35804.0475
35674.2648,1772329500,35777.0118,35656.0956,35763.3538
35546.5627,1772329800,35665.3084,35505.2646,35665.3084
35546.5866,1772330100,35638.5157,35516.9634,35532.6419
35615.3734,1772330400,35619.3875,35497.6929,35548.111
35630.488,1772330700,35672.142,35580.4094,35614.0514
35509.103,1772331000,35631.8973,35509.103,35623.3521
35524.9209,1772331300,35556.328,35466.0447,35503.9916
35631.4821,1772331600,35662.5295,35520.5113,35528.2805
35539.5039,1772331900,35642.5054,35502.0668,35636.3485
35610.6547,1772332200,35622.5694,35466.7592,35541.836
35563.0393,1772332500,35631.6785,35520.817,35612.4818
35538.9275,1772332800,35637.6409,35528.8354,35560.6175
35610.9445,1772333100,35637.74,35543.9744,35543.9744
35593.4319,1772333400,35652.8462,35576.3327,35601.8972
35480.9251,1772333700,35607.1399,35477.9515,35591.0078
35562.3185,1772334000,35562.3185,35418.5549,35482.0679
35672.8012,1772334300,35722.439,35546.3381,35565.2341
35668.074,1772334600,35762.8587,35658.2362,35675.9092
35692.6967,1772334900,35770.5084,35648.8231,35655.0951
35705.2017,1772335200,35718.8889,35640.6731,35689.9823
35926.3585,1772335500,35941.8798,35706.272,35706.272
35921.5624,1772335800,35952.2475,35828.2075,35936.309
35920.2754,1772336100,35982.9362,35873.1153,35928.2962
35872.8336,1772336400,35932.9184,35867.9406,35916.0562
35775.8895,1772336700,35866.3068,35747.7505,35866.3068
35868.3399,1772337000,35868.3399,35729.7575,35778.5742
35923.9133,1772337300,35950.5668,35846.5946,35868.0596
35816.2112,1772337600,35941.8289,35795.1225,35915.9863
35764.7746,1772337900,35817.3108,35728.833,35817.3108
35881.5539,1772338200,35890.3159,35755.5848,35766.2058
35783.8413,1772338500,35886.7697,35722.7444,35886.7697
35760.1532,1772338800,35804.2561,35708.5749,35772.3885
35812.2365,1772339100,35863.997,35742.3821,35757.3596
35718.5365,1772339400,35840.9046,35712.3873,35812.0925
35726.9403,1772339700,35820.156,35713.8443,35726.2962
35662.5901,1772340000,35726.6163,35658.1037,35722.5402
35554.242,1772340300,35648.7947,35486.9707,35648.7947
35478.41,1772340600,35600.7199,35445.9263,35562.246
35487.9448,1772340900,35531.023,35413.318,35480.6473
35489.5319,1772341200,35508.9338,35450.7138,35478.8225
35530.9557,1772341500,35545.1392,35460.5243,35491.7591
35638.2003,1772341800,35651.191,35525.6487,35539.9392
35652.0457,1772342100,35776.8197,35628.7759,35637.4101
35559.1828,1772342400,35689.2534,35559.0446,35654.2722
35696.9305,1772342700,35696.9305,35546.2867,35557.6025
35629.4453,1772343000,35728.6747,35616.9727,35689.8893
35540.6925,1772343300,35661.2216,35527.9418,35631.8692
35468.5973,1772343600,35550.2977,35419.7403,35541.687
35348.3193,1772343900,35491.8744,35343.9253,35459.8123
35282.8437,1772344200,35375.6351,35269.4412,35347.298
35379.6554,1772344500,35384.4369,35271.7001,35273.5145
35386.682,1772344800,35439.6047,35352.4789,35388.5215
35330.3798,1772345100,35399.4187,35307.9002,35382.0065
35276.2807,1772345400,35399.8881,35273.9476,35324.726
35227.9586,1772345700,35334.16,35196.8011,35267.7508
35149.4403,1772346000,35246.4312,35113.8016,35226.9182
35150.6943,1772346300,35244.1588,35132.2735,35144.8739
35092.9162,1772346600,35148.6961,35069.0659,35134.6634
35062.2629,1772346900,35154.2316,35062.2629,35090.0632
34968.9069,1772347200,35083.0772,34957.2709,35061.2198
34959.2229,1772347500,35040.9568,34957.6777,34975.9955
34929.838,1772347800,34952.4413,34863.6959,34944.303
34855.1366,1772348100,34938.0171,34827.6838,34938.0171
34851.7568,1772348400,34919.3399,34845.5305,34863.153
34932.4248,1772348700,34938.6434,34795.9102,34857.227
34940.1046,1772349000,34951.5662,34885.505,34930.281
34912.5741,1772349300,35003.5288,34912.4462,34929.358
34955.6703,1772349600,35025.2934,34882.2296,34916.1959
35004.9111,1772349900,35045.7563,34937.8429,34958.4234
34962.9269,1772350200,35132.9987,34941.2266,35016.407
34998.7674,1772350500,35089.1045,34979.6694,34979.6694
34970.6211,1772350800,35038.1965,34895.9625,34999.5787
34954.7092,1772351100,34978.9322,34898.9327,34963.9721
35093.8736,1772351400,35094.7284,34942.6201,34942.6201
35114.7965,1772351700,35207.934,35104.1135,35113.2626
35097.3322,1772352000,35117.5974,34998.7939,35113.3573
34939.3679,1772352300,35114.4173,34923.6548,35091.0145
34810.6404,1772352600,34954.4744,34803.931,34936.5975
34739.9837,1772352900,34824.701,34739.9837,34814.9476
34687.9137,1772353200,34754.9313,34644.6936,34739.5728
34647.0187,1772353500,34678.7228,34595.5824,34678.7228
34533.7738,1772353800,34654.355,34517.1312,34646.1938
34639.9347,1772354100,34660.5795,34528.8061,34530.1065
34555.7646,1772354400,34682.6519,34518.2967,34644.9737
34449.0897,1772354700,34559.1309,34432.6938,34559.1309
34431.5013,1772355000,34463.8848,34366.1349,34449.705
34339.5036,1772355300,34459.3242,34306.7279,34436.595
34305.1582,1772355600,34364.2356,34290.9831,34337.4641
34253.8674,1772355900,34340.3689,34218.0014,34309.3211
34258.3157,1772356200,34340.7246,34218.4825,34249.2857
34135.8898,1772356500,34259.8333,34135.8898,34258.1879
34142.3817,1772356800,34162.0478,34071.5537,34135.1208
34280.7118,1772357100,34307.7368,34138.635,34138.635
34243.3556,1772357400,34301.8374,34199.0511,34280.0896
34295.7827,1772357700,34295.7827,34203.4863,34240.5771
34244.5681,1772358000,34292.9895,34212.9031,34285.2738
34199.5139,1772358300,34269.2317,34163.2383,34233.4924
34357.552,1772358600,34373.9461,34186.2266,34203.0467
34509.4295,1772358900,34544.248,34357.6127,34357.6127
34426.2167,1772359200,34524.0162,34389.6264,34509.6637
34377.9186,1772359500,34484.7423,34368.2635,34435.3009
34277.6221,1772359800,34396.3263,34226.1322,34371.6314
34406.654,1772360100,34424.8435,34263.1551,34278.2741
34413.5212,1772360400,34440.8275,34363.6981,34414.3845
34491.2776,1772360700,34524.1986,34376.8086,34410.3244
34591.1035,1772361000,34646.2328,34496.1742,34500.0246
34566.8757,1772361300,34637.964,34556.3887,34577.3343
34645.6336,1772361600,34660.2496,34540.3423,34555.8488
34646.9349,1772361900,34682.3265,34615.3353,34651.6767
34527.0766,1772362200,34656.0539,34496.3503,34642.6142
34439.7945,1772362500,34553.3661,34439.4656,34534.451
34611.4943,1772362800,34628.0499,34426.367,34442.3079
34623.848,1772363100,34637.7093,34569.9959,34607.8768
34603.9563,1772363400,34655.9186,34582.2189,34619.9167
34524.1907,1772363700,34649.7983,34504.8266,34595.2285
34517.9604,1772364000,34587.3056,34462.3069,34529.3673
34422.1328,1772364300,34521.965,34422.1328,34516.6622
34364.5262,1772364600,34520.7359,34332.74,34430.4448
34287.6796,1772364900,34396.1114,34267.2986,34353.719
34251.3115,1772365200,34329.0016,34237.9802,34295.4122
34259.552,1772365500,34276.5414,34212.1025,34248.6256
34179.8839,1772365800,34322.759,34179.8839,34253.039
34168.6307,1772366100,34258.1243,34157.4777,34171.9581
34159.3958,1772366400,34223.5472,34104.5861,34179.3421
34133.661,1772366700,34225.5821,34133.661,34162.244
34128.6457,1772367000,34182.0663,34101.3029,34130.3725
34094.5779,1772367300,34168.5391,34055.2608,34119.4598
34041.5489,1772367600,34099.4599,34027.027,34094.4393
33945.5511,1772367900,34056.2446,33934.4462,34033.6434
33945.8696,1772368200,34009.396,33898.8143,33961.1424
34007.0971,1772368500,34007.0971,33875.7044,33933.0769
33981.5356,1772368800,34039.4174,33905.2223,34017.1975
34003.0401,1772369100,34026.8149,33931.5175,33980.2474
33855.1594,1772369400,34020.2765,33836.6346,34002.0523
33762.1418,1772369700,33955.8735,33756.5422,33858.5887
33822.4721,1772370000,33830.1069,33762.2262,33774.8054
33956.1472,1772370300,33956.4555,33820.7049,33821.0869
33884.6088,1772370600,33945.4515,33875.6342,33945.4515
33820.2874,1772370900,33896.0446,33763.3918,33892.472
33775.4808,1772371200,33878.5871,33775.4808,33829.8416
33616.8848,1772371500,33773.9682,33598.4798,33768.5767
33597.3268,1772371800,33658.0351,33593.9331,33611.7601
33576.0435,1772372100,33620.7107,33506.9852,33610.4883
33600.1201,1772372400,33616.252,33502.911,33573.5205
33632.5343,1772372700,33643.1998,33577.4744,33597.7997
33675.2923,1772373000,33678.9431,33590.8779,33632.0937
33718.2111,1772373300,33766.7782,33680.3084,33680.6124
33818.1037,1772373600,33821.7383,33718.9773,33718.9773
33842.2604,1772373900,33872.7541,33782.8315,33819.8604
33810.2233,1772374200,33878.0635,33791.3791,33856.6553
33779.1744,1772374500,33830.3921,33739.9508,33806.9521
33828.7769,1772374800,33844.7364,33735.1247,33773.1452
33840.3206,1772375100,33880.4318,33796.721,33826.1585
33856.0569,1772375400,33909.7297,33835.6504,33835.6504
34071.147,1772375700,34076.0594,33806.9152,33858.1915
34259.309,1772376000,34300.2353,34062.6442,34062.6442
34182.3554,1772376300,34308.97,34177.4866,34250.6008
34039.7736,1772376600,34184.4609,34039.7736,34181.9552
34010.3163,1772376900,34060.9477,33966.9064,34045.8306
33950.0785,1772377200,34035.9841,33930.192,34011.1501
33990.5829,1772377500,34004.7984,33885.9009,33943.0311
33953.6805,1772377800,34001.0807,33860.4009,33985.1483
33921.5036,1772378100,33969.3528,33890.6614,33950.0661
33948.9506,1772378400,33956.125,33898.9464,33914.5754
33963.4296,1772378700,34030.0011,33903.5213,33949.4953
34035.0284,1772379000,34074.162,33947.8801,33958.829
33960.8521,1772379300,34046.2771,33932.515,34032.3198
33843.0014,1772379600,33962.986,33824.7551,33953.5776
33744.1663,1772379900,33848.276,33737.5101,33847.2066
33762.7934,1772380200,33783.5898,33693.9141,33744.2873
33829.8712,1772380500,33879.3636,33734.3789,33766.1299
33869.3913,1772380800,33882.7278,33813.074,33827.2007
33985.899,1772381100,34026.5687,33886.2374,33886.2374
33966.5995,1772381400,34091.9502,33955.0238,33991.0193
33971.9578,1772381700,33971.9578,33882.0087,33957.6794
33982.6434,1772382000,34031.2812,33951.4643,33979.6605
34014.1975,1772382300,34040.9087,33967.1213,33977.5773
34008.7619,1772382600,34064.056,33992.231,34006.2306
34043.1462,1772382900,34065.1968,33956.9338,33987.6341
34016.5876,1772383200,34070.3923,34008.968,34037.8384
34047.1083,1772383500,34056.6658,34005.9172,34005.9172
34009.9209,1772383800,34073.0645,33985.8449,34049.6896
33947.8913,1772384100,34010.3636,33914.6185,34009.6764
33870.1765,1772384400,33953.4068,33865.8524,33953.4068
33899.3437,1772384700,33926.1981,33840.8681,33876.3302
33839.0858,1772385000,33932.2002,33834.3155,33911.3484
33836.961,1772385300,33867.1424,33787.9891,33839.3013
33810.2225,1772385600,33886.6307,33791.639,33841.541
33715.12,1772385900,33826.3486,33689.8464,33811.0619
33772.0324,1772386200,33805.671,33704.9321,33715.165
33832.5292,1772386500,33848.4832,33760.9065,33776.356
33847.8281,1772386800,33873.5573,33797.1799,33831.0111
33800.5351,1772387100,33886.3037,33785.8939,33852.4824
33691.9902,1772387400,33826.955,33682.059,33803.7719
33677.3362,1772387700,33712.1447,33635.6736,33684.825
33664.7573,1772388000,33739.6759,33664.7573,33680.8186
33665.6706,1772388300,33666.846,33597.3141,33664.3094
33626.3986,1772388600,33675.5498,33587.0347,33669.4942
33586.5413,1772388900,33661.6297,33525.9566,33628.8488
33647.5783,1772389200,33659.2983,33516.3346,33582.228
33584.7296,1772389500,33700.8753,33584.532,33643.0566
33587.929,1772389800,33653.4737,33545.9415,33574.7752
33688.6714,1772390100,33689.7939,33589.0565,33595.9127
33663.0892,1772390400,33697.0642,33576.198,33695.1142
33701.9047,1772390700,33749.9969,33648.635,33662.19
33556.0949,1772391000,33710.477,33538.2138,33710.477
33455.0545,1772391300,33556.5771,33454.1856,33550.0079
33498.3214,1772391600,33523.272,33449.222,33459.0199
33436.9878,1772391900,33510.1807,33392.517,33499.2267
33507.5235,1772392200,33567.8745,33440.4414,33440.4414
33532.2263,1772392500,33538.5218,33404.574,33508.2358
33634.3199,1772392800,33640.7309,33515.9645,33527.8223
33618.3338,1772393100,33669.2893,33592.5989,33641.8114
33658.6762,1772393400,33669.0762,33583.2501,33617.0154
33769.8624,1772393700,33787.3616,33657.1163,33657.1163
33747.0796,1772394000,33799.7494,33704.2306,33769.5995
33764.7453,1772394300,33766.4892,33691.5852,33738.8916
33868.4353,1772394600,33882.8691,33748.8251,33752.0762
33774.7576,1772394900,33870.588,33734.951,33865.6374
33759.0902,1772395200,33799.5281,33709.6619,33773.2448
33607.5444,1772395500,33755.9014,33600.3106,33755.9014
33781.1285,1772395800,33798.4464,33606.878,33606.878
33783.9752,1772396100,33837.0608,33745.3339,33767.0573
33699.4056,1772396400,33874.2725,33657.7911,33790.6013
33834.0485,1772396700,33869.0131,33691.8869,33699.8311
33779.5387,1772397000,33839.2906,33763.7074,33835.885
33852.5741,1772397300,33887.8117,33729.9484,33782.1709
33792.1406,1772397600,33910.9609,33755.3596,33844.7964
33801.7809,1772397900,33854.8233,33788.5032,33805.716
33797.3577,1772398200,33837.6119,33745.0301,33808.9574
33778.4533,1772398500,33843.394,33764.6626,33786.2083
33849.2053,1772398800,33849.2053,33743.1721,33779.3127
33848.3386,1772399100,33874.0902,33760.3216,33852.4441
33816.9405,1772399400,33855.1102,33744.1072,33855.1102
33733.5166,1772399700,33818.8563,33724.181,33809.4023
33649.7841,1772400000,33759.4115,33626.4074,33743.9096
33691.2363,1772400300,33707.2306,33610.9783,33655.3945
33737.8324,1772400600,33741.9667,33660.5961,33686.131
33825.4693,1772400900,33874.1196,33736.1304,33736.1304
33869.4348,1772401200,33923.9806,33825.9334,33832.7379
33935.171,1772401500,33971.5327,33834.4268,33876.3909
33836.1758,1772401800,33945.5806,33794.9205,33938.7924
34001.8773,1772402100,34001.8773,33781.8843,33842.7338
33946.6912,1772402400,34005.7378,33886.4661,33991.7164
33882.6117,1772402700,33972.5272,33826.308,33954.7141
33875.0192,1772403000,33892.1279,33809.9531,33880.8678
33877.6825,1772403300,33944.3481,33835.1829,33866.3872
33787.2346,1772403600,33904.4262,33759.1907,33886.7063
33829.972,1772403900,33877.8612,33783.2487,33787.2187
33881.9001,1772404200,33881.9001,33799.8239,33825.7318
33972.6875,1772404500,34017.0031,33853.0174,33873.0174
33986.8199,1772404800,34010.6896,33879.4077,33969.5573
33927.3626,1772405100,34022.005,33876.3547,33985.272
33934.9902,1772405400,33949.951,33872.0664,33920.7373
33890.7988,1772405700,33934.0839,33851.2633,33927.7942
33871.4035,1772406000,33923.6137,33848.8665,33892.5801
33871.3012,1772406300,33882.4069,33781.5509,33871.2795
33874.5119,1772406600,33880.2001,33832.0663,33862.731
34011.305,1772406900,34045.5334,33862.2731,33864.6108
34019.4976,1772407200,34127.3403,33968.3174,34023.5878
34005.8265,1772407500,34074.6503,33956.9968,34010.9986
34003.7432,1772407800,34043.3729,33948.6214,34011.2037
34012.0576,1772408100,34048.3028,33992.1742,33999.8565
33937.7909,1772408400,34064.7077,33935.7121,34013.8126
33960.1236,1772408700,33984.578,33898.1895,33940.7565
33981.7623,1772409000,33993.5776,33889.0333,33966.2553
33886.3715,1772409300,33993.7755,33884.359,33977.5302
33677.6308,1772409600,33894.5802,33664.6555,33876.9944
33661.7808,1772409900,33685.1831,33630.1762,33674.3467
33692.9063,1772410200,33708.0192,33604.185,33658.2023
33658.9212,1772410500,33729.5669,33648.2899,33688.167
33653.1939,1772410800,33751.8515,33626.5977,33666.5126
33673.8919,1772411100,33711.539,33635.8345,33659.9989
33665.1346,1772411400,33761.4243,33640.1519,33667.3576
33718.678,1772411700,33740.9748,33650.7067,33667.4026
33749.7551,1772412000,33804.9959,33706.839,33720.1622
33828.1269,1772412300,33828.1269,33724.3201,33756.2486
33781.2531,1772412600,33869.4869,33763.4729,33823.5323
33885.3325,1772412900,33885.3325,33764.5027,33775.4647
33909.0457,1772413200,33928.2719,33854.2091,33880.3072
33921.2314,1772413500,33952.3768,33862.3918,33892.4369
34047.3426,1772413800,34064.3146,33885.3728,33913.3468
34177.4831,1772414100,34180.514,34027.1917,34051.0451
34226.3829,1772414400,34231.2422,34147.0402,34178.2419
34188.3974,1772414700,34217.309,34111.0609,34217.309
34134.1497,1772415000,34193.8222,34098.68,34189.7057
34178.8592,1772415300,34212.5068,34121.4044,34131.0854
34071.9773,1772415600,34178.2041,34054.8401,34178.2041
34152.0911,1772415900,34166.0799,34040.5871,34071.902
34102.6819,1772416200,34170.3633,34008.86,34170.3633
33994.3292,1772416500,34116.8231,33965.9305,34105.6165
33961.4141,1772416800,34000.921,33941.5452,33993.1807
33956.3237,1772417100,33984.2443,33900.0896,33961.9117
33877.532,1772417400,33990.8184,33862.8293,33954.7156
33802.8311,1772417700,33885.9845,33754.1215,33878.9979
33838.0181,1772418000,33867.0138,33799.9357,33807.779
33813.0338,1772418300,33851.9703,33751.7106,33835.5893
33807.8856,1772418600,33840.8287,33758.2965,33811.9933
33960.2455,1772418900,33960.2455,33791.6624,33809.6373
33868.6365,1772419200,34013.2752,33857.9839,33965.4125
33855.8324,1772419500,33979.6739,33855.8324,33871.7428
33710.6932,1772419800,33866.7911,33690.6301,33856.3664
33778.7511,1772420100,33796.9866,33685.961,33699.7741
33897.534,1772420400,33929.9635,33763.6977,33781.57
33979.4443,1772420700,34001.606,33896.0005,33896.0005
34031.0906,1772421000,34039.6329,33959.8592,33974.3716
34073.5193,1772421300,34135.7887,34026.9015,34031.1
34093.008,1772421600,34181.1423,34037.6411,34074.7135
34139.6169,1772421900,34164.7852,34071.6243,34100.7613
34216.9799,1772422200,34282.1008,34146.7797,34151.0971
34204.1764,1772422500,34258.9164,34187.0338,34212.8268
34140.6232,1772422800,34259.1017,34140.6232,34207.4443
34127.5008,1772423100,34138.4499,34045.4291,34126.9878
34127.2136,1772423400,34163.6396,34106.1713,34123.5892
34078.9247,1772423700,34215.1131,34078.9247,34121.4368
34065.1272,1772424000,34178.6829,34059.3051,34070.5126
34126.1541,1772424300,34161.7399,34046.6742,34057.5465
34132.9689,1772424600,34202.1911,34114.8927,34127.4149
33975.8864,1772424900,34135.9177,33934.0066,34132.8672
34000.827,1772425200,34028.2235,33936.0946,33969.1648
33924.0132,1772425500,34018.7339,33899.8241,33992.7979
33930.2428,1772425800,33978.642,33883.9424,33920.7542
33932.007,1772426100,33996.4617,33890.4548,33927.5996
33895.5624,1772426400,33965.1591,33877.7257,33931.4215
34038.2505,1772426700,34044.895,33859.2051,33889.9875
34085.5193,1772427000,34087.1782,34006.1141,34039.4087
34052.4442,1772427300,34135.0477,34018.5085,34081.3125
34010.5096,1772427600,34072.6627,33985.6941,34056.7729
34038.3921,1772427900,34067.3117,34003.2837,34017.6756
34091.4708,1772428200,34100.2245,34006.4029,34030.7295
34116.9842,1772428500,34155.002,34066.8968,34096.5466
34143.3315,1772428800,34148.5762,34084.9594,34121.9413
34186.0463,1772429100,34217.7984,34141.7934,34160.4832
34053.4734,1772429400,34190.7994,34041.8913,34180.1127
34121.9775,1772429700,34130.8311,34061.2835,34066.9037
34128.0595,1772430000,34197.9579,34096.6052,34130.5294
34116.5487,1772430300,34144.7689,34072.1078,34130.3431
34261.7814,1772430600,34263.1592,34081.755,34122.3705
34313.7461,1772430900,34358.7586,34258.3727,34258.3727
34360.8442,1772431200,34413.573,34317.8184,34317.8184
34336.8932,1772431500,34443.782,34315.1658,34357.2944
34184.706,1772431800,34383.7842,34184.706,34329.0885
34122.1132,1772432100,34209.2391,34091.5989,34174.7389
33970.7885,1772432400,34119.3398,33941.4938,34110.8711
33925.2955,1772432700,33995.1048,33925.2955,33968.4796
33893.4543,1772433000,33947.2119,33875.1788,33923.0167
33975.2678,1772433300,34057.7935,33890.5825,33892.6019
33986.3364,1772433600,34018.3627,33941.1769,33975.2544
34021.297,1772433900,34085.3868,33981.7084,33993.2533
34143.3694,1772434200,34143.8671,33986.0459,34013.4115
34182.0463,1772434500,34239.7065,34126.9274,34145.0629
34227.6752,1772434800,34242.1491,34131.0818,34185.0509
34137.9328,1772435100,34229.4167,34128.609,34229.4167
34175.7455,1772435400,34202.4729,34110.8703,34125.5255
34113.1213,1772435700,34181.2946,34092.3557,34173.642
34201.1936,1772436000,34211.5842,34112.0451,34112.0451
34159.3478,1772436300,34211.131,34104.8266,34201.5918
34168.545,1772436600,34190.2209,34108.2915,34160.903
34302.1146,1772436900,34302.1146,34149.658,34171.2163
34296.0718,1772437200,34359.486,34269.7505,34307.089
34370.9281,1772437500,34385.0951,34271.9222,34285.4242
34368.3885,1772437800,34426.0685,34351.6822,34369.0897
34343.0514,1772438100,34433.4596,34309.5251,34381.1869
34276.4364,1772438400,34378.0347,34273.5449,34347.6604
34235.8243,1772438700,34290.6068,34221.6405,34276.6894
34156.9148,1772439000,34272.8136,34156.9148,34226.5079
34163.2318,1772439300,34188.1597,34124.6282,34141.271
34257.4099,1772439600,34257.4099,34134.8479,34162.5871
34228.8485,1772439900,34285.4586,34202.1408,34253.7415
34169.2341,1772440200,34271.2102,34160.8892,34229.9876
34206.7306,1772440500,34235.8188,34164.2758,34171.4445
34156.2362,1772440800,34219.7163,34146.387,34219.7163
34251.4163,1772441100,34273.6108,34143.0475,34151.201
34214.2639,1772441400,34333.7569,34214.2639,34260.2057
34201.5311,1772441700,34287.3769,34169.2501,34217.7691
34193.3735,1772442000,34254.8014,34156.1905,34202.6551
34268.7563,1772442300,34268.7563,34120.7831,34190.0486
34151.2036,1772442600,34308.5679,34151.2036,34266.5232
34076.1725,1772442900,34162.1824,34024.6323,34152.0238
34062.4306,1772443200,34075.6506,33986.5716,34070.994
33922.8323,1772443500,34059.5211,33912.877,34059.5211
33945.0644,1772443800,33947.7092,33874.5068,33921.8962
34005.0135,1772444100,34017.5113,33934.7708,33946.7357
33980.8639,1772444400,34015.5364,33938.0962,34002.8424
33984.5793,1772444700,34044.4797,33959.4072,33977.3534
33827.3755,1772445000,33987.4928,33813.0086,33986.2371
33917.9983,1772445300,33931.2336,33826.0144,33826.0144
33927.7967,1772445600,33999.5337,33921.8886,33924.9127
33923.3293,1772445900,33946.5843,33860.3452,33930.3568
33991.5779,1772446200,34025.1927,33897.7799,33915.8717
33952.7643,1772446500,34011.4301,33940.5677,33988.5074
33895.302,1772446800,33980.0524,33858.1846,33948.0678
33879.3591,1772447100,33932.0601,33843.9481,33890.8816
33868.8451,1772447400,33890.9708,33788.1987,33890.1516
33860.7779,1772447700,33868.7634,33797.3374,33867.559
33862.9805,1772448000,33873.3155,33787.8721,33869.9951
33885.463,1772448300,33900.3217,33816.6455,33863.3681
33898.4653,1772448600,33934.1022,33852.0709,33895.052
33959.7539,1772448900,33967.3878,33865.4516,33899.2255
33930.271,1772449200,33976.9127,33873.8939,33966.1941
33853.8397,1772449500,33934.1352,33843.2153,33924.7327
33890.2182,1772449800,33974.2819,33833.0741,33848.9198
33882.2202,1772450100,33971.3334,33871.267,33892.2695
33982.5441,1772450400,33983.8539,33869.5621,33881.6255
33786.6413,1772450700,33989.1092,33783.1351,33987.7176
33710.2485,1772451000,33780.5176,33681.767,33780.5176
33779.1809,1772451300,33823.0114,33693.3719,33706.6119
33831.0693,1772451600,33831.0693,33747.0345,33774.2138
33893.423,1772451900,33963.8994,33820.1197,33828.0272
33885.2973,1772452200,33939.7704,33864.7638,33897.3908
33841.9251,1772452500,33933.8508,33835.8106,33898.005
33754.8973,1772452800,33856.4991,33743.5774,33851.3349
33651.8358,1772453100,33772.3204,33630.7614,33754.4505
33596.7555,1772453400,33686.3308,33585.6507,33656.419
33610.5316,1772453700,33634.2415,33525.2666,33605.0626
33593.7202,1772454000,33677.6261,33580.8557,33606.1098
33630.4565,1772454300,33632.5803,33515.2069,33597.6352
33692.7584,1772454600,33717.5133,33611.661,33626.726
33688.2248,1772454900,33747.3827,33652.3371,33685.6606
33656.2731,1772455200,33708.2454,33603.7941,33688.8662
33805.9749,1772455500,33831.9653,33651.6811,33656.6342
33725.0104,1772455800,33836.6221,33714.0929,33800.2442
33848.7741,1772456100,33908.2727,33724.2324,33730.2412
33936.6382,1772456400,33942.706,33821.3671,33844.67
33739.3716,1772456700,33987.0813,33739.3716,33936.8417
33694.6018,1772457000,33753.0765,33663.3565,33747.146
33796.5805,1772457300,33839.4561,33695.4574,33695.4574
33866.0428,1772457600,33866.0428,33741.1705,33789.7696
33760.1421,1772457900,33872.2747,33745.8112,33868.5734
33765.1648,1772458200,33808.9693,33651.1395,33747.2816
33804.9605,1772458500,33835.7945,33753.0407,33773.9029
33811.9315,1772458800,33873.3519,33799.8015,33805.0018
33767.2997,1772459100,33859.7839,33753.4632,33808.7989
33850.4263,1772459400,33873.3056,33757.7557,33763.2338
33804.1772,1772459700,33879.6867,33775.2267,33847.2771
33786.7416,1772460000,33867.6638,33771.9694,33806.6587
33766.6311,1772460300,33855.6438,33742.8755,33801.5209
33833.5744,1772460600,33846.0733,33719.0655,33783.6569
33829.7402,1772460900,33905.9604,33787.2509,33830.3887
33860.9427,1772461200,33902.0762,33818.1392,33838.6115
33801.3764,1772461500,33862.124,33784.9151,33860.3533
33874.0281,1772461800,33953.7262,33767.1949,33812.4268
33933.979,1772462100,33947.0895,33815.2722,33872.4837
33892.0841,1772462400,34025.6883,33883.7953,33946.29
33886.1712,1772462700,33971.6815,33862.9985,33890.751
34014.7395,1772463000,34054.6514,33872.3158,33892.9185
33892.3455,1772463300,34048.1336,33886.2225,34012.3332
33880.1171,1772463600,33891.4111,33793.9436,33885.5828
33875.393,1772463900,33915.0294,33834.2927,33884.167
33889.5197,1772464200,33973.7809,33853.3977,33871.0221
33911.7418,1772464500,33949.9692,33860.6263,33879.684
33912.7957,1772464800,33939.0066,33869.2926,33920.4704
34000.4825,1772465100,34040.6941,33907.3645,33910.2133
33876.8746,1772465400,33996.5832,33851.3759,33996.0524
33766.5228,1772465700,33882.1237,33766.5228,33881.7349
33799.2436,1772466000,33823.9281,33727.4318,33766.2521
33930.0071,1772466300,33957.2612,33787.1056,33793.5343
33940.8913,1772466600,33971.3334,33904.465,33934.0929
33842.2959,1772466900,33951.8053,33818.6433,33927.2722
33948.7887,1772467200,33985.0883,33837.7492,33851.3318
33867.3286,1772467500,33976.1313,33846.9074,33950.7144
34001.4316,1772467800,34015.6955,33859.4336,33876.1671
34088.2739,1772468100,34127.4002,33995.8639,33995.8639
34005.151,1772468400,34083.8468,33958.9214,34083.8468
34049.3263,1772468700,34069.4376,33960.387,33998.855
34029.4468,1772469000,34113.6369,33996.5074,34041.9051
34126.7485,1772469300,34128.1885,34022.6135,34035.7026
34053.6891,1772469600,34121.7716,34007.2772,34121.7716
33912.5803,1772469900,34088.7968,33889.1782,34049.2866
33958.7069,1772470200,34042.542,33902.8326,33906.4675
33918.1026,1772470500,33975.9922,33915.3122,33957.3258
33922.319,1772470800,34011.3657,33887.3865,33918.5645
33900.9681,1772471100,33923.1093,33797.5084,33917.4619
33829.0102,1772471400,33929.915,33812.1562,33899.3582
33868.9392,1772471700,33914.8792,33823.69,33836.3072
33948.2,1772472000,33958.1917,33831.2838,33862.9517
33994.9055,1772472300,34006.4337,33906.3963,33950.8236
33990.5437,1772472600,34007.4829,33920.4867,33992.1753
33905.8444,1772472900,34018.1802,33879.2168,33982.1482
33891.9897,1772473200,33916.3368,33859.9978,33906.1369
33866.7276,1772473500,33937.4648,33857.1149,33905.1485
33874.6117,1772473800,33930.4039,33859.5443,33869.6444
33913.58,1772474100,33954.3267,33864.5142,33878.5224
33853.8135,1772474400,33932.3756,33805.3198,33912.1296
33907.9602,1772474700,33924.4736,33790.2293,33856.1645
33934.8459,1772475000,33966.967,33885.2238,33914.1335
33936.4051,1772475300,33960.0649,33869.5301,33937.8292
34076.3879,1772475600,34096.5499,33927.3884,33935.0626
34137.1803,1772475900,34143.3151,34060.5068,34079.1075
34002.5329,1772476200,34169.9858,33980.3896,34139.5662
33898.4844,1772476500,34009.6252,33898.4844,34002.2225
34066.4927,1772476800,34070.3897,33866.4218,33900.4691
34186.0537,1772477100,34186.0537,34061.1928,34063.9696
34149.7694,1772477400,34224.1033,34123.1214,34181.5548
34147.3363,1772477700,34202.1994,34136.7692,34155.3103
34135.9906,1772478000,34182.5466,34097.8255,34145.7751
34108.1922,1772478300,34174.7033,34061.3649,34147.4514
34139.2156,1772478600,34225.7008,34109.9027,34109.9027
34104.0721,1772478900,34182.6387,34064.2534,34138.3513
34082.7958,1772479200,34143.2045,34032.1452,34104.8962
34206.647,1772479500,34225.0038,34047.5391,34088.4449
34385.7217,1772479800,34385.7217,34198.7924,34206.0294
34290.2571,1772480100,34411.3016,34287.1403,34386.6117
34282.5053,1772480400,34293.9107,34218.8138,34291.8416
34161.7183,1772480700,34308.8353,34132.3531,34284.737
34223.9637,1772481000,34243.8742,34130.4825,34162.3453
34140.0157,1772481300,34255.0477,34136.3138,34225.5493
34104.6339,1772481600,34190.7993,34104.6339,34145.4737
34108.3244,1772481900,34141.8244,34021.1125,34105.0203
34078.733,1772482200,34156.9046,34058.8085,34119.5086
33965.2553,1772482500,34083.7423,33944.0056,34083.7423
33899.4557,1772482800,33980.2479,33867.1174,33962.6175
33901.3005,1772483100,33956.7376,33859.0205,33900.2441
33982.2524,1772483400,33993.9734,33884.8803,33902.2978
34146.967,1772483700,34153.2727,33953.76,33995.9907
34092.8297,1772484000,34211.1433,34092.8297,34151.6298
34234.2768,1772484300,34253.3461,34072.1157,34093.3973
34344.1547,1772484600,34351.327,34224.0039,34231.6219
34367.3152,1772484900,34438.2825,34306.3364,34337.4058
34298.8596,1772485200,34412.0089,34287.0295,34369.9677
34146.382,1772485500,34339.7026,34125.7945,34304.1344
34152.1615,1772485800,34211.1358,34118.0292,34142.2154
34175.6184,1772486100,34195.2186,34115.9303,34147.7224
34190.0472,1772486400,34197.2715,34100.3609,34186.6649
34215.7531,1772486700,34288.7146,34184.5392,34194.7126
34135.474,1772487000,34208.9622,34094.3882,34204.3256
34181.4111,1772487300,34251.8366,34141.0549,34142.9842
34210.7064,1772487600,34255.6014,34135.4409,34179.9951
34165.0862,1772487900,34226.5032,34158.8494,34202.2045
34131.9717,1772488200,34186.9317,34108.9971,34165.0327
34200.6722,1772488500,34202.2847,34132.6942,34132.6942
34212.5036,1772488800,34224.3456,34155.0584,34198.6046
34111.7237,1772489100,34240.3908,34089.5209,34213.02
34013.226,1772489400,34161.0068,34013.226,34102.9486
34040.4734,1772489700,34086.2474,33998.7041,34017.5817
34202.5387,1772490000,34202.5387,34036.2577,34044.8014
34208.3254,1772490300,34247.3447,34174.6603,34211.677
34109.7999,1772490600,34233.9304,34103.9545,34206.9577
34294.6881,1772490900,34322.0838,34110.7669,34110.7669
34350.6843,1772491200,34410.2767,34269.4801,34298.4076
34389.817,1772491500,34412.11,34307.8282,34336.8573
34376.9334,1772491800,34412.2485,34343.876,34389.4427
34331.3586,1772492100,34374.6702,34304.2058,34367.6248
34208.066,1772492400,34344.4279,34208.066,34333.8031
34209.1233,1772492700,34234.5042,34193.1534,34207.017
34125.0694,1772493000,34233.8508,34120.5123,34202.8519
34208.8114,1772493300,34255.1522,34114.7869,34129.237
34211.5646,1772493600,34248.9328,34170.0194,34217.9875
34225.6954,1772493900,34250.5527,34100.9292,34198.0407
34243.5086,1772494200,34249.7482,34121.6867,34220.1438
34301.0268,1772494500,34369.229,34245.887,34255.9601
34413.3079,1772494800,34429.5124,34311.3387,34311.3387
34412.0576,1772495100,34447.6352,34357.3914,34421.366
34432.0903,1772495400,34440.468,34342.2767,34414.8556
34375.0596,1772495700,34463.5314,34351.5178,34435.4672
34421.661,1772496000,34447.8632,34313.9691,34369.83
34494.3845,1772496300,34550.4115,34420.0261,34430.2123
34511.2821,1772496600,34568.7289,34463.2,34496.7458
34513.5982,1772496900,34584.6791,34492.1772,34512.3476
34566.5311,1772497200,34667.7091,34486.5097,34516.8655
34520.6784,1772497500,34591.1586,34505.5258,34570.1665
34515.0219,1772497800,34546.1122,34470.8715,34525.4984
34332.4376,1772498100,34515.905,34331.5652,34515.905
34344.2027,1772498400,34391.1065,34316.2167,34337.2061
34336.4967,1772498700,34354.4316,34253.0446,34339.6759
34444.8929,1772499000,34489.2768,34336.2119,34339.2681
34503.8993,1772499300,34571.6704,34432.542,34443.9726
34450.2704,1772499600,34536.9042,34450.2704,34504.4244
34510.0663,1772499900,34518.1309,34454.6135,34457.3376
34539.6628,1772500200,34554.6089,34396.7099,34503.6816
34659.8794,1772500500,34696.7594,34525.243,34533.5509
34855.3589,1772500800,34869.2843,34663.6778,34663.6778
34884.0733,1772501100,34889.6915,34792.016,34862.1651
34927.262,1772501400,34975.6046,34881.8515,34885.1933
34913.6969,1772501700,35015.2465,34903.0753,34927.4908
35039.6583,1772502000,35052.2316,34902.3895,34922.4975
35251.2291,1772502300,35252.0783,35015.0384,35047.9524
35146.7928,1772502600,35249.0649,35122.0007,35249.0649
35164.6084,1772502900,35200.1383,35093.9363,35137.2355
35239.2292,1772503200,35266.6623,35166.4291,35166.4291
35385.9136,1772503500,35410.6108,35236.9756,35236.9756
35424.0204,1772503800,35450.7222,35351.6399,35389.4895
35483.2699,1772504100,35511.5731,35334.7505,35428.9752
35411.9808,1772504400,35538.8583,35385.3413,35491.7456
35338.9917,1772504700,35424.6145,35336.7778,35410.8522
35393.3957,1772505000,35428.3536,35303.7592,35349.8339
35311.7593,1772505300,35401.6765,35264.7369,35395.2851
35363.742,1772505600,35408.2384,35267.9073,35310.2018
35373.3394,1772505900,35417.8497,35328.9573,35367.5247
35371.6256,1772506200,35371.6256,35233.9487,35368.5937
35448.7275,1772506500,35464.0183,35345.2494,35380.5158
35408.1725,1772506800,35523.2409,35391.6071,35449.3102
35505.3441,1772507100,35551.4397,35410.3212,35424.4461
35439.4564,1772507400,35563.6739,35411.8132,35518.5573
35441.0915,1772507700,35471.8311,35394.694,35440.7354
35468.4909,1772508000,35499.9555,35404.2256,35444.8154
35409.2072,1772508300,35463.3433,35370.0035,35463.3433
35442.9713,1772508600,35472.9566,35366.504,35399.0817
35408.5856,1772508900,35472.9538,35396.0387,35446.112
35314.0246,1772509200,35434.6085,35286.6985,35414.2897
35314.0995,1772509500,35345.0596,35264.4556,35323.5697
35274.8995,1772509800,35355.753,35223.2669,35317.4097
35227.0681,1772510100,35363.8214,35208.8178,35275.6942
35145.1633,1772510400,35223.678,35097.2864,35223.678
35133.0528,1772510700,35179.7694,35086.7238,35148.4038
35252.0591,1772511000,35276.613,35125.5293,35125.5293
35325.8718,1772511300,35375.4815,35258.79,35259.6609
35342.3585,1772511600,35364.3109,35276.0981,35336.8459
35243.759,1772511900,35421.4582,35243.759,35342.6848
35094.1735,1772512200,35234.4679,35086.09,35234.3356
34959.2689,1772512500,35091.4988,34948.7524,35086.3443
34954.7951,1772512800,34968.2903,34859.1939,34956.8348
35007.7677,1772513100,35029.1292,34903.924,34953.9684
34877.4706,1772513400,35021.8267,34850.4187,35006.8662
34752.0839,1772513700,34877.6038,34735.8012,34877.6038
34717.5001,1772514000,34809.512,34692.8081,34748.4817
34465.4047,1772514300,34732.6759,34465.4047,34719.1226
34369.5917,1772514600,34454.3842,34349.9159,34450.5609
34381.2087,1772514900,34395.0045,34294.8014,34371.5764
34405.7463,1772515200,34405.7463,34307.368,34375.0331
34490.9096,1772515500,34490.9096,34329.5291,34402.9896
34482.0874,1772515800,34512.5317,34440.7593,34495.2988
34559.1132,1772516100,34559.1132,34435.0825,34473.4496
34505.7841,1772516400,34614.511,34477.2165,34566.6298
34596.7734,1772516700,34596.7734,34492.0211,34507.6085
34597.5517,1772517000,34636.6235,34575.769,34601.9509
34544.8466,1772517300,34613.8281,34493.5,34600.2558
34554.9294,1772517600,34556.1416,34474.7802,34542.5609
34535.5686,1772517900,34564.6742,34498.9912,34561.6291
34527.7506,1772518200,34530.6996,34464.9227,34527.8867
34496.2536,1772518500,34535.3534,34396.8528,34529.245
34491.2137,1772518800,34519.0598,34416.3201,34498.762
34552.6782,1772519100,34631.3669,34459.4689,34494.193
34598.1461,1772519400,34648.1617,34539.5842,34547.4589
34465.6593,1772519700,34613.7411,34459.2972,34586.3845
34504.2076,1772520000,34528.8954,34428.9261,34460.836
34354.0955,1772520300,34503.8443,34354.0955,34500.3391
34212.644,1772520600,34358.2,34208.3229,34348.5968
34215.4708,1772520900,34328.7548,34208.653,34212.8793
34195.7969,1772521200,34228.9206,34166.0194,34220.1179
34150.154,1772521500,34229.8011,34148.5007,34202.4685
34141.6275,1772521800,34224.6394,34102.9021,34132.2113
34229.1333,1772522100,34234.8959,34102.1456,34134.3554
34253.675,1772522400,34272.9042,34128.314,34236.7193
34248.9717,1772522700,34259.8332,34185.1512,34248.5895
34300.8187,1772523000,34343.9537,34216.068,34261.8705
34388.5048,1772523300,34413.2366,34250.2394,34306.4708
34525.2587,1772523600,34538.808,34383.5256,34393.6423
34519.9253,1772523900,34542.6347,34485.0785,34532.1425
34447.9203,1772524200,34568.361,34438.2271,34513.0322
34479.5283,1772524500,34540.3692,34442.3296,34442.3296
34481.7594,1772524800,34498.4133,34412.3305,34480.9315
34461.1667,1772525100,34583.8735,34437.2002,34482.0075
34509.583,1772525400,34525.1969,34429.1113,34447.4284
34555.2714,1772525700,34588.0557,34460.7674,34495.7797
34696.3935,1772526000,34716.0868,34567.0922,34571.2667
34782.1193,1772526300,34803.3998,34648.8046,34692.6101
34825.9616,1772526600,34841.5047,34742.5207,34768.2512
34921.146,1772526900,34952.5103,34797.8725,34828.8483
34923.9004,1772527200,34946.279,34847.8923,34934.7776
34811.9415,1772527500,34938.7365,34805.7222,34925.9995
34856.6252,1772527800,34860.3258,34797.6506,34820.4343
34879.6953,1772528100,34951.1201,34836.7419,34858.8997
34786.5015,1772528400,34898.9253,34756.1511,34871.2585
34740.2768,1772528700,34805.7312,34728.7782,34780.6238
34693.8715,1772529000,34770.1242,34659.0726,34746.2144
34722.5602,1772529300,34792.4036,34678.0168,34692.5038
34764.2122,1772529600,34800.1075,34708.1757,34725.1358
34765.1313,1772529900,34822.7245,34747.2946,34774.7577
34915.1227,1772530200,34934.6789,34766.6907,34772.0097
34813.3005,1772530500,34923.2164,34806.9456,34912.1788
34946.4538,1772530800,34969.7382,34757.3657,34822.4488
35004.4163,1772531100,35019.4772,34892.4833,34943.6965
34928.3412,1772531400,35060.8232,34890.0589,35000.9831
34919.4816,1772531700,34944.0445,34871.6215,34930.686
35013.4237,1772532000,35017.6181,34930.5314,34930.5314
35030.3244,1772532300,35045.6836,34896.1044,35005.4683
34944.2333,1772532600,35046.0306,34910.3345,35032.9614
35068.806,1772532900,35072.7564,34922.7167,34956.8362
34985.4276,1772533200,35075.9939,34967.4845,35067.4096
35040.7947,1772533500,35040.7947,34887.2387,34977.4738
35096.5233,1772533800,35134.617,35035.8104,35035.8104
35260.6079,1772534100,35280.9044,35095.0455,35097.4172
35064.069,1772534400,35278.4032,35032.4345,35266.985
35115.7974,1772534700,35158.523,35056.253,35056.253
35090.5713,1772535000,35186.1757,35084.1931,35124.6732
35195.1618,1772535300,35216.0701,35069.0004,35094.5524
35293.3243,1772535600,35303.1727,35168.1159,35199.6481
35194.2451,1772535900,35299.0453,35169.8145,35299.0453
35213.9628,1772536200,35238.7321,35131.3691,35185.8063
35212.1277,1772536500,35238.2987,35126.4638,35211.9432
35274.7979,1772536800,35296.4825,35167.3625,35206.0625
35216.5356,1772537100,35328.9664,35211.2915,35276.7906
35380.7199,1772537400,35389.2159,35200.2183,35223.8214
35321.2127,1772537700,35385.3021,35307.7776,35385.3021
35437.4735,1772538000,35438.8563,35317.2779,35317.2779
35570.4164,1772538300,35570.4164,35407.6976,35442.2159
35612.4441,1772538600,35629.0061,35510.4291,35573.1804
35651.2786,1772538900,35656.549,35553.3307,35603.1101
35695.9359,1772539200,35697.1482,35577.8328,35654.1485
35634.9383,1772539500,35715.8695,35584.8963,35692.1383
35676.8064,1772539800,35737.87,35627.655,35631.2735
35790.8599,1772540100,35829.0885,35680.9155,35691.0634
35700.9782,1772540400,35800.1642,35681.1205,35777.8944
35609.7188,1772540700,35721.42,35570.7369,35704.7939
35676.9262,1772541000,35719.6302,35599.7213,35599.7213
35613.9578,1772541300,35685.4844,35600.7706,35681.2058
35661.5249,1772541600,35699.6129,35619.3017,35628.6778
35587.0613,1772541900,35668.938,35571.4605,35667.3858
35466.2288,1772542200,35588.0378,35461.8474,35588.0378
35511.5104,1772542500,35511.5236,35378.4825,35463.09
35605.9481,1772542800,35702.0322,35517.8331,35517.8331
35672.423,1772543100,35688.4655,35588.6267,35605.9169
35705.2537,1772543400,35814.6959,35670.2232,35677.9588
35664.5947,1772543700,35763.5485,35654.1165,35707.8824
35627.9656,1772544000,35707.0914,35626.712,35663.8283
35575.7032,1772544300,35669.7261,35558.7994,35623.8401
35612.9285,1772544600,35662.808,35524.578,35587.4726
35621.8653,1772544900,35663.4627,35565.2004,35614.5821
35688.3907,1772545200,35688.3907,35613.191,35630.7046
35624.7668,1772545500,35711.2949,35585.5747,35682.8222
35676.6146,1772545800,35676.6146,35604.8912,35620.025
35757.4326,1772546100,35791.4332,35679.2504,35679.2504
35790.6438,1772546400,35818.5148,35731.5099,35749.9038
35844.0164,1772546700,35860.5999,35756.0831,35797.0968
35836.3026,1772547000,35877.6278,35801.665,35820.8325
35824.3768,1772547300,35872.1986,35772.2836,35830.1908
35823.7215,1772547600,35852.8508,35778.0886,35841.8803
35727.692,1772547900,35863.1952,35720.0018,35832.6115
35788.1345,1772548200,35829.5768,35724.3851,35724.3851
35784.395,1772548500,35873.8293,35703.5653,35797.8887
35640.7581,1772548800,35785.025,35640.7581,35771.6966
35726.402,1772549100,35789.4865,35638.0047,35638.0047
35571.3,1772549400,35715.8699,35567.5408,35715.8699
35516.1795,1772549700,35600.5501,35516.1795,35579.7087
35443.9845,1772550000,35553.8977,35437.622,35527.2166
35405.6466,1772550300,35475.4684,35398.5204,35451.3269
35331.9428,1772550600,35440.7891,35326.1335,35406.0073
35381.5603,1772550900,35381.5603,35285.5279,35327.6709
35441.4237,1772551200,35445.8526,35327.6303,35381.6954
35489.3315,1772551500,35503.3554,35415.0046,35444.529
35560.0226,1772551800,35601.4726,35474.8295,35479.2397
35548.7506,1772552100,35565.8255,35454.3241,35547.9647
35387.1523,1772552400,35556.5657,35387.1523,35556.5657
35300.7755,1772552700,35401.7699,35273.7155,35386.3946
35501.0246,1772553000,35501.0246,35287.5364,35299.2624
35570.9506,1772553300,35613.6031,35496.1463,35501.5062
35583.1863,1772553600,35607.0294,35498.8632,35564.7046
35590.1792,1772553900,35609.7551,35486.5071,35586.8394
35665.5175,1772554200,35722.5001,35588.9802,35592.4979
35693.1429,1772554500,35709.9669,35625.3977,35663.6485
35729.9245,1772554800,35743.191,35642.0314,35688.7197
35695.6334,1772555100,35758.1603,35685.071,35736.6784
35706.9273,1772555400,35733.931,35633.2138,35704.4573
35614.4757,1772555700,35729.1494,35591.0054,35711.0164
35561.4583,1772556000,35673.8723,35530.2916,35614.757
35830.8577,1772556300,35837.4273,35537.9105,35565.4368
35894.3095,1772556600,35915.3584,35773.2371,35834.0895
35988.0366,1772556900,36001.1123,35899.1856,35902.877
36078.1392,1772557200,36084.2537,35907.3336,35990.0959
36196.2945,1772557500,36206.1691,36084.1416,36084.1416
36280.9211,1772557800,36355.7117,36204.7589,36204.7589
36294.8895,1772558100,36334.4289,36270.3198,36285.3353
36134.3125,1772558400,36278.0888,36126.3484,36278.0888
35999.386,1772558700,36130.9372,35999.386,36130.9372
35795.1549,1772559000,36068.7285,35778.2448,36004.5434
35813.9928,1772559300,35878.6572,35729.4817,35797.8327
35752.1795,1772559600,35807.533,35700.7073,35807.533
35800.0635,1772559900,35800.0635,35724.0779,35752.6309
35936.1415,1772560200,35946.0133,35807.1213,35807.1213
35844.8352,1772560500,35929.0078,35837.242,35925.99
35876.9136,1772560800,35926.3851,35827.9245,35842.1833
35779.4265,1772561100,35870.9562,35727.6482,35870.9562
35792.1222,1772561400,35819.9207,35771.8247,35785.7496
35825.9689,1772561700,35832.4669,35734.2972,35787.2571
35703.8375,1772562000,35823.279,35665.0551,35821.6332
35749.6681,1772562300,35776.3487,35702.457,35710.602
35700.2288,1772562600,35793.6988,35697.3408,35747.8098
35547.9153,1772562900,35711.0249,35516.8707,35711.0249
35556.4494,1772563200,35596.1217,35526.8643,35553.9948
35569.1559,1772563500,35572.1869,35437.3056,35549.4568
35712.2831,1772563800,35712.2831,35563.2912,35577.8153
35801.8497,1772564100,35852.1216,35709.1519,35709.1519
35742.7713,1772564400,35840.2992,35715.0052,35793.6557
35704.3098,1772564700,35749.1987,35670.792,35742.5843
35827.1159,1772565000,35827.6996,35704.4196,35704.4196
35757.5093,1772565300,35883.9167,35731.186,35822.993
35864.5742,1772565600,35893.0602,35738.9662,35769.5339
35854.0116,1772565900,35926.2232,35826.0359,35868.4524
35932.2631,1772566200,35980.5817,35788.6384,35849.1063
35896.7236,1772566500,35978.1736,35859.2455,35941.0715
35860.4262,1772566800,35950.1002,35820.7127,35883.8895
35878.9645,1772567100,35924.7727,35829.5439,35846.7888
35642.8366,1772567400,35888.4035,35636.7008,35880.4032
35771.5574,1772567700,35771.5574,35609.1726,35644.1934
35902.2809,1772568000,35922.3799,35702.9229,35762.4576
35797.0057,1772568300,35899.4411,35758.8462,35897.4591
35804.6692,1772568600,35864.5398,35781.1499,35795.2065
35809.8614,1772568900,35859.8245,35775.657,35806.4114
35792.0209,1772569200,35843.1732,35774.5253,35817.0075
35661.1955,1772569500,35788.012,35621.0373,35788.012
35838.4428,1772569800,35838.4428,35655.5718,35665.261
35929.9447,1772570100,35990.6863,35845.8339,35845.8339
35924.4105,1772570400,35950.5597,35851.025,35933.0597
35963.6434,1772570700,36052.5796,35889.7124,35930.7765
35919.1343,1772571000,36022.5845,35900.1829,35956.6847
36098.8585,1772571300,36116.093,35932.2508,35932.2508
36104.6561,1772571600,36147.6272,36071.7922,36103.9279
36149.4634,1772571900,36157.63,36028.2707,36100.3235
36108.6687,1772572200,36196.938,36106.7936,36161.1343
36203.4051,1772572500,36220.362,36071.2222,36116.4264
36133.2631,1772572800,36250.781,36124.1597,36201.1683
36154.4934,1772573100,36222.5558,36121.7596,36134.068
36055.3436,1772573400,36167.8892,36040.5756,36160.4679
36206.1485,1772573700,36206.1485,36010.8621,36048.3958
36190.9599,1772574000,36290.246,36190.9599,36215.9613
36168.7232,1772574300,36224.6927,36126.2999,36183.3034
36185.1569,1772574600,36277.6878,36166.9803,36166.9803
36079.4337,1772574900,36213.8901,36079.4337,36199.2973
36295.1744,1772575200,36295.5524,36084.0378,36084.0378
36279.0966,1772575500,36341.8873,36236.9936,36300.0005
36375.5902,1772575800,36424.431,36266.8599,36278.1044
36222.0441,1772576100,36370.3713,36187.504,36370.3713
36179.231,1772576400,36241.1123,36169.6992,36211.5009
36126.3301,1772576700,36226.4715,36104.1438,36168.5671
36044.7292,1772577000,36172.809,36044.261,36124.2063
35999.364,1772577300,36107.7558,35993.5975,36040.8317
35939.084,1772577600,36007.2826,35897.658,35998.9742
36003.6384,1772577900,36027.9134,35920.7734,35933.2283
36011.007,1772578200,36033.2812,35942.7231,36011.796
36155.0979,1772578500,36155.0979,36003.6505,36015.101
36152.3161,1772578800,36187.9773,36121.1367,36154.3604
36083.1449,1772579100,36158.1118,36042.3004,36150.0971
36245.6013,1772579400,36257.7723,36074.0402,36084.733
36112.2109,1772579700,36263.2153,36095.7173,36250.2232
36050.2714,1772580000,36114.4234,36020.4678,36114.4234
35980.0349,1772580300,36071.5569,35963.7119,36048.4948
35930.7131,1772580600,36050.1788,35930.7131,35983.9567
35817.7248,1772580900,35949.3723,35805.0771,35933.7372
35781.2733,1772581200,35870.7641,35733.2089,35817.0012
35783.6684,1772581500,35847.3544,35764.253,35774.7572
35686.8666,1772581800,35819.9326,35616.3773,35794.5102
35657.5372,1772582100,35747.6489,35655.2983,35699.7238
35733.1705,1772582400,35734.6004,35615.5129,35652.471
35743.0689,1772582700,35782.8311,35680.2031,35731.4249
35642.1128,1772583000,35770.7949,35642.1128,35751.9358
35700.1601,1772583300,35700.1601,35559.2322,35644.7702
35578.0112,1772583600,35701.7689,35577.1195,35690.3913
35595.431,1772583900,35628.9637,35566.8019,35582.496
35679.3244,1772584200,35691.4943,35579.8382,35593.5722
35832.1648,1772584500,35839.7746,35688.6589,35688.6589
35957.5928,1772584800,35979.787,35817.5331,35830.1139
35849.1927,1772585100,35979.7727,35772.8257,35962.8925
35828.4224,1772585400,35856.0962,35760.5625,35846.8188
35872.8622,1772585700,35873.1291,35738.5213,35822.0559
35865.6536,1772586000,35933.8179,35808.454,35880.2757
35899.7684,1772586300,35982.7288,35863.4252,35863.4252
35811.1545,1772586600,35923.2264,35785.2822,35896.5154
35887.3521,1772586900,35937.9413,35815.2681,35822.5013
35834.2465,1772587200,35939.9998,35833.5509,35878.7
35860.1455,1772587500,35887.3982,35797.0686,35846.6432
35867.1724,1772587800,35876.2426,35740.7642,35854.9135
35977.5771,1772588100,35979.1563,35849.4044,35869.5061
36122.4495,1772588400,36122.4495,35944.3348,35985.3364
36168.9269,1772588700,36188.4888,36092.103,36117.515
36031.3031,1772589000,36168.8444,36031.3031,36165.9989
36164.9335,1772589300,36174.3024,36032.1892,36034.1958
36014.6981,1772589600,36187.5628,36014.6981,36156.9927
36026.032,1772589900,36062.0568,36000.5714,36022.4346
36016.3062,1772590200,36070.0847,35988.1045,36021.3942
36055.4452,1772590500,36122.5865,35992.6716,36018.1713
36087.1144,1772590800,36102.426,36019.2686,36060.7875
36092.479,1772591100,36142.0061,36049.2015,36084.7125
36157.0198,1772591400,36168.7799,36052.3647,36095.5244
36157.4793,1772591700,36225.8739,36151.6845,36169.4785
36053.354,1772592000,36210.724,35993.2782,36163.5289
36066.3104,1772592300,36116.3372,36033.8613,36057.5813
36154.1662,1772592600,36188.816,36028.8326,36058.6949
36055.7883,1772592900,36176.438,36024.9841,36158.0547
35806.5808,1772593200,36070.2633,35806.5808,36055.9832
35699.5213,1772593500,35809.3551,35683.9134,35806.5338
35722.0015,1772593800,35732.0091,35632.0631,35705.8754
35665.679,1772594100,35728.9764,35597.9287,35727.3261
35613.4017,1772594400,35673.2304,35594.6711,35669.8116
35525.7823,1772594700,35624.3753,35517.9669,35615.8425
35511.2095,1772595000,35571.0027,35444.3659,35526.6645
35470.5764,1772595300,35570.554,35467.1241,35510.7041
35463.8239,1772595600,35498.3885,35414.1919,35457.9685
35432.2602,1772595900,35476.9619,35353.6936,35465.6984
35358.0062,1772596200,35488.7668,35356.3447,35438.391
35406.9244,1772596500,35466.9699,35353.9206,35353.9206
35542.6038,1772596800,35552.3421,35388.3727,35409.7266
35685.8756,1772597100,35685.8756,35525.6222,35545.022
35696.044,1772597400,35736.7637,35656.3295,35686.5019
35683.9712,1772597700,35735.6554,35673.8568,35710.0606
35602.3247,1772598000,35689.8049,35584.8793,35683.4895
35532.5161,1772598300,35620.4715,35468.5203,35606.8012
35621.6662,1772598600,35621.9412,35520.98,35538.5218
35546.6342,1772598900,35629.727,35546.6342,35622.0604
35525.0278,1772599200,35571.7996,35467.2074,35549.2953
35479.1782,1772599500,35550.3902,35457.171,35519.1555
35438.5799,1772599800,35490.4653,35410.495,35490.4653
35402.9231,1772600100,35468.9835,35399.397,35431.3023
35393.3772,1772600400,35407.562,35308.8017,35407.562
35499.6935,1772600700,35499.6935,35385.837,35393.2202
35640.0846,1772601000,35640.0846,35451.7529,35481.1669
35592.7602,1772601300,35679.4899,35527.5161,35635.369
35683.6071,1772601600,35707.2822,35562.3141,35593.8093
35663.6875,1772601900,35731.2759,35617.3578,35681.2717
35638.6681,1772602200,35689.0463,35566.4044,35666.2993
35580.8043,1772602500,35653.0032,35538.0344,35642.2217
35554.979,1772602800,35610.828,35538.1492,35575.4767
35422.9266,1772603100,35550.2871,35412.3315,35546.6687
35472.0064,1772603400,35474.8949,35390.4134,35418.6763
35443.3636,1772603700,35483.4758,35413.4519,35472.4141
35445.7281,1772604000,35491.5547,35404.4261,35450.8136
35433.2512,1772604300,35556.1388,35380.4739,35454.5151
35367.1237,1772604600,35440.6712,35333.6648,35414.9835
35484.4379,1772604900,35504.7063,35363.6658,35363.6658
35453.7832,1772605200,35494.5879,35410.3814,35475.1098
35427.8944,1772605500,35488.1864,35403.1671,35445.7093
35461.0188,1772605800,35488.7602,35367.2549,35429.4215
35421.9271,1772606100,35524.6479,35404.3553,35455.7663
35463.5534,1772606400,35511.0623,35389.5247,35419.7937
35491.0427,1772606700,35491.161,35373.4093,35466.7122
35567.5317,1772607000,35567.5317,35469.4156,35479.3108
35522.111,1772607300,35589.0208,35470.9233,35567.9096
35465.6031,1772607600,35538.2058,35446.1235,35538.2058
35350.2692,1772607900,35487.9794,35327.7057,35476.9854
35537.454,1772608200,35538.4407,35354.6509,35363.4026
35422.2044,1772608500,35540.672,35388.2791,35540.672
35305.2891,1772608800,35444.2669,35270.6259,35431.5979
35484.2896,1772609100,35495.9459,35298.634,35302.6496
35462.8801,1772609400,35539.7256,35432.3586,35480.5349
35471.261,1772609700,35493.1143,35412.3263,35459.9845
35395.7938,1772610000,35463.6245,35379.7436,35463.6245
35440.6692,1772610300,35456.1862,35361.9955,35388.1314
35440.2713,1772610600,35480.2714,35360.1014,35441.4934
35408.2967,1772610900,35446.056,35359.637,35444.1919
35450.9098,1772611200,35460.2469,35372.3578,35411.101
35413.3625,1772611500,35467.321,35381.1169,35447.8312
35412.8943,1772611800,35448.4537,35355.3722,35414.28
35375.5658,1772612100,35528.4938,35375.5658,35419.0577
35425.139,1772612400,35425.139,35321.1023,35368.8456
35426.5839,1772612700,35474.0108,35367.6339,35429.4867
35577.4791,1772613000,35614.4526,35426.8598,35426.8598
35769.5681,1772613300,35779.5519,35583.4542,35585.4846
35722.5943,1772613600,35804.4479,35686.0598,35760.3866
35767.9518,1772613900,35792.3163,35674.5726,35719.4899
35721.7133,1772614200,35848.389,35721.7133,35776.1282
35568.7917,1772614500,35726.9711,35530.7692,35715.1806
35422.1702,1772614800,35608.0506,35422.1702,35569.2735
35437.3921,1772615100,35540.1046,35423.7122,35425.5292
35531.045,1772615400,35545.2333,35398.5747,35443.3492
35616.8159,1772615700,35640.8087,35496.3679,35523.7377
35678.8968,1772616000,35696.7562,35570.4747,35614.4116
35614.5192,1772616300,35713.3607,35600.786,35679.8968
35495.2506,1772616600,35636.379,35481.6442,35626.1068
35455.1893,1772616900,35502.747,35407.1394,35499.9843
35413.5885,1772617200,35503.1081,35411.4658,35451.9866
35478.1737,1772617500,35506.6635,35339.0306,35408.642
35447.6725,1772617800,35502.0467,35400.0657,35480.9213
35490.7825,1772618100,35521.043,35408.4702,35454.0777
35580.0896,1772618400,35587.1952,35409.2119,35482.8664
35547.0296,1772618700,35646.4091,35547.0296,35570.6944
35658.2228,1772619000,35661.6299,35535.3616,35543.3352
35752.0558,1772619300,35788.6981,35656.6624,35665.5201
35725.3345,1772619600,35839.0598,35688.9233,35748.9145
35689.145,1772619900,35807.1475,35681.8729,35712.7897
35637.7201,1772620200,35691.5854,35597.3532,35689.192
35482.1893,1772620500,35676.6176,35479.5678,35648.4381
35586.8139,1772620800,35621.5821,35449.2598,35488.9205
35523.1157,1772621100,35586.4953,35498.703,35573.0908
35421.6251,1772621400,35570.9884,35419.2693,35523.877
35444.9473,1772621700,35459.6976,35386.2237,35421.852
35441.7292,1772622000,35491.4996,35415.2945,35450.7922
35214.718,1772622300,35473.7088,35193.5001,35437.2579
35091.4217,1772622600,35218.6967,35091.4217,35210.8281
34992.6392,1772622900,35100.6451,34987.2192,35089.6686
35110.415,1772623200,35110.415,34998.6903,34999.9065
35165.6315,1772623500,35169.3735,35072.6392,35103.2738
35079.3966,1772623800,35220.0801,35067.8527,35179.7729
35103.2262,1772624100,35145.8524,35036.9225,35066.198
35174.7998,1772624400,35203.2706,35074.64,35105.8387
35305.4615,1772624700,35305.4615,35160.5823,35179.1531
35542.7614,1772625000,35546.9918,35300.3096,35307.0778
35577.3777,1772625300,35580.2874,35470.2998,35541.8654
35662.7376,1772625600,35662.7376,35556.5862,35569.0399
35658.1765,1772625900,35774.2778,35658.1765,35673.5469
35598.7783,1772626200,35681.2125,35598.7783,35674.812
35623.8671,1772626500,35634.8188,35538.2107,35594.87
35720.397,1772626800,35729.8426,35608.3109,35623.2688
35683.8616,1772627100,35733.5525,35661.8963,35733.5525
35717.7164,1772627400,35718.2234,35660.646,35689.9608
35693.1543,1772627700,35771.7554,35683.3298,35715.3839
35831.0406,1772628000,35872.3773,35677.7038,35692.0982
35737.2578,1772628300,35862.9912,35676.6244,35826.7112
35726.8755,1772628600,35791.5289,35686.8162,35743.4155
35676.5737,1772628900,35743.7908,35639.7021,35727.254
35671.8294,1772629200,35718.9202,35648.1056,35676.0383
35643.2825,1772629500,35708.6377,35624.5139,35676.0147
35619.913,1772629800,35677.4207,35609.3769,35638.5041
35636.3636,1772630100,35641.5853,35530.3185,35621.5633
35743.0571,1772630400,35787.2966,35636.3729,35636.3729
35730.8548,1772630700,35800.303,35703.1664,35741.402
35636.8363,1772631000,35747.9763,35630.9665,35738.0471
35655.0306,1772631300,35667.1132,35603.8837,35635.8892
35685.5245,1772631600,35769.3449,35628.7172,35664.0932
35790.7318,1772631900,35790.7318,35660.0393,35684.2602
35795.5998,1772632200,35851.6824,35729.7877,35771.5135
35839.0766,1772632500,35841.6998,35760.192,35792.4514
35759.4796,1772632800,35831.5095,35734.2614,35831.5095
35731.9892,1772633100,35755.785,35659.5995,35754.8497
35739.6672,1772633400,35788.1442,35692.0733,35728.8492
35645.7599,1772633700,35745.0173,35617.8118,35731.0822
35722.5653,1772634000,35750.1505,35622.967,35637.1549
35735.5999,1772634300,35774.6926,35652.5244,35717.348
35703.256,1772634600,35762.9756,35684.6861,35721.3686
35867.4589,1772634900,35877.1388,35691.1686,35697.908
35885.3792,1772635200,35926.6632,35849.5381,35862.6322
35999.672,1772635500,35999.672,35825.3202,35884.8894
35970.8942,1772635800,36065.0858,35921.2504,36003.0471
35922.2956,1772636100,35983.6871,35878.4042,35970.8141
35964.8398,1772636400,35979.1364,35871.5774,35920.451
35939.5435,1772636700,36039.9622,35935.0146,35962.2476
35912.7741,1772637000,35967.3796,35870.102,35946.2106
35874.0897,1772637300,35950.5831,35839.4511,35907.7732
35803.0815,1772637600,35915.5898,35736.3207,35878.5964
35742.5468,1772637900,35801.6869,35675.7786,35797.862
35671.176,1772638200,35743.6248,35560.5768,35738.7705
35535.1378,1772638500,35682.172,35535.1378,35665.1748
35661.4157,1772638800,35733.2519,35515.4213,35542.709
35640.941,1772639100,35678.5396,35577.0639,35656.2044
35661.3047,1772639400,35681.2815,35584.5408,35639.1372
35640.0487,1772639700,35723.9348,35603.2661,35670.9038
35508.5517,1772640000,35637.3854,35467.4664,35633.2054
35460.8056,1772640300,35541.8134,35426.12,35506.0234
35481.6487,1772640600,35515.1904,35428.0693,35461.2716
35507.2422,1772640900,35511.7927,35437.5166,35478.9712
35438.9396,1772641200,35520.9043,35414.049,35512.5382
35405.8415,1772641500,35488.8326,35388.9271,35435.7458
35421.3018,1772641800,35492.7518,35389.0419,35406.2602
35469.3136,1772642100,35500.6799,35385.1863,35409.274
35443.8225,1772642400,35494.7175,35430.0324,35468.3029
35289.1984,1772642700,35486.6675,35271.9655,35441.3534
35267.2109,1772643000,35315.7538,35224.1302,35273.1161
35172.9339,1772643300,35305.1361,35137.8891,35276.5956
35260.5113,1772643600,35263.973,35143.8825,35176.6589
35214.5169,1772643900,35261.2267,35131.2338,35261.2267
35229.5871,1772644200,35255.8643,35180.0636,35218.0492
35279.6211,1772644500,35281.057,35198.5924,35222.6465
35322.2295,1772644800,35416.8464,35238.4229,35266.2294
35291.4,1772645100,35372.1287,35274.0232,35312.7192
35211.7271,1772645400,35293.0655,35183.9304,35293.0655
35293.7036,1772645700,35352.2162,35217.4796,35217.4796
35297.8947,1772646000,35335.4269,35256.5889,35292.9897
35180.7758,1772646300,35306.1716,35180.7758,35302.8453
35225.0711,1772646600,35243.1401,35158.9355,35174.6424
35142.5011,1772646900,35251.1338,35142.5011,35237.7251
35163.6292,1772647200,35206.6349,35125.7385,35149.9481
35279.1008,1772647500,35304.7706,35167.5238,35167.5238
35249.4984,1772647800,35296.3016,35223.2176,35276.0854
35192.5326,1772648100,35315.2047,35179.5709,35254.3283
35086.1393,1772648400,35205.3655,35031.4054,35193.1713
35027.7916,1772648700,35174.7871,35006.8489,35087.3953
34946.7615,1772649000,35031.3787,34888.6158,35025.9883
34977.0677,1772649300,34977.0677,34887.08,34950.686
34996.5463,1772649600,35024.7271,34940.3108,34971.8791
34799.034,1772649900,35014.3465,34761.1546,34999.1691
34809.4244,1772650200,34889.8319,34772.7169,34802.866
34657.4724,1772650500,34820.7279,34640.0333,34805.7541
34705.3688,1772650800,34721.9764,34624.2912,34656.9681
34775.3071,1772651100,34783.4117,34703.7595,34703.7595
34825.1056,1772651400,34830.5744,34751.8339,34773.9142
34733.9753,1772651700,34819.8461,34722.5395,34808.8536
34727.4858,1772652000,34765.458,34658.6855,34737.808
34696.1082,1772652300,34761.7381,34662.7723,34733.5489
34705.6801,1772652600,34750.0013,34660.8193,34708.2524
34540.0632,1772652900,34704.9445,34539.2681,34701.4515
34497.1015,1772653200,34539.6232,34417.2534,34531.2518
34403.3496,1772653500,34515.5755,34403.3496,34500.2068
34385.8493,1772653800,34434.2027,34337.7204,34408.5784
34424.3223,1772654100,34432.7684,34284.1709,34380.7787
34517.8699,1772654400,34540.3526,34418.1199,34421.2582
34439.7351,1772654700,34519.2497,34437.2965,34507.3059
34425.1365,1772655000,34481.6519,34411.9257,34437.5847
34435.0396,1772655300,34474.4489,34366.7202,34422.7789
34396.7404,1772655600,34458.0017,34374.5915,34433.2369
34339.2508,1772655900,34405.1704,34335.9215,34405.1704
34374.473,1772656200,34395.1889,34320.7507,34347.2094
34393.9226,1772656500,34437.5065,34357.8371,34389.4127
34413.9551,1772656800,34438.3044,34373.9531,34403.9825
34454.4921,1772657100,34475.7461,34398.6229,34415.175
34517.8535,1772657400,34521.5776,34406.7869,34453.5608
34572.3121,1772657700,34602.436,34502.2991,34502.2991
34594.5656,1772658000,34648.432,34549.4837,34568.6308
34571.534,1772658300,34649.2916,34565.9384,34600.044
34585.8512,1772658600,34605.6412,34504.663,34570.829
34673.3394,1772658900,34686.9848,34577.5095,34579.3038
34646.4863,1772659200,34698.5347,34587.5532,34659.4987
34670.9058,1772659500,34680.9316,34599.0071,34656.0843
34694.9834,1772659800,34725.3961,34622.1505,34676.5387
34722.3284,1772660100,34744.973,34670.5886,34689.9894
34642.1437,1772660400,34745.9212,34626.9889,34723.0157
34625.2062,1772660700,34692.3116,34609.0637,34646.9797
34589.3221,1772661000,34679.0663,34581.9845,34622.4809
34551.5014,1772661300,34622.191,34526.5253,34585.3455
34556.4656,1772661600,34572.8789,34484.0135,34565.2856
34616.2031,1772661900,34634.3848,34553.3962,34558.9079
34467.3338,1772662200,34599.7755,34421.7197,34599.7755
34533.5971,1772662500,34549.5088,34455.6076,34464.3755
34511.8098,1772662800,34570.1819,34467.7278,34527.5077
34617.9616,1772663100,34636.6584,34500.9613,34503.7669
34700.0066,1772663400,34700.0066,34592.0045,34626.0142
34683.8162,1772663700,34731.8917,34656.9628,34707.1209
34522.0593,1772664000,34677.5231,34512.0589,34677.5231
34479.8245,1772664300,34544.8495,34428.2295,34519.0563
34585.4035,1772664600,34602.8759,34477.0195,34477.9212
34515.3918,1772664900,34592.9494,34487.5212,34592.9494
34598.5506,1772665200,34637.2744,34493.3137,34525.7776
34699.1679,1772665500,34702.7109,34556.669,34602.5124
34688.3966,1772665800,34766.5348,34684.82,34690.6316
34722.3025,1772666100,34740.6644,34641.8069,34686.0724
34704.5776,1772666400,34758.7498,34693.1199,34735.1873
34543.9508,1772666700,34712.2125,34537.077,34693.008
34555.2188,1772667000,34570.8607,34479.7222,34536.4183
34591.3281,1772667300,34598.3392,34509.1625,34563.8214
34409.3706,1772667600,34603.9484,34402.4681,34603.9484
34401.4784,1772667900,34503.7629,34386.4022,34405.5421
34517.8803,1772668200,34568.3449,34389.5106,34398.4138
34420.9767,1772668500,34537.1707,34420.9767,34513.67
34408.3575,1772668800,34422.4254,34328.6771,34414.2985
34375.8298,1772669100,34469.0632,34354.0348,34398.2956
34346.9806,1772669400,34418.7522,34293.4578,34384.5933
34343.6991,1772669700,34371.258,34282.9947,34354.3178
34261.3381,1772670000,34353.6188,34252.7311,34353.6188
34308.2031,1772670300,34346.7791,34236.7923,34250.621
34259.1442,1772670600,34350.7836,34259.1442,34315.6309
34335.8236,1772670900,34350.9197,34232.5181,34261.0713
34213.2609,1772671200,34333.8718,34213.2609,34333.8718
34164.7921,1772671500,34280.8081,34157.2381,34224.7009
34213.5532,1772671800,34224.6599,34100.1687,34168.9266
34175.5636,1772672100,34256.0545,34110.0361,34218.1245
34225.1496,1772672400,34266.5412,34142.5091,34176.1687
34258.1842,1772672700,34308.708,34214.0523,34231.742
34275.5394,1772673000,34292.6644,34206.2073,34260.4325
34253.2495,1772673300,34279.1945,34172.4629,34278.228
34294.3215,1772673600,34296.8594,34202.9464,34259.1172
34363.6501,1772673900,34382.887,34255.6496,34283.3503
34420.0073,1772674200,34420.8296,34342.4865,34353.5882
34394.7279,1772674500,34451.5635,34380.3589,34424.1049
34364.8256,1772674800,34444.5426,34339.2877,34394.245
34415.0553,1772675100,34445.9879,34360.5913,34366.3196
34259.7741,1772675400,34444.7206,34259.7741,34405.0933
34154.9712,1772675700,34265.8795,34123.1304,34265.8795
34090.681,1772676000,34164.1844,34062.1325,34151.2198
34220.2227,1772676300,34223.9339,34029.6684,34076.6165
34272.2377,1772676600,34280.03,34166.7147,34214.0503
34259.2254,1772676900,34326.8448,34177.5041,34269.0701
34169.0945,1772677200,34284.5379,34155.6448,34260.2601
34191.0825,1772677500,34201.342,34113.8785,34170.8509
34074.7396,1772677800,34218.9934,34065.3079,34189.5347
34060.9813,1772678100,34127.3339,34023.1115,34080.6446
34022.0216,1772678400,34071.823,33973.4669,34055.1669
33890.8601,1772678700,34059.097,33880.3006,34020.3625
34053.2839,1772679000,34057.1952,33875.9006,33891.9291
34039.9886,1772679300,34084.2258,33999.3008,34045.1905
34250.0339,1772679600,34250.0339,34050.2633,34050.2633
34124.9875,1772679900,34239.0556,34109.4348,34239.0556
34206.9932,1772680200,34206.9932,34096.6099,34129.1215
34331.4634,1772680500,34334.1715,34218.4221,34218.4221
34364.0819,1772680800,34402.4313,34294.3174,34325.912
34483.4448,1772681100,34518.8929,34343.4276,34363.0353
34463.9373,1772681400,34517.6567,34401.435,34477.8336
34337.2029,1772681700,34478.8666,34320.2671,34462.4162
34270.3429,1772682000,34343.981,34221.7321,34333.3617
34290.0299,1772682300,34300.8266,34225.6052,34266.0666
34314.4965,1772682600,34361.5599,34285.8131,34299.5019
34377.7218,1772682900,34384.9959,34317.3449,34320.8588
34421.664,1772683200,34479.0722,34357.4228,34372.0723
34420.4224,1772683500,34436.2693,34375.2729,34420.42
34341.2572,1772683800,34448.4571,34341.2572,34414.8527
34332.3905,1772684100,34342.953,34282.1066,34342.953
34400.5534,1772684400,34412.4404,34331.0511,34332.288
34285.8648,1772684700,34420.1126,34268.4426,34385.6392
34253.7311,1772685000,34312.2323,34246.1688,34280.2974
34204.4828,1772685300,34289.7734,34126.8713,34261.3935
34114.4444,1772685600,34215.3822,34088.6367,34211.4628
34013.7343,1772685900,34134.7153,33995.4979,34106.0076
34086.3586,1772686200,34150.9947,34012.3926,34012.3926
34199.8403,1772686500,34227.741,34056.5924,34089.4503
34208.6422,1772686800,34267.3211,34184.1591,34206.702
34215.9923,1772687100,34298.4747,34167.3368,34219.7931
34186.5424,1772687400,34236.7567,34148.3821,34216.6139
34141.9044,1772687700,34181.7661,34076.8941,34181.3764
34232.4787,1772688000,34238.0109,34142.39,34149.0252
34310.3116,1772688300,34319.7149,34218.2811,34234.6692
34340.7136,1772688600,34366.5882,34287.1134,34304.4542
34280.2184,1772688900,34356.6409,34234.9589,34345.4846
34205.4664,1772689200,34302.8734,34157.6166,34270.3939
34210.6678,1772689500,34210.6678,34126.4712,34202.0995
34165.5269,1772689800,34252.5058,34147.0998,34213.7538
34161.8843,1772690100,34192.6641,34128.5662,34181.8662
34172.5484,1772690400,34279.0492,34163.535,34169.497
34144.4989,1772690700,34236.9053,34141.7439,34173.1893
34105.2441,1772691000,34169.1791,34074.6575,34163.2239
34042.7039,1772691300,34168.0514,34042.7039,34112.5073
34039.2993,1772691600,34063.3401,33950.9176,34051.9103
33972.7169,1772691900,34054.5231,33933.4326,34039.1021
33913.9132,1772692200,33969.4344,33883.8199,33969.4344
33965.735,1772692500,34021.9866,33893.5645,33917.6276
33892.3688,1772692800,33977.5467,33878.0601,33963.7846
33786.6969,1772693100,33896.621,33736.079,33896.621
33680.25,1772693400,33796.6971,33680.25,33779.4358
33646.0421,1772693700,33727.9118,33628.8364,33675.147
33711.0891,1772694000,33732.1956,33638.6013,33649.7101
33703.8007,1772694300,33765.6737,33676.1738,33713.3994
33545.4647,1772694600,33709.4777,33520.9062,33708.9456
33402.3806,1772694900,33551.5007,33389.675,33551.5007
33384.3849,1772695200,33432.0442,33370.5771,33402.1473
33290.5959,1772695500,33408.7141,33290.5959,33382.6605
33317.4455,1772695800,33337.7007,33247.1862,33292.0042
33305.6383,1772696100,33330.2937,33248.2811,33317.2726
33273.065,1772696400,33418.0286,33261.0052,33308.0427
33263.3693,1772696700,33321.1061,33210.6686,33272.1168
33146.5216,1772697000,33256.1683,33104.2313,33256.1683
33154.3412,1772697300,33229.7777,33104.7405,33142.3222
33001.5477,1772697600,33205.3005,32999.1568,33166.7917
32942.9851,1772697900,33039.0227,32904.3475,33001.9122
32890.4658,1772698200,32941.4709,32880.0333,32941.4709
32892.3712,1772698500,32936.6574,32834.6725,32890.859
32912.0649,1772698800,32963.7755,32870.3897,32903.2869
32854.2236,1772699100,32954.4783,32854.2236,32919.3793
32839.2153,1772699400,32875.295,32783.2365,32860.858
32768.5577,1772699700,32861.1371,32732.4883,32836.5841
32732.1881,1772700000,32782.5634,32675.6028,32770.2418
32892.2277,1772700300,32892.6201,32737.5885,32737.5885
32920.4141,1772700600,32945.116,32815.9246,32900.6965
32909.4261,1772700900,32953.5994,32875.9545,32921.7332
32787.432,1772701200,32913.9898,32778.7688,32908.7968
32694.222,1772701500,32814.064,32687.2451,32797.9785
32730.2365,1772701800,32730.2365,32616.1657,32694.8941
32650.6325,1772702100,32773.8391,32632.3072,32725.9471
32579.4769,1772702400,32665.232,32548.7096,32656.1272
32539.3084,1772702700,32598.449,32514.2389,32573.5802
32481.4862,1772703000,32585.695,32478.1518,32551.3803
32423.1793,1772703300,32501.3465,32407.1979,32474.4025
32355.7872,1772703600,32442.8778,32355.7872,32417.2351
32275.9069,1772703900,32362.5216,32250.0609,32355.8884
32278.5997,1772704200,32308.9139,32250.7888,32287.75
32344.3537,1772704500,32358.9681,32272.6959,32276.6299
32424.4181,1772704800,32432.4727,32340.6535,32344.5028
32362.8992,1772705100,32427.6975,32297.6079,32419.2108
32307.7708,1772705400,32378.0367,32304.2421,32358.7954
32271.6624,1772705700,32306.7549,32216.1393,32302.6019
32339.038,1772706000,32394.1546,32267.9813,32267.9813
32431.3192,1772706300,32434.3299,32334.5985,32341.5579
32320.6082,1772706600,32439.0125,32309.1101,32439.0125
32189.2659,1772706900,32319.0501,32180.9295,32319.0501
32240.9602,1772707200,32253.4259,32155.4134,32194.772
32114.2569,1772707500,32265.2029,32112.0258,32252.9911
32161.9761,1772707800,32171.4931,32089.3468,32104.0645
32330.8107,1772708100,32330.8107,32167.3862,32176.7598
32353.3523,1772708400,32405.5644,32287.7302,32330.6583
32225.9272,1772708700,32350.045,32187.7116,32346.3296
32108.9483,1772709000,32221.2606,32091.5205,32221.2606
32209.0048,1772709300,32279.0258,32097.5008,32109.3338
32127.5733,1772709600,32223.8555,32119.6967,32195.3424
32185.6106,1772709900,32260.1803,32096.8061,32130.8509
32211.2026,1772710200,32221.2077,32126.225,32179.1421
32251.7759,1772710500,32303.5976,32183.3109,32207.0063
32249.4097,1772710800,32285.9904,32221.7975,32242.2897
32207.0995,1772711100,32261.7033,32161.0665,32255.2411
32229.0,1772711400,32247.5913,32131.7964,32208.6893
32214.8969,1772711700,32286.1386,32199.8065,32230.0011
32293.9113,1772712000,32313.0521,32221.6167,32221.6167
32323.7411,1772712300,32371.6714,32290.2096,32292.6839
32267.3937,1772712600,32337.6334,32224.326,32337.6334
32348.7872,1772712900,32348.7872,32232.9974,32267.9328
32475.2742,1772713200,32475.2742,32327.2802,32347.1752
32359.614,1772713500,32472.5741,32348.003,32468.6011
32353.6505,1772713800,32414.3588,32338.336,32364.0294
32357.0684,1772714100,32405.4084,32288.0409,32360.6594
32355.2526,1772714400,32431.3534,32330.095,32364.0809
32312.9855,1772714700,32366.1134,32302.7839,32344.525
32376.3334,1772715000,32467.5421,32310.5135,32310.5135
32340.2825,1772715300,32427.388,32334.6432,32373.0359
32347.9747,1772715600,32377.296,32274.3943,32348.3873
32324.2689,1772715900,32385.7239,32270.3934,32345.4669
32279.1162,1772716200,32345.4081,32267.4188,32320.6792
32352.7262,1772716500,32393.242,32262.6461,32275.6063
32361.4543,1772716800,32409.9119,32308.5471,32349.1267
32327.0876,1772717100,32419.0073,32323.3459,32364.0218
32290.7332,1772717400,32374.3289,32283.8964,32331.8849
32390.8787,1772717700,32394.6189,32275.8312,32286.3029
32290.7649,1772718000,32394.6238,32279.8838,32381.4949
32222.771,1772718300,32288.0842,32199.4623,32288.0842
32096.1607,1772718600,32251.3465,32077.0496,32231.1684
32032.367,1772718900,32095.5377,32027.1823,32095.5377
31974.734,1772719200,32036.188,31935.7751,32036.188
32027.2571,1772719500,32054.7138,31963.0484,31981.3728
32041.8752,1772719800,32055.7926,31938.7921,32030.6512
32082.1236,1772720100,32126.367,32034.578,32043.0027
32066.0374,1772720400,32104.4882,32044.2489,32070.1991
32023.6075,1772720700,32077.5541,32017.3555,32061.0642
32006.7387,1772721000,32047.4808,31987.7006,32020.9726
32002.7793,1772721300,32036.4683,31930.7971,32010.5962
31920.0283,1772721600,32046.9817,31899.6762,32010.3937
31857.608,1772721900,31918.4786,31775.187,31918.4786
31783.2301,1772722200,31863.7401,31778.877,31863.7401
31751.0605,1772722500,31795.1095,31687.97,31781.0941
31730.1392,1772722800,31802.8427,31729.794,31750.6042
31760.7243,1772723100,31771.2516,31671.8986,31722.7454
31876.8089,1772723400,31887.8564,31742.0129,31767.9513
31831.7294,1772723700,31944.2174,31819.2984,31869.1417
31879.6041,1772724000,31887.7139,31773.6177,31833.7223
31919.8526,1772724300,31934.8591,31834.4347,31884.8698
31872.3478,1772724600,31970.3232,31872.3478,31924.0833
31651.4142,1772724900,31869.5695,31646.4443,31869.5695
31560.2445,1772725200,31702.4151,31560.1544,31653.7851
31417.0389,1772725500,31564.7974,31364.3569,31557.005
31382.4917,1772725800,31443.1294,31369.2322,31422.1909
31464.1815,1772726100,31537.3785,31338.4412,31378.7701
31402.2647,1772726400,31481.3855,31390.4118,31461.1443
31335.142,1772726700,31422.4258,31308.3051,31407.0243
31460.5604,1772727000,31476.0659,31296.3198,31334.8358
31355.9382,1772727300,31464.6844,31334.9941,31464.6844
31396.3744,1772727600,31412.4565,31329.6944,31355.0322
31350.3644,1772727900,31424.3619,31332.2109,31405.4767
31347.3321,1772728200,31393.4206,31313.3075,31344.6431
31357.9551,1772728500,31381.5827,31314.9671,31358.9679
31198.2887,1772728800,31365.7861,31195.0617,31357.2258
31226.6236,1772729100,31297.3147,31191.8508,31191.8508
31283.8015,1772729400,31319.4372,31230.6515,31232.0916
31276.9962,1772729700,31344.5995,31221.998,31279.3639
31299.7996,1772730000,31302.4269,31211.8159,31272.9781
31317.5971,1772730300,31339.0022,31271.1269,31297.3658
31412.5766,1772730600,31415.5878,31294.0128,31317.9358
31511.0489,1772730900,31570.4346,31428.3584,31428.3584
31490.3076,1772731200,31521.6985,31457.6339,31509.3444
31481.0022,1772731500,31522.5287,31423.0365,31487.519
31600.6668,1772731800,31606.8355,31443.2008,31485.1109
31481.6111,1772732100,31605.5142,31471.4751,31600.873
31427.0233,1772732400,31494.1685,31419.96,31482.7689
31442.803,1772732700,31478.7644,31404.1084,31419.3226
31438.7168,1772733000,31497.7043,31407.0238,31437.6507
31486.4328,1772733300,31491.8819,31372.2387,31440.0159
31469.7301,1772733600,31529.3094,31429.2785,31505.0154
31609.6891,1772733900,31609.6891,31473.1134,31473.1134
31598.4576,1772734200,31653.7187,31528.263,31602.3421
31616.524,1772734500,31650.0648,31597.9163,31609.4523
31640.3378,1772734800,31658.4968,31550.0426,31620.4764
31632.9724,1772735100,31690.6236,31616.2292,31646.8997
31715.4026,1772735400,31730.5937,31637.6409,31637.6409
31912.2357,1772735700,31942.7347,31713.6132,31721.7025
31927.112,1772736000,31979.9413,31883.9887,31917.1151
31976.061,1772736300,31997.1837,31904.4874,31928.2831
31964.7599,1772736600,32014.2072,31932.7915,31980.4937
32091.2501,1772736900,32091.2501,31950.8284,31960.2063
32130.702,1772737200,32162.3199,32069.4855,32094.1499
32164.9895,1772737500,32182.6078,32119.2358,32142.4375
32227.2806,1772737800,32244.9559,32163.5398,32163.5398
32308.3491,1772738100,32324.2378,32199.7841,32222.9009
32311.8342,1772738400,32356.868,32231.0875,32304.5579
32267.3429,1772738700,32327.0744,32241.6023,32320.2918
32403.285,1772739000,32445.0878,32251.2751,32256.6373
32528.2464,1772739300,32563.0075,32393.7041,32409.8816
32545.4358,1772739600,32578.1816,32478.1888,32530.3483
32471.7592,1772739900,32604.8598,32466.1885,32546.693
32478.5738,1772740200,32492.9669,32408.81,32471.0475
32410.7187,1772740500,32518.2635,32410.7187,32481.4522
32465.3671,1772740800,32504.8135,32396.1057,32401.3035
32391.8134,1772741100,32462.8587,32346.645,32462.8587
32541.1531,1772741400,32564.5287,32370.0699,32393.6841
32543.6051,1772741700,32618.9247,32529.8987,32539.3507
32590.1657,1772742000,32595.4286,32477.5499,32547.1251
32648.7331,1772742300,32657.9235,32548.9405,32600.3565
32654.0057,1772742600,32687.9543,32585.4955,32638.9819
32750.9469,1772742900,32752.2076,32631.3525,32650.0539
32555.1907,1772743200,32770.2829,32555.1907,32747.5342
32614.5982,1772743500,32659.8282,32557.8368,32559.63
32672.1067,1772743800,32683.2302,32564.5991,32612.9252
32624.8864,1772744100,32730.9998,32623.3319,32672.2064
32646.1581,1772744400,32653.0062,32575.7516,32624.3589
32691.7079,1772744700,32718.864,32649.3902,32649.3902
32668.5354,1772745000,32731.2137,32631.688,32702.6928
32674.0229,1772745300,32770.1091,32650.4998,32672.2909
32769.4649,1772745600,32836.9003,32676.2397,32676.2397
32981.0604,1772745900,32999.1078,32761.1826,32767.458
32989.8442,1772746200,33037.0304,32958.1336,32983.6647
32991.5423,1772746500,33061.658,32963.8998,33002.6679
33014.8568,1772746800,33063.6205,32980.8895,32987.1383
33049.5605,1772747100,33068.8221,33002.3644,33009.736
33105.8258,1772747400,33134.2365,33041.0419,33050.1954
33196.4983,1772747700,33229.3729,33105.1531,33110.7605
33250.2365,1772748000,33295.972,33187.0187,33200.0864
33360.7063,1772748300,33385.4881,33243.1625,33250.8651
33303.1778,1772748600,33363.2525,33259.5229,33363.2525
33241.8644,1772748900,33305.2142,33221.1067,33297.6547
33273.0944,1772749200,33362.3669,33235.7785,33241.0736
33294.2025,1772749500,33314.6242,33237.6767,33269.5023
33344.6127,1772749800,33368.1952,33276.6606,33299.4523
33316.9679,1772750100,33373.7839,33251.9056,33344.7988
33389.9584,1772750400,33418.1438,33301.6979,33315.6696
33347.3245,1772750700,33397.0046,33320.7967,33397.0046
33291.5934,1772751000,33361.0378,33266.3501,33348.5576
33278.8788,1772751300,33288.5838,33224.032,33278.618
33262.4886,1772751600,33310.8208,33238.6463,33279.4361
33238.2048,1772751900,33322.3805,33194.0716,33266.0653
33234.6584,1772752200,33264.5695,33211.8809,33235.8958
33146.1154,1772752500,33235.6728,33110.731,33235.6728
33265.0476,1772752800,33267.3612,33130.8529,33157.432
33188.0505,1772753100,33283.108,33160.0411,33264.1769
33370.9401,1772753400,33375.4933,33187.4455,33187.4455
33426.9235,1772753700,33446.9746,33369.5386,33371.4775
33462.5719,1772754000,33478.9176,33401.6586,33423.7865
33441.6048,1772754300,33498.4537,33425.9865,33469.3935
33448.7309,1772754600,33523.6167,33428.8567,33440.7776
33478.7761,1772754900,33495.2569,33400.8611,33445.9448
33448.873,1772755200,33525.0642,33424.8471,33486.5646
33486.2065,1772755500,33501.7114,33416.4562,33444.055
33516.0895,1772755800,33541.1253,33467.6243,33487.7614
33553.2214,1772756100,33600.9879,33489.7196,33505.7852
33608.5595,1772756400,33625.5519,33525.0633,33544.9171
33610.2307,1772756700,33653.9799,33564.2392,33612.3237
33727.7439,1772757000,33769.4724,33573.9779,33611.9318
33675.5717,1772757300,33766.7137,33631.6297,33718.5867
33573.1521,1772757600,33699.7585,33557.4215,33675.4593
33548.1495,1772757900,33587.1774,33490.0374,33566.569
33491.1633,1772758200,33665.2004,33474.0859,33554.0727
33436.8692,1772758500,33496.0044,33368.5781,33483.8037
33347.0826,1772758800,33457.3833,33324.5379,33436.5845
33286.5452,1772759100,33378.0953,33240.1352,33349.1284
33282.7701,1772759400,33321.8368,33232.4183,33288.2909
33307.266,1772759700,33368.8663,33261.5172,33288.4598
33297.7295,1772760000,33371.1125,33290.2181,33326.6158
33205.2161,1772760300,33305.9993,33194.3014,33299.9727
33267.1696,1772760600,33290.0143,33145.5346,33205.5815
33176.6468,1772760900,33303.6616,33176.6412,33266.9944
33196.8836,1772761200,33208.3867,33144.4868,33180.1913
33156.7287,1772761500,33208.2371,33101.6248,33189.7896
33195.6562,1772761800,33253.2572,33123.3053,33159.415
33253.6244,1772762100,33304.4608,33201.3832,33201.3832
33282.74,1772762400,33310.5246,33249.9684,33255.1883
33248.0047,1772762700,33287.814,33197.0777,33277.466
33048.8591,1772763000,33263.6537,33033.8815,33245.576
33106.8842,1772763300,33136.9532,33036.1411,33036.1411
33048.8458,1772763600,33106.0515,33006.0922,33106.0515
33090.7221,1772763900,33102.7729,33007.5011,33052.7073
33040.9436,1772764200,33121.0587,33032.2427,33085.1012
33066.6565,1772764500,33081.8942,33002.4986,33039.119
33062.3719,1772764800,33093.1706,33005.9037,33067.6192
33051.7222,1772765100,33116.3345,33039.1592,33057.0192
33235.7056,1772765400,33243.8763,33052.2473,33052.2473
33282.8914,1772765700,33289.9228,33194.0834,33239.5027
33237.8035,1772766000,33347.4631,33208.7861,33290.1267
33178.8722,1772766300,33265.573,33147.4608,33235.0472
33028.9643,1772766600,33184.03,33028.9643,33184.03
33056.6447,1772766900,33108.2559,33017.8792,33027.8035
33169.5357,1772767200,33176.8032,33002.7885,33054.5395
33201.0525,1772767500,33213.6221,33126.495,33162.8564
33139.9353,1772767800,33203.4928,33117.233,33203.4928
33173.9548,1772768100,33241.1774,33099.0252,33145.2295
33179.008,1772768400,33210.9631,33154.2474,33166.8728
33286.2965,1772768700,33297.9677,33131.0848,33179.6166
33249.042,1772769000,33275.189,33176.509,33275.189
33367.6503,1772769300,33393.6337,33242.6044,33242.6044
33303.5681,1772769600,33393.2447,33289.1469,33369.1076
33234.2919,1772769900,33309.909,33197.1385,33304.6529
33149.3345,1772770200,33245.5744,33149.3345,33245.5744
32993.647,1772770500,33173.8835,32965.5661,33138.0074
33008.015,1772770800,33056.9335,32940.3774,33003.0486
32982.3307,1772771100,33026.278,32944.05,33011.2584
32924.28,1772771400,32983.36,32894.2531,32981.6889
32972.6742,1772771700,33009.6864,32893.8748,32918.4219
32961.1843,1772772000,32994.0824,32885.5084,32974.1286
32860.8664,1772772300,32973.8739,32841.9046,32971.1593
32730.6684,1772772600,32874.2355,32730.6684,32864.3569
32703.1684,1772772900,32768.5145,32699.0348,32739.2763
32789.6377,1772773200,32823.7081,32691.1371,32706.6075
32940.9879,1772773500,32955.7759,32780.5409,32780.5409
33011.6158,1772773800,33018.691,32881.6429,32940.4957
33033.1329,1772774100,33062.6913,32971.5835,33013.645
33131.2481,1772774400,33140.2637,33012.7694,33032.102
33180.4166,1772774700,33180.4166,33075.7376,33122.5527
33056.7359,1772775000,33200.8272,33056.7359,33177.2352
33118.6179,1772775300,33137.9509,33016.9389,33068.1134
33075.9097,1772775600,33138.9264,33040.5022,33106.9805
32982.6075,1772775900,33092.9441,32974.9762,33073.6318
32909.6432,1772776200,33075.4392,32909.6432,32979.1265
33058.2007,1772776500,33064.5471,32901.5145,32910.704
33141.9655,1772776800,33194.205,33068.5285,33068.5285
33258.5868,1772777100,33287.347,33140.1501,33141.709
33233.0711,1772777400,33305.4352,33202.3175,33249.6635
33272.3407,1772777700,33333.7245,33203.1386,33216.6128
33200.1611,1772778000,33264.8075,33196.6652,33264.8075
33158.5075,1772778300,33241.9535,33144.0276,33197.3362
33002.4234,1772778600,33157.4423,32979.0994,33150.7717
32989.8983,1772778900,33035.7009,32945.4165,33006.024
32924.8473,1772779200,32987.2753,32895.6623,32986.5236
33013.8636,1772779500,33024.9785,32897.2391,32925.0963
33011.7755,1772779800,33068.3172,32982.6018,33011.5052
32958.9814,1772780100,33023.1826,32947.2388,33004.5614
32992.0204,1772780400,33002.4522,32916.8836,32960.3686
32972.9302,1772780700,33012.6791,32933.9848,32977.041
32845.5945,1772781000,32980.5655,32801.1718,32973.0624
32872.8856,1772781300,32872.8856,32749.8749,32840.4875
32820.1828,1772781600,32874.7544,32792.1835,32869.9834
32928.0543,1772781900,32942.4405,32780.9154,32807.5505
32841.0211,1772782200,32931.6866,32814.7816,32921.9541
32919.7182,1772782500,32941.091,32804.9912,32830.6475
33194.49,1772782800,33197.7005,32917.8857,32919.8114
33172.9216,1772783100,33199.4791,33084.8467,33199.4791
33116.1785,1772783400,33185.1878,33113.8509,33173.7014
33115.3887,1772783700,33132.1683,33056.4697,33112.9043
33138.5082,1772784000,33210.4859,33113.9654,33127.2509
33240.2185,1772784300,33240.2185,33135.3186,33135.3186
33212.6175,1772784600,33247.9963,33179.9012,33229.4559
33308.2189,1772784900,33363.1443,33218.1941,33218.1941
33298.4781,1772785200,33315.9029,33228.2188,33307.8399
33246.8164,1772785500,33318.5239,33228.8057,33299.1367
33343.8885,1772785800,33351.5768,33220.2678,33252.8043
33390.4679,1772786100,33396.966,33295.4621,33343.4278
33415.2649,1772786400,33432.9399,33361.5676,33396.5267
33473.9687,1772786700,33473.9687,33381.0071,33407.0368
33436.0548,1772787000,33493.8823,33406.3697,33471.9815
33436.0277,1772787300,33480.2578,33374.5581,33439.2278
33571.2979,1772787600,33573.2485,33440.1572,33440.1572
33642.3982,1772787900,33654.2118,33545.6216,33570.9615
33677.4664,1772788200,33731.3343,33643.8163,33643.8163
33712.2654,1772788500,33712.2654,33613.9156,33684.2218
33683.7965,1772788800,33748.5129,33636.0895,33713.9022
33796.7128,1772789100,33828.1067,33687.8723,33691.6583
33628.6552,1772789400,33781.89,33628.6552,33781.89
33592.7413,1772789700,33690.9847,33555.0896,33624.0182
33635.5298,1772790000,33683.2608,33575.2296,33586.3997
33649.7342,1772790300,33710.3326,33592.9614,33636.214
33585.778,1772790600,33665.6866,33584.6558,33637.7101
33671.115,1772790900,33696.8288,33551.0151,33585.335
33388.4263,1772791200,33666.9825,33388.4263,33666.9825
33321.1911,1772791500,33426.0085,33247.0259,33383.2097
33363.5163,1772791800,33396.1455,33310.4951,33317.8243
33403.7962,1772792100,33459.5129,33339.6628,33365.6562
33422.4459,1772792400,33521.4284,33398.4772,33404.9329
33335.5272,1772792700,33461.5317,33333.9529,33424.9977
33403.5104,1772793000,33435.3801,33298.0519,33332.8163
33514.4245,1772793300,33529.779,33399.0528,33407.8733
33521.2008,1772793600,33559.7528,33474.5805,33509.1683
33560.4188,1772793900,33608.8418,33478.5739,33506.3652
33585.0824,1772794200,33613.3867,33545.7122,33564.0782
33522.57,1772794500,33655.5115,33516.7367,33587.4535
33499.1323,1772794800,33616.1371,33483.7096,33525.3569
33529.3534,1772795100,33535.9137,33436.9906,33498.5647
33473.2271,1772795400,33539.7388,33434.7491,33537.6803
33580.2205,1772795700,33616.6662,33471.7489,33475.1058
33594.4296,1772796000,33602.319,33522.9019,33589.5049
33705.9186,1772796300,33744.658,33590.9005,33590.9005
33708.4513,1772796600,33734.1034,33620.2227,33704.4208
33701.6835,1772796900,33766.0623,33695.5326,33713.7076
33747.1204,1772797200,33760.2137,33690.3968,33698.7967
33823.6491,1772797500,33842.7102,33727.9582,33744.6487
33717.9873,1772797800,33833.3095,33706.1696,33828.8081
33740.5195,1772798100,33802.8943,33706.9172,33715.8047
33814.0443,1772798400,33847.8615,33748.3681,33748.3681
33660.8457,1772798700,33803.9802,33621.9637,33803.9802
33610.7534,1772799000,33709.1965,33581.4887,33661.6502
33597.7384,1772799300,33624.8119,33560.1841,33621.4513
33608.5367,1772799600,33636.9966,33563.1572,33595.7754
33613.1788,1772799900,33652.7376,33573.2835,33614.9531
33709.273,1772800200,33770.4454,33598.3504,33598.3504
33726.9759,1772800500,33759.1338,33673.2031,33711.894
33771.45,1772800800,33797.5482,33716.2364,33724.5044
33730.7618,1772801100,33776.3064,33703.1307,33773.3872
33769.89,1772801400,33792.1181,33707.7699,33741.5674
33900.4047,1772801700,33928.2122,33780.8235,33780.8235
34118.2737,1772802000,34118.2737,33897.0578,33898.1704
34110.195,1772802300,34136.1945,34083.2311,34124.0674
34032.452,1772802600,34119.644,34012.5608,34116.332
34119.0403,1772802900,34119.0403,34000.0723,34033.7882
34091.5022,1772803200,34168.3278,34075.0066,34129.3436
34013.1452,1772803500,34102.125,33964.4346,34093.9585
33919.6669,1772803800,34008.2859,33868.3416,34008.2859
33925.6385,1772804100,33954.0387,33891.0119,33922.3491
33934.6827,1772804400,33936.7596,33860.1331,33926.0181
33992.6234,1772804700,33994.2436,33899.215,33933.8161
33902.8159,1772805000,34002.1165,33876.5859,33985.7038
34101.5039,1772805300,34108.3715,33898.1164,33898.1164
34121.4271,1772805600,34182.2914,34090.6494,34097.2108
34018.7328,1772805900,34132.637,34004.2825,34116.3944
34087.2146,1772806200,34104.4108,34017.7778,34019.12
34010.2664,1772806500,34118.1173,33965.8818,34087.3277
33935.1901,1772806800,34060.1767,33924.0399,34010.5184
33939.9492,1772807100,33941.0109,33873.809,33929.0793
34022.2877,1772807400,34047.3404,33934.1697,33941.3829
34088.623,1772807700,34092.3162,34017.8767,34023.6237
33921.1675,1772808000,34116.3823,33918.5486,34087.2894
33934.7512,1772808300,33947.4814,33866.4885,33913.9303
34023.962,1772808600,34044.0271,33908.8867,33940.4657
34103.2286,1772808900,34149.6101,33993.5671,34024.8834
33984.1349,1772809200,34118.268,33984.1349,34105.4919
33971.2317,1772809500,34062.2163,33971.1124,33987.3031
33857.401,1772809800,33981.985,33843.2692,33970.3269
33869.779,1772810100,33898.6526,33843.1567,33869.8002
33883.7184,1772810400,33975.0015,33853.4956,33867.0281
33808.7533,1772810700,33890.7985,33787.3665,33890.7985
33785.6043,1772811000,33830.5561,33774.5673,33797.7563
33860.1056,1772811300,33891.899,33769.3767,33786.0726
33792.1736,1772811600,33862.2661,33764.0075,33861.6755
33784.2225,1772811900,33866.6114,33780.5605,33786.9411
33670.738,1772812200,33781.2982,33658.8497,33781.2982
33684.3304,1772812500,33711.1107,33626.5571,33667.2942
33670.7108,1772812800,33723.3718,33645.9845,33684.8519
33724.6628,1772813100,33733.7469,33620.7707,33678.3441
33826.8946,1772813400,33855.8818,33744.926,33744.926
33891.7382,1772813700,33910.7509,33785.4896,33829.3511
33981.5074,1772814000,33995.5385,33891.5067,33893.4914
33892.843,1772814300,33986.0267,33881.6518,33974.9873
33886.506,1772814600,33927.3306,33831.8967,33890.8967
33894.6794,1772814900,33979.3196,33870.5603,33883.3746
33905.877,1772815200,33936.8924,33875.2808,33892.1696
34011.6075,1772815500,34033.3187,33896.1867,33911.5726
33986.9504,1772815800,34080.7496,33980.2115,34026.7266
34100.51,1772816100,34107.7262,33964.4166,33989.1303
34114.8841,1772816400,34136.6946,34074.5451,34098.5884
33999.0966,1772816700,34127.8374,33964.2481,34106.5197
34003.6328,1772817000,34015.7425,33947.9859,33996.3527
34024.7805,1772817300,34029.4957,33933.1139,33992.9325
34099.6392,1772817600,34099.6392,33999.9104,34018.0582
34067.1446,1772817900,34127.6402,34049.1203,34096.7564
34233.0638,1772818200,34253.9339,34056.4982,34056.4982
34107.7847,1772818500,34228.1782,34103.7964,34228.1782
33998.9744,1772818800,34115.8649,33980.6353,34108.6042
33963.7043,1772819100,34026.8411,33917.5022,33998.6057
34013.6886,1772819400,34023.5745,33940.52,33951.9319
34149.523,1772819700,34151.214,34013.2243,34018.8173
34025.9108,1772820000,34175.5098,34017.5527,34141.7548
33898.8593,1772820300,34043.9647,33847.1942,34027.5458
33906.4953,1772820600,33957.5916,33892.073,33907.2703
33938.8749,1772820900,33983.8125,33855.3466,33909.6376
33822.0786,1772821200,33945.7062,33801.8534,33945.7062
33849.9623,1772821500,33897.5509,33818.0517,33818.0517
33737.2049,1772821800,33846.9273,33719.0534,33842.1451
33747.6616,1772822100,33790.7453,33711.3602,33743.9264
33691.0466,1772822400,33751.8088,33634.1766,33751.8088
33781.1254,1772822700,33790.7428,33694.9694,33695.1265
33668.4462,1772823000,33793.7449,33659.5843,33784.7696
33656.1034,1772823300,33700.174,33609.036,33669.2521
33625.6457,1772823600,33662.6794,33574.2607,33655.7663
33619.3435,1772823900,33673.5764,33579.5873,33640.3169
33679.0182,1772824200,33689.3051,33596.5336,33629.2417
33793.6735,1772824500,33825.6953,33672.372,33672.372
33747.3367,1772824800,33812.3906,33695.4453,33792.203
33695.255,1772825100,33775.8096,33685.8833,33753.5606
33734.1528,1772825400,33743.2259,33677.8277,33688.5779
33683.527,1772825700,33748.3606,33642.3912,33732.9277
33760.8596,1772826000,33760.8596,33641.8535,33677.3863
33823.2289,1772826300,33844.5124,33746.1956,33767.417
33830.2376,1772826600,33837.7261,33759.4367,33826.5482
33940.2345,1772826900,33940.2345,33831.1988,33837.7304
33961.0886,1772827200,33996.2268,33904.1605,33930.0649
33852.3658,1772827500,33961.4236,33815.2687,33961.4236
33820.8901,1772827800,33939.1851,33809.458,33852.6889
33786.4595,1772828100,33838.7901,33730.1766,33826.3922
33717.4529,1772828400,33864.3073,33688.8228,33788.9011
33745.4572,1772828700,33770.6505,33661.7724,33720.8768
33596.443,1772829000,33739.428,33596.443,33732.7852
33749.0686,1772829300,33752.5184,33582.2319,33603.0388
33715.8593,1772829600,33752.6813,33626.9484,33752.6813
33670.7652,1772829900,33730.7497,33598.9073,33723.0442
33637.7059,1772830200,33700.159,33600.1415,33671.1851
33692.6607,1772830500,33778.052,33627.411,33638.194
33627.1423,1772830800,33774.069,33582.3755,33692.1643
33718.6809,1772831100,33744.1137,33618.0725,33624.9836
33765.3196,1772831400,33781.8748,33697.5382,33715.9635
33762.7493,1772831700,33789.7355,33721.6438,33763.5309
33611.0615,1772832000,33762.9452,33610.8633,33753.9435
33585.315,1772832300,33632.0485,33537.1299,33601.5715
33741.5292,1772832600,33750.3424,33549.7912,33587.2297
33719.8027,1772832900,33779.8992,33688.1609,33750.0741
33770.2223,1772833200,33770.2223,33664.0556,33713.1872
33709.3461,1772833500,33774.6561,33694.6616,33770.8928
33811.5809,1772833800,33825.7717,33709.6094,33709.6094
33874.4937,1772834100,33882.461,33759.0253,33815.0368
33838.4338,1772834400,33891.1084,33774.5794,33873.1738
33837.4385,1772834700,33879.6152,33811.2783,33832.5741
33985.8611,1772835000,33997.9866,33835.8738,33845.6686
33974.5934,1772835300,34045.7472,33947.2762,33993.5318
34016.9875,1772835600,34040.4114,33961.1381,33967.1669
34044.7441,1772835900,34044.7441,33920.8632,34012.5531
34097.8965,1772836200,34128.7227,34012.4119,34041.9658
33954.9195,1772836500,34095.4986,33954.9195,34088.4468
33869.0885,1772836800,33953.0239,33823.7031,33949.0369
33943.7667,1772837100,33989.2419,33865.8939,33873.9255
34046.3007,1772837400,34046.8349,33892.9332,33938.6745
34126.7556,1772837700,34146.5952,34028.1709,34047.0241
34064.8859,1772838000,34155.6407,34021.656,34121.2234
34126.1128,1772838300,34141.2418,34061.339,34067.3898
34133.5565,1772838600,34235.3363,34096.153,34117.6303
34203.354,1772838900,34228.6409,34138.9581,34146.6434
34187.4766,1772839200,34235.3508,34164.5178,34198.677
34240.8554,1772839500,34253.5885,34180.524,34201.9366
34191.8433,1772839800,34248.5293,34140.4162,34239.488
34108.8643,1772840100,34186.9683,34040.7726,34186.9683
34014.9681,1772840400,34131.3979,34005.2866,34102.1212
34078.4287,1772840700,34099.2213,34005.9217,34023.5751
33986.2436,1772841000,34106.3689,33972.6652,34090.4889
33810.6616,1772841300,33995.5023,33810.6616,33982.327
33836.0194,1772841600,33887.1392,33776.3106,33813.16
33857.0644,1772841900,33857.0644,33741.0503,33829.3533
33874.2755,1772842200,33965.4926,33860.4565,33862.3262
33875.8257,1772842500,33945.897,33830.871,33874.6428
33887.6157,1772842800,33916.8985,33844.3172,33879.7616
33812.2021,1772843100,33892.1716,33812.2021,33892.1716
33809.5526,1772843400,33893.0268,33794.4217,33813.5798
33850.6483,1772843700,33906.1437,33788.8316,33820.9417
34059.5548,1772844000,34061.6341,33835.9487,33848.3637
34029.7722,1772844300,34082.4988,33985.8521,34050.4696
33871.9525,1772844600,34070.7314,33868.3527,34031.5779
33896.5332,1772844900,33916.8368,33827.5853,33872.5697
33970.9613,1772845200,33980.7297,33887.2911,33903.6208
33911.6896,1772845500,33989.9016,33884.7796,33974.7027
33779.8846,1772845800,33937.3842,33770.0776,33915.1348
33789.5366,1772846100,33829.9603,33733.8451,33778.5904
33669.5671,1772846400,33828.2617,33667.395,33795.057
33607.2365,1772846700,33680.9139,33518.2944,33662.3695
33647.1305,1772847000,33727.4804,33610.0761,33610.0761
33641.5497,1772847300,33671.1287,33574.406,33642.3783
33615.9124,1772847600,33640.9927,33537.8577,33640.9927
33668.1387,1772847900,33714.3943,33582.7519,33614.0285
33815.9467,1772848200,33820.9408,33635.0379,33665.7018
33773.3831,1772848500,33822.8638,33726.1071,33813.7392
33700.752,1772848800,33777.9132,33678.2017,33777.9132
33650.0073,1772849100,33723.6168,33626.8261,33697.436
33594.0462,1772849400,33687.4624,33582.0209,33648.4248
33679.3131,1772849700,33716.5487,33593.6191,33595.2558
33707.127,1772850000,33713.7102,33627.9826,33682.2183
33756.2418,1772850300,33781.9655,33678.9921,33699.524
33932.0624,1772850600,33959.5681,33757.2614,33757.2614
33898.3535,1772850900,33987.1782,33896.3728,33936.077
33970.5689,1772851200,33995.4012,33880.3876,33907.1374
33964.5272,1772851500,33999.3616,33941.2143,33963.5793
33863.4186,1772851800,33990.0729,33863.1172,33972.1544
33878.3848,1772852100,33930.4375,33836.8798,33856.9187
33912.1617,1772852400,33948.8907,33861.5787,33878.398
33910.3263,1772852700,33947.2443,33859.628,33902.0709
33933.5947,1772853000,33996.7312,33895.8057,33910.3754
33955.7885,1772853300,34012.0084,33911.3843,33943.3871
34024.4159,1772853600,34037.038,33932.701,33949.7831
34031.2376,1772853900,34108.2916,33984.742,34037.5818
34017.4131,1772854200,34075.4946,34008.1402,34038.1756
33895.1739,1772854500,34015.8794,33861.8068,34015.8794
33816.1726,1772854800,33978.3517,33798.7824,33908.2889
33603.3317,1772855100,33828.4787,33563.9109,33816.6778
33453.5909,1772855400,33639.1599,33452.2399,33603.7639
33496.8199,1772855700,33524.8167,33455.1258,33455.1258
33556.1804,1772856000,33596.0268,33480.7114,33497.7542
33419.4029,1772856300,33566.6464,33419.4029,33561.274
33464.59,1772856600,33510.8965,33391.9268,33427.3921
33511.7509,1772856900,33574.4144,33450.6714,33453.735
33481.6133,1772857200,33524.5515,33445.5095,33506.033
33559.495,1772857500,33584.9233,33480.1672,33480.8209
33579.3149,1772857800,33579.3149,33511.8355,33565.2425
33596.1514,1772858100,33605.2566,33539.6145,33582.7305
33591.8779,1772858400,33635.2951,33568.5725,33596.4065
33582.1065,1772858700,33617.6986,33530.2486,33594.5215
33508.4171,1772859000,33598.4873,33479.9683,33583.2291
33507.8688,1772859300,33536.3874,33430.944,33505.0394
33463.7637,1772859600,33537.105,33446.7137,33504.7765
33361.1818,1772859900,33490.5845,33361.1818,33461.6148
33391.294,1772860200,33411.8811,33322.4114,33370.3966
33284.3761,1772860500,33437.7227,33284.3761,33388.9996
33408.767,1772860800,33411.0157,33244.1784,33286.5047
33309.4309,1772861100,33421.2125,33268.2142,33414.33
33242.9538,1772861400,33308.2186,33199.9762,33308.2186
33089.5701,1772861700,33262.641,33083.4955,33243.3874
33090.5591,1772862000,33126.4675,33048.0192,33092.8158
33171.7384,1772862300,33189.303,33036.1202,33086.8774
33150.2446,1772862600,33219.2723,33135.5897,33168.5361
33127.2099,1772862900,33179.4009,33102.5665,33156.1219
33145.5656,1772863200,33183.0852,33072.7699,33137.632
33164.9384,1772863500,33193.7357,33072.3809,33150.7724
33064.4079,1772863800,33177.4303,33057.6317,33163.8638
33072.0098,1772864100,33087.4688,32989.4527,33056.9726
33115.5975,1772864400,33124.2807,33035.5766,33079.6786
33243.5853,1772864700,33259.521,33090.7029,33115.8362
32979.6381,1772865000,33253.5716,32977.7827,33247.7074
33051.9735,1772865300,33079.6192,32895.9308,32973.0223
33091.1521,1772865600,33100.6434,33018.7943,33043.9452
33096.4387,1772865900,33140.1985,33037.0375,33088.61
33218.9479,1772866200,33239.7953,33080.966,33089.4421
33203.5527,1772866500,33241.9629,33151.657,33217.6172
33166.9553,1772866800,33266.9087,33148.4153,33203.4882
33047.8092,1772867100,33164.5985,33030.4224,33163.876
33009.5666,1772867400,33082.9499,32996.5323,33053.2323
33108.202,1772867700,33124.8558,32994.893,33011.8413
33108.9334,1772868000,33137.6931,33064.2663,33099.4311
33121.8673,1772868300,33171.9039,33091.391,33116.1095
33171.6352,1772868600,33214.5421,33104.0155,33118.1926
33151.1272,1772868900,33202.084,33083.3867,33178.7243
33236.4299,1772869200,33241.8859,33144.9315,33146.4056
33323.3293,1772869500,33354.1178,33221.1575,33244.2269
33339.6626,1772869800,33432.2884,33322.0562,33324.5786
33592.2787,1772870100,33592.2787,33312.7895,33341.9718
33486.4067,1772870400,33591.9331,33474.3279,33591.9331
33448.6731,1772870700,33562.0997,33398.7048,33488.2249
33456.7745,1772871000,33506.6799,33434.2872,33441.9909
33447.8632,1772871300,33453.5348,33373.5269,33446.9494
33286.9639,1772871600,33472.4956,33286.9639,33442.06
33281.2524,1772871900,33322.9729,33236.6488,33279.3104
33271.0228,1772872200,33335.8532,33259.7693,33297.6225
33363.9928,1772872500,33411.8244,33271.7572,33271.7572
33409.8187,1772872800,33482.5078,33369.3222,33369.3222
33322.7125,1772873100,33457.655,33322.7125,33411.1437
33301.8985,1772873400,33389.1563,33282.0286,33326.5901
33410.3272,1772873700,33455.2936,33299.2508,33299.2508
33340.4058,1772874000,33426.3936,33314.0405,33408.7487
33410.7319,1772874300,33420.0883,33299.4006,33347.2482
33462.6683,1772874600,33464.1608,33382.917,33412.8221
33544.5508,1772874900,33544.5508,33437.3088,33469.7309
33510.9545,1772875200,33581.6326,33474.6194,33542.3254
33412.2462,1772875500,33507.5,33373.6017,33507.5
33342.9502,1772875800,33420.7244,33337.6245,33416.8276
33257.9233,1772876100,33357.1542,33225.6058,33342.6497
33479.7055,1772876400,33484.8524,33240.484,33249.8489
33450.8935,1772876700,33479.0919,33428.1175,33478.953
33498.1569,1772877000,33499.1593,33424.0461,33447.9176
33358.8705,1772877300,33531.5113,33353.535,33510.4516
33377.9526,1772877600,33420.9398,33343.7211,33363.6546
33424.1509,1772877900,33453.063,33356.0991,33370.7128
33557.9615,1772878200,33580.5268,33430.7088,33430.7088
33646.3936,1772878500,33653.5986,33540.8402,33559.0837
33580.7208,1772878800,33669.5306,33559.6336,33646.349
33621.5917,1772879100,33750.6757,33586.5067,33586.5067
33617.717,1772879400,33670.6912,33584.4028,33619.7454
33559.5304,1772879700,33617.7602,33515.1601,33615.06
33408.6643,1772880000,33575.6557,33351.8053,33559.0511
33463.9339,1772880300,33469.188,33383.7278,33419.1168
33527.0522,1772880600,33593.7573,33467.8724,33467.8724
33638.0755,1772880900,33651.5066,33496.8092,33524.5683
33660.9927,1772881200,33677.0044,33591.1653,33637.0392
33676.9939,1772881500,33735.3459,33630.5001,33656.1254
33649.4778,1772881800,33729.7992,33624.5101,33675.1599
33574.1621,1772882100,33711.9758,33574.1621,33658.6978
33538.2836,1772882400,33601.8361,33509.8374,33578.1166
33495.2316,1772882700,33589.5072,33488.495,33539.3876
33475.226,1772883000,33566.8164,33431.0221,33501.5423
33671.1437,1772883300,33671.1437,33462.9372,33462.9372
33789.6579,1772883600,33805.6949,33620.9751,33661.8778
33831.4271,1772883900,33870.7693,33770.6738,33794.2001
33787.5655,1772884200,33858.2741,33787.5655,33829.0181
33628.8315,1772884500,33789.6777,33628.8315,33782.4057
33577.8586,1772884800,33697.4851,33568.4327,33627.136
33529.4799,1772885100,33594.173,33493.9089,33581.9199
33555.753,1772885400,33593.1984,33441.7347,33521.6584
33535.2603,1772885700,33623.8731,33535.2603,33572.9387
33575.4418,1772886000,33617.737,33533.3667,33533.3667
33711.738,1772886300,33711.738,33548.9594,33577.9388
33768.6376,1772886600,33798.9996,33691.5016,33720.7113
33761.5289,1772886900,33806.7583,33751.6701,33765.7794
33738.7248,1772887200,33787.2493,33667.4025,33757.5127
33766.1326,1772887500,33776.3427,33670.7059,33735.1979
33713.4669,1772887800,33812.7749,33688.3956,33760.6324
33744.2497,1772888100,33773.1894,33720.2664,33720.561
33752.2998,1772888400,33782.5258,33643.5004,33740.7645
33822.2607,1772888700,33837.9927,33731.4616,33755.4427
33759.138,1772889000,33840.4375,33723.3488,33814.4035
33766.4156,1772889300,33849.2491,33742.8414,33758.7221
33639.3404,1772889600,33780.4664,33615.5979,33766.6583
33697.2135,1772889900,33697.2135,33606.4526,33633.7565
33669.4096,1772890200,33736.1218,33644.9534,33687.9618
33638.1973,1772890500,33703.6313,33617.0216,33662.3399
33498.2961,1772890800,33634.9936,33467.193,33634.9936
33536.5859,1772891100,33570.5403,33478.3689,33485.2306
33462.3242,1772891400,33531.1157,33430.3965,33527.0407
33498.2169,1772891700,33521.0956,33420.9959,33459.9073
33611.0277,1772892000,33658.6215,33494.9682,33501.6367
33617.5972,1772892300,33649.6802,33582.4694,33608.2223
33553.9462,1772892600,33679.0681,33552.6578,33621.4225
33421.8801,1772892900,33566.0019,33389.0815,33548.6251
33486.2783,1772893200,33496.5693,33397.452,33426.4692
33562.6956,1772893500,33588.2259,33475.5061,33475.5061
33682.2581,1772893800,33708.2493,33557.7527,33557.7527
33717.4721,1772894100,33727.3238,33632.4357,33702.3645
33645.8533,1772894400,33719.2239,33635.4975,33719.2239
33779.1026,1772894700,33795.6239,33621.6145,33644.2894
33776.1756,1772895000,33798.8124,33692.6957,33781.7675
33839.1188,1772895300,33851.5535,33746.3452,33780.9948
33768.3234,1772895600,33851.0306,33746.2365,33844.0443
33792.5369,1772895900,33870.7025,33757.1678,33765.532
33850.5332,1772896200,33913.1527,33784.5391,33795.21
33928.2732,1772896500,33948.475,33853.8034,33855.5485
33833.8751,1772896800,33979.888,33827.3199,33937.0817
33814.7089,1772897100,33872.7231,33814.7089,33830.6081
33862.3956,1772897400,33906.7315,33816.5363,33831.0418
33755.7434,1772897700,33903.5442,33755.489,33854.3102
33827.4618,1772898000,33864.2866,33746.276,33756.8701
33796.6925,1772898300,33853.3521,33772.2187,33823.3508
33818.228,1772898600,33873.6579,33784.3673,33795.9262
34016.1622,1772898900,34029.6212,33804.1942,33820.8583
33932.5444,1772899200,34045.1153,33919.5032,34007.9489
33898.8654,1772899500,33935.0546,33845.0265,33935.0546
33882.8342,1772899800,33901.0036,33846.5484,33890.2812
33831.8939,1772900100,33906.4356,33818.6351,33888.3605
33780.2605,1772900400,33907.1438,33751.741,33826.5642
33851.8913,1772900700,33878.6514,33724.0775,33781.2789
33899.6425,1772901000,33921.8131,33829.5584,33856.9652
33912.1337,1772901300,33933.1761,33886.4525,33906.6701
33867.7944,1772901600,33925.1562,33821.5107,33915.0701
33994.5608,1772901900,34000.2645,33817.285,33863.4824
33932.0236,1772902200,34010.6075,33899.2953,33996.9957
33901.9978,1772902500,33951.6352,33849.1445,33932.4914
33857.1157,1772902800,33917.7691,33777.4552,33897.8205
33870.2578,1772903100,33928.1566,33812.7652,33845.9193
33819.0704,1772903400,33908.5746,33803.7868,33867.9609
33975.5835,1772903700,33983.0809,33824.8885,33826.5482
33872.8202,1772904000,33970.2662,33845.4414,33970.2662
33808.8609,1772904300,33862.9593,33753.2502,33862.9593
33777.9375,1772904600,33813.7221,33739.3131,33813.7221
33783.2112,1772904900,33814.507,33712.8933,33764.2306
33703.5359,1772905200,33793.4635,33678.4182,33791.398
33554.5292,1772905500,33697.643,33538.872,33697.643
33636.1669,1772905800,33651.4314,33536.4492,33549.2293
33621.9266,1772906100,33669.0222,33591.2115,33628.0912
33681.5143,1772906400,33681.5143,33575.6437,33621.7732
33696.5727,1772906700,33746.5478,33654.3529,33685.2049
33652.5976,1772907000,33752.8056,33640.7685,33696.0339
33540.7445,1772907300,33673.9367,33540.7445,33646.0756
33587.4713,1772907600,33646.7349,33527.5122,33537.8294
33550.7049,1772907900,33583.9766,33507.4593,33577.6576
33604.5626,1772908200,33614.6722,33523.9316,33539.2883
33590.0755,1772908500,33669.2381,33580.5112,33603.8807
33663.4125,1772908800,33663.4125,33574.7294,33585.1002
33668.2776,1772909100,33713.6002,33640.2955,33661.3795
33654.9283,1772909400,33683.1605,33607.4598,33669.7536
33743.4613,1772909700,33768.1342,33583.4482,33657.911
33931.5482,1772910000,33933.18,33742.5125,33742.5814
33895.0807,1772910300,33960.4725,33837.7931,33927.9329
33814.0944,1772910600,33937.1287,33800.9769,33905.6181
33829.5594,1772910900,33845.5334,33770.554,33798.6819
33774.6209,1772911200,33871.9916,33763.1125,33844.8864
33765.1251,1772911500,33800.6661,33699.9532,33790.1034
33838.4653,1772911800,33858.8229,33753.0186,33766.6871
33848.3115,1772912100,33880.8592,33784.903,33835.4771
33804.4268,1772912400,33878.0688,33742.1368,33855.005
33788.9114,1772912700,33813.2212,33710.3731,33812.2435
33783.8932,1772913000,33852.3349,33760.8711,33795.314
33750.0687,1772913300,33868.6755,33709.4494,33790.4424
33675.1754,1772913600,33761.2028,33623.604,33753.7143
33629.1926,1772913900,33711.4299,33597.4347,33670.6124
33677.5562,1772914200,33713.1667,33625.0709,33625.0709
33828.3874,1772914500,33828.3874,33651.5758,33681.9631
33861.356,1772914800,33888.2594,33823.2939,33828.0469
33794.2076,1772915100,33872.4732,33774.9774,33862.8347
33852.8687,1772915400,33855.9921,33754.4706,33791.8638
33869.7382,1772915700,33872.461,33770.7576,33858.1205
33806.7239,1772916000,33899.4288,33778.4879,33863.4176
33840.4131,1772916300,33913.6232,33790.9384,33806.7726
33848.4736,1772916600,33937.7294,33800.7702,33845.1301
33779.6719,1772916900,33903.4636,33742.3318,33842.368
33728.3768,1772917200,33819.9984,33657.9597,33794.0311
33608.5494,1772917500,33743.5861,33569.8002,33727.7525
33720.6655,1772917800,33726.6585,33588.4448,33600.5723
33635.4685,1772918100,33756.7446,33615.5866,33717.5029
33634.2676,1772918400,33661.3879,33593.4099,33633.0242
33707.3173,1772918700,33731.0322,33636.0345,33636.0345
33728.0873,1772919000,33772.4762,33688.145,33713.2215
33713.9955,1772919300,33750.2828,33654.7952,33733.7718
33750.1561,1772919600,33811.838,33713.8693,33714.8138
33644.3641,1772919900,33792.7589,33624.7802,33748.3889
33793.6096,1772920200,33793.6096,33625.593,33653.8114
33721.9459,1772920500,33850.8684,33717.1144,33796.6357
33763.021,1772920800,33777.5053,33682.335,33723.3097
33738.5402,1772921100,33810.9277,33715.7015,33750.9704
33637.2642,1772921400,33806.3934,33625.6743,33735.1121
33561.6988,1772921700,33640.8903,33548.7317,33640.8903
33563.0032,1772922000,33581.4562,33497.0419,33565.8762
33602.6711,1772922300,33625.1022,33544.4392,33561.5977
33569.5553,1772922600,33643.9139,33562.0485,33604.5102
33357.8266,1772922900,33575.0768,33339.6126,33569.1622
33482.9615,1772923200,33482.9615,33328.3052,33363.213
33544.4175,1772923500,33573.2496,33493.1008,33493.1008
33605.0882,1772923800,33631.7495,33527.9916,33542.5042
33421.1282,1772924100,33605.3437,33421.0395,33604.3452
33451.6901,1772924400,33459.9167,33373.9177,33404.5634
33483.6323,1772924700,33524.6099,33417.7572,33461.9004
33418.7763,1772925000,33475.0562,33382.5659,33475.0562
33375.6181,1772925300,33441.2849,33364.6871,33421.315
33517.8949,1772925600,33525.1592,33361.2136,33378.0281
33532.0673,1772925900,33575.6217,33468.7178,33517.3906
33418.8161,1772926200,33534.9823,33409.3067,33534.9823
33512.9472,1772926500,33540.808,33383.8854,33409.218
33535.8522,1772926800,33614.5041,33497.8456,33516.5276
33539.9677,1772927100,33576.049,33508.7196,33538.6331
33566.2502,1772927400,33588.6646,33516.8158,33534.4751
33558.3181,1772927700,33584.5851,33524.8132,33561.1267
33433.5957,1772928000,33586.8573,33423.9204,33568.8404
33355.4139,1772928300,33465.6529,33355.4139,33426.9494
33283.9758,1772928600,33373.4948,33267.1372,33359.3727
33322.7996,1772928900,33336.1074,33225.5411,33290.7884
33476.6931,1772929200,33476.6931,33329.7768,33341.9289
33412.5749,1772929500,33481.228,33402.0828,33476.3642
33301.7194,1772929800,33432.3905,33288.3497,33424.8233
33194.7506,1772930100,33326.7984,33186.4164,33297.0708
33174.2801,1772930400,33226.1888,33150.3847,33187.0881
33099.7385,1772930700,33197.0015,33087.3126,33177.1276
33118.4105,1772931000,33191.9636,33096.7355,33096.7355
33139.3442,1772931300,33198.4967,33060.7022,33125.9921
32995.4226,1772931600,33141.1397,32993.2813,33134.1604
32961.692,1772931900,33043.2559,32934.3877,33005.7002
32897.8187,1772932200,33017.7664,32889.3325,32965.2326
32845.3846,1772932500,32919.9607,32805.6878,32896.4302
32900.7858,1772932800,32900.7858,32812.1369,32850.1584
32949.7096,1772933100,32952.8538,32856.4287,32904.4535
33057.6487,1772933400,33070.6774,32892.8876,32937.3554
33134.6392,1772933700,33147.6758,33042.7419,33051.7066
33208.4797,1772934000,33221.8822,33070.5747,33126.7292
33180.9614,1772934300,33218.6798,33128.8224,33211.8649
33325.2074,1772934600,33335.0672,33167.0899,33181.536
33354.3258,1772934900,33379.1766,33292.2949,33329.9555
33307.867,1772935200,33372.6513,33298.5612,33352.7883
33516.572,1772935500,33525.6973,33302.694,33305.5993
33412.5779,1772935800,33518.4982,33372.7815,33518.3409
33424.5479,1772936100,33424.5479,33351.8327,33405.445
33281.8331,1772936400,33433.6188,33270.6703,33431.6561
33149.4226,1772936700,33292.0568,33137.4876,33288.0568
33095.2338,1772937000,33250.2357,33095.2338,33145.0948
33216.0686,1772937300,33260.8864,33094.6391,33094.6391
33166.1014,1772937600,33228.4737,33119.1433,33204.5805
33250.1173,1772937900,33274.3353,33148.7805,33157.1289
33242.326,1772938200,33265.9881,33164.9557,33239.5481
33320.7836,1772938500,33320.7836,33241.0756,33246.5942
33293.3654,1772938800,33334.9576,33253.8281,33328.1656
33413.9795,1772939100,33438.1773,33289.497,33293.6701
33334.547,1772939400,33428.78,33282.7637,33413.8977
33273.6875,1772939700,33366.0908,33260.2571,33340.0795
33147.4728,1772940000,33291.2584,33127.2287,33274.8258
33216.9775,1772940300,33231.3955,33127.1066,33153.3508
33228.4164,1772940600,33238.0746,33173.8732,33220.3729
33269.4668,1772940900,33314.425,33211.6399,33234.6643
33421.8886,1772941200,33426.1184,33275.0944,33276.6149
33400.5862,1772941500,33460.2892,33395.2509,33411.7322
33402.1057,1772941800,33488.8186,33398.7574,33408.9703
33469.0174,1772942100,33480.2194,33407.1829,33410.0936
33513.2231,1772942400,33534.4491,33439.2458,33467.9102
33311.1812,1772942700,33542.2211,33311.1812,33501.9989
33249.5426,1772943000,33301.7986,33222.2722,33300.9656
33235.2123,1772943300,33274.1593,33204.8906,33249.5586
33170.4419,1772943600,33248.7995,33152.0228,33230.2336
33146.34,1772943900,33185.9328,33118.3847,33158.3252
33134.4698,1772944200,33183.8967,33102.9299,33147.9779
33289.1709,1772944500,33289.1709,33120.5984,33122.4706
33221.6072,1772944800,33325.3647,33179.0797,33279.9921
33347.2916,1772945100,33355.9244,33183.1974,33225.791
33218.2246,1772945400,33377.2827,33215.3257,33345.3881
33188.5554,1772945700,33224.0824,33116.3823,33218.5587
33031.6463,1772946000,33190.4926,32993.6081,33190.4926
33044.309,1772946300,33100.8587,33017.0589,33029.3362
33024.9843,1772946600,33100.7181,33010.5388,33046.5707
33103.4847,1772946900,33103.4847,33005.3326,33024.0966
33037.8751,1772947200,33123.0786,33015.3464,33111.2854
32882.2445,1772947500,33042.1566,32877.9758,33042.1566
32838.8321,1772947800,32967.2291,32817.8484,32888.6141
32873.2798,1772948100,32911.861,32829.4719,32848.8841
32848.9357,1772948400,32923.2116,32833.1389,32880.7275
32629.6397,1772948700,32848.3327,32601.483,32848.3327
32694.6318,1772949000,32758.0468,32611.6722,32641.9592
32631.3738,1772949300,32713.3663,32624.7956,32690.4767
32649.3896,1772949600,32676.2238,32610.2831,32625.9131
32649.7032,1772949900,32688.321,32614.678,32641.6243
32706.1311,1772950200,32706.1311,32610.0459,32640.0731
32844.5404,1772950500,32892.1924,32706.8259,32713.8323
32839.2886,1772950800,32906.4594,32819.6828,32848.9239
32880.4745,1772951100,32953.7322,32832.1471,32840.9603
32929.6559,1772951400,32968.9605,32883.8494,32884.0692
33026.1914,1772951700,33036.3131,32912.9984,32927.72
32963.2973,1772952000,33076.7248,32952.5616,33042.0104
32883.9268,1772952300,32996.9522,32872.161,32962.8833
32835.1048,1772952600,32871.7608,32786.0921,32870.2191
32718.7492,1772952900,32858.0718,32713.12,32833.362
32542.5906,1772953200,32715.4058,32504.0308,32715.1679
32460.3064,1772953500,32544.7163,32430.3615,32542.7433
32339.1442,1772953800,32546.5083,32339.1442,32469.7984
32193.6357,1772954100,32353.3814,32183.2795,32337.5613
32200.4897,1772954400,32218.2568,32107.9281,32192.8712
32258.1684,1772954700,32282.0089,32173.7358,32195.2623
32263.79,1772955000,32312.1905,32210.5743,32259.934
32330.6329,1772955300,32373.6142,32260.1088,32262.0643
32211.3769,1772955600,32331.5919,32209.7699,32331.5919
32177.069,1772955900,32224.7337,32131.1261,32209.0833
32228.8963,1772956200,32246.1217,32169.9727,32176.2004
32405.336,1772956500,32431.7428,32223.0809,32239.4442
32330.8667,1772956800,32402.5528,32327.2625,32402.5528
32389.1091,1772957100,32451.963,32340.328,32340.328
32312.6836,1772957400,32414.0778,32296.1968,32387.8311
32321.3767,1772957700,32413.4658,32302.2248,32312.6841
32460.1782,1772958000,32479.9019,32315.6135,32320.3008
32531.9012,1772958300,32531.9012,32426.9609,32463.4567
32509.7243,1772958600,32609.3571,32486.5307,32543.1351
32392.0119,1772958900,32567.705,32391.9748,32505.6231
32323.3736,1772959200,32417.6806,32307.8681,32388.6493
32301.4984,1772959500,32375.7958,32293.4957,32317.5028
32278.8247,1772959800,32333.2361,32264.9273,32296.4899
32311.0991,1772960100,32337.3824,32231.2252,32276.4987
32396.9922,1772960400,32426.8709,32270.0657,32299.7088
32313.5097,1772960700,32439.4781,32311.9069,32402.6108
32166.7245,1772961000,32362.7666,32151.5915,32313.3049
32281.1095,1772961300,32281.1095,32154.5552,32163.4645
32249.6825,1772961600,32322.0479,32209.6594,32278.0345
32249.7487,1772961900,32291.7959,32182.9286,32245.1142
32376.2006,1772962200,32376.2006,32232.7153,32252.5722
32376.9976,1772962500,32420.2383,32326.2195,32374.0737
32399.9938,1772962800,32449.373,32364.2558,32370.6198
32567.0419,1772963100,32571.586,32380.971,32402.6803
32444.8539,1772963400,32577.9599,32411.8962,32562.8637
32478.5808,1772963700,32514.393,32409.8208,32446.4177
32508.3944,1772964000,32587.3916,32457.0008,32484.7948
32536.5583,1772964300,32561.3381,32504.0801,32527.4233
32353.5839,1772964600,32551.9855,32353.5839,32545.0818
32333.7671,1772964900,32418.8975,32309.0801,32360.9745
32303.8772,1772965200,32347.217,32280.9537,32340.1166
32395.133,1772965500,32426.4913,32309.6986,32309.6986
32311.0213,1772965800,32393.8631,32277.5492,32393.8631
32370.5275,1772966100,32388.1625,32305.7555,32320.0712
32292.464,1772966400,32379.3022,32283.8266,32367.0918
32429.847,1772966700,32434.0746,32236.6076,32288.3562
32506.7324,1772967000,32576.6192,32392.5341,32436.3477
32593.3201,1772967300,32604.6247,32503.2233,32517.7653
32535.2041,1772967600,32660.2056,32530.4277,32598.2017
32557.5025,1772967900,32614.1485,32521.9049,32530.1213
32547.8102,1772968200,32585.0479,32472.579,32545.8713
32641.8862,1772968500,32641.8862,32487.0755,32533.9369
32620.6482,1772968800,32666.842,32553.0396,32640.3281
32664.6889,1772969100,32751.1871,32622.8543,32625.7864
32703.4886,1772969400,32726.1243,32651.828,32660.1948
32614.6863,1772969700,32772.9375,32614.6863,32706.6236
32732.4826,1772970000,32732.7203,32576.7487,32610.2459
32759.5629,1772970300,32786.2785,32686.5028,32724.1225
32696.9596,1772970600,32806.3996,32686.4997,32757.3347
32572.9308,1772970900,32716.8778,32557.0623,32702.667
32504.8385,1772971200,32580.7734,32496.4428,32562.7265
32590.5666,1772971500,32623.9663,32486.5329,32506.9968
32574.4356,1772971800,32664.2518,32559.5992,32593.3956
32652.6503,1772972100,32657.9415,32527.7769,32572.7075
32628.8242,1772972400,32684.5574,32605.0459,32655.1971
32643.7218,1772972700,32668.1293,32587.024,32628.7121
32728.5622,1772973000,32783.2928,32643.3696,32662.0799
32922.8983,1772973300,32939.174,32703.779,32726.0333
32941.1837,1772973600,33018.3067,32904.1655,32926.0611
32905.0377,1772973900,32978.1987,32881.0027,32946.7276
32957.8828,1772974200,33004.9336,32845.9187,32907.9963
33092.0651,1772974500,33104.0023,32940.6514,32958.9364
33001.3858,1772974800,33082.1758,32991.9834,33078.7019
32878.0012,1772975100,32990.7769,32867.792,32990.7769
32814.0004,1772975400,32957.2409,32796.9574,32862.826
32909.4007,1772975700,32935.3921,32824.5572,32825.4014
32969.3005,1772976000,32969.3005,32879.7502,32913.5563
32834.4783,1772976300,32988.9672,32834.4783,32967.0855
32681.2965,1772976600,32835.696,32680.4715,32833.2983
32640.4188,1772976900,32689.2285,32602.4702,32684.2661
32717.1084,1772977200,32719.1455,32601.0034,32643.6351
32658.4651,1772977500,32733.4578,32654.7424,32712.986
32708.0384,1772977800,32731.8225,32625.5059,32645.5108
32778.0325,1772978100,32814.2291,32674.4315,32696.841
32743.5544,1772978400,32838.0859,32721.4876,32791.3288
32687.7221,1772978700,32748.0628,32657.5459,32739.8199
32686.2139,1772979000,32717.5438,32660.8029,32682.6073
32645.0409,1772979300,32739.8909,32625.6515,32688.4184
32676.8771,1772979600,32746.039,32626.245,32638.4773
32651.2823,1772979900,32703.4132,32649.9617,32687.2435
32740.815,1772980200,32789.5674,32629.4719,32647.7022
32708.8323,1772980500,32772.4929,32664.7142,32738.6609
32769.8908,1772980800,32837.0746,32707.8732,32707.8732
32834.6922,1772981100,32852.3256,32730.8012,32775.2125
32755.2022,1772981400,32844.5626,32708.7272,32829.3493
32867.7779,1772981700,32875.4861,32711.0532,32750.7839
32884.0444,1772982000,32911.5106,32852.8712,32870.6149
32860.8462,1772982300,32953.3835,32844.9574,32882.3202
32935.5264,1772982600,32966.9316,32849.7782,32861.2296
32929.7715,1772982900,33026.2749,32922.1571,32945.0934
32878.443,1772983200,32991.1741,32867.2545,32924.8327
32927.1835,1772983500,32953.1008,32816.1897,32888.446
32885.0008,1772983800,32928.0656,32864.2981,32915.5121
32912.21,1772984100,32980.4599,32841.8849,32884.6409
33005.351,1772984400,33005.351,32906.9415,32910.1169
33063.9946,1772984700,33093.4392,33002.1465,33003.2513
33004.5597,1772985000,33098.685,33004.5597,33064.725
32996.1802,1772985300,33047.9058,32940.3971,33003.8866
32982.9244,1772985600,33054.3975,32961.2987,32991.6014
32967.6042,1772985900,32997.0544,32915.3152,32986.6359
32908.7247,1772986200,32976.8926,32899.3615,32967.1625
32898.3836,1772986500,32940.6996,32890.8161,32921.555
